dest,name,type,country,nuts3,ownership,turnover_closed,gain_foreign,loss_domestic,net,n_shops,gain_pct,loss_pct,net_pct,net_per_shop
C1,Estella-Lizarra,city_centre,ES,ES220,chain,4.902e+05,0,-88.341,-88.341,4,0,-0.00018021,-0.00018021,-22.085
C1,Estella-Lizarra,city_centre,ES,ES220,independent,1.6135e+06,0,-6719.2,-6719.2,22,0,-0.0041644,-0.0041644,-305.42
C100,Lillers,city_centre,FR,FRE12,chain,1.6958e+07,1.2445e+05,-2.5946e+05,-1.3501e+05,4,0.0073388,-0.015301,-0.0079618,-33753
C100,Lillers,city_centre,FR,FRE12,independent,3.6951e+07,3.3439e+05,-7.2047e+05,-3.8607e+05,18,0.0090496,-0.019498,-0.010448,-21448
C101,Gravelines,city_centre,FR,FRE11,chain,1.6027e+07,4.4078e+05,-7.2154e+05,-2.8076e+05,4,0.027502,-0.04502,-0.017518,-70191
C101,Gravelines,city_centre,FR,FRE11,independent,2.6742e+07,9.666e+05,-1.3786e+06,-4.1196e+05,21,0.036145,-0.05155,-0.015405,-19617
C102,Grande-Synthe,city_centre,FR,FRE11,chain,1.4536e+07,9.2964e+05,-1.0053e+06,-75681,4,0.063955,-0.069162,-0.0052065,-18920
C102,Grande-Synthe,city_centre,FR,FRE11,independent,4.8788e+07,3.9284e+06,-3.8395e+06,88940,16,0.08052,-0.078697,0.001823,5558.7
C104,Dunkerque,city_centre,FR,FRE11,chain,1.7281e+08,1.8331e+07,-1.6168e+07,2.1627e+06,67,0.10608,-0.093561,0.012515,32280
C104,Dunkerque,city_centre,FR,FRE11,independent,5.0933e+08,5.3265e+07,-4.7279e+07,5.9864e+06,187,0.10458,-0.092826,0.011754,32013
C105,Santa Coloma de Farners,city_centre,ES,ES512,chain,6.972e+05,8173.8,-5078.3,3095.5,4,0.011724,-0.0072839,0.0044399,773.87
C105,Santa Coloma de Farners,city_centre,ES,ES512,independent,3.3103e+06,66652,-52212,14440,31,0.020135,-0.015772,0.0043622,465.81
C107,Salt,city_centre,ES,ES512,chain,6.1086e+06,1.6581e+05,-43275,1.2254e+05,7,0.027144,-0.0070842,0.02006,17506
C107,Salt,city_centre,ES,ES512,independent,1.7521e+07,7.1323e+05,-2.2235e+05,4.9088e+05,33,0.040706,-0.01269,0.028016,14875
C108,Gérone,city_centre,ES,ES512,chain,6.2228e+07,2.788e+06,-9.2294e+05,1.865e+06,67,0.044802,-0.014831,0.029971,27836
C108,Gérone,city_centre,ES,ES512,independent,2.8371e+08,1.9555e+07,-7.0552e+06,1.25e+07,666,0.068927,-0.024868,0.044059,18769
C109,Banyoles,city_centre,ES,ES512,chain,1.1826e+07,74664,-29029,45635,3,0.0063134,-0.0024546,0.0038588,15212
C109,Banyoles,city_centre,ES,ES512,independent,5.4209e+07,1.4933e+06,-7.4302e+05,7.5029e+05,84,0.027547,-0.013706,0.013841,8932
C110,Figueres,city_centre,ES,ES512,chain,6.0368e+07,6.1422e+06,-1.8781e+06,4.2641e+06,24,0.10175,-0.031111,0.070635,1.7767e+05
C110,Figueres,city_centre,ES,ES512,independent,3.0042e+08,3.7949e+07,-1.2265e+07,2.5684e+07,216,0.12632,-0.040826,0.085495,1.1891e+05
C111,Céret,city_centre,FR,FRJ15,chain,2.3105e+07,5.3569e+05,-1.9158e+06,-1.3802e+06,6,0.023185,-0.082919,-0.059734,-2.3003e+05
C111,Céret,city_centre,FR,FRJ15,independent,3.6345e+07,1.3414e+06,-3.3488e+06,-2.0074e+06,30,0.036906,-0.092137,-0.055231,-66913
C113,Thuir,city_centre,FR,FRJ15,chain,1.5738e+07,98570,-3.6225e+05,-2.6368e+05,5,0.0062633,-0.023018,-0.016755,-52737
C113,Thuir,city_centre,FR,FRJ15,independent,6.8411e+07,5.4819e+05,-1.8437e+06,-1.2955e+06,49,0.0080131,-0.02695,-0.018937,-26438
C115,Saint-Estève,city_centre,FR,FRJ15,chain,0,0,0,0,0,,,,
C115,Saint-Estève,city_centre,FR,FRJ15,independent,2.1606e+07,2.4176e+05,-6.3613e+05,-3.9437e+05,15,0.01119,-0.029443,-0.018253,-26291
C116,Perpignan,city_centre,FR,FRJ15,chain,1.7461e+08,1.5994e+06,-4.577e+06,-2.9776e+06,56,0.0091598,-0.026212,-0.017053,-53171
C116,Perpignan,city_centre,FR,FRJ15,independent,6.2566e+08,7.8854e+06,-2.1241e+07,-1.3356e+07,246,0.012603,-0.03395,-0.021346,-54291
C118,Rivesaltes,city_centre,FR,FRJ15,chain,9.4953e+06,33926,-1.3093e+05,-97008,3,0.0035729,-0.013789,-0.010216,-32336
C118,Rivesaltes,city_centre,FR,FRJ15,independent,2.7302e+07,1.4124e+05,-4.7922e+05,-3.3798e+05,20,0.0051734,-0.017553,-0.012379,-16899
C119,Elne,city_centre,FR,FRJ15,chain,1.3663e+07,97524,-4.3661e+05,-3.3909e+05,4,0.0071378,-0.031956,-0.024818,-84771
C119,Elne,city_centre,FR,FRJ15,independent,2.7571e+07,4.8956e+05,-1.5507e+06,-1.0611e+06,14,0.017756,-0.056244,-0.038487,-75795
C12,Ordizia,city_centre,ES,ES212,chain,4.3299e+06,1.5997e+05,-52124,1.0785e+05,4,0.036946,-0.012038,0.024908,26962
C12,Ordizia,city_centre,ES,ES212,independent,2.9109e+07,1.6547e+06,-6.6009e+05,9.9463e+05,74,0.056846,-0.022676,0.034169,13441
C121,Saint-Laurent-de-la-Salanque,city_centre,FR,FRJ15,chain,3.7439e+05,9082.8,-24112,-15029,1,0.02426,-0.064404,-0.040144,-15029
C121,Saint-Laurent-de-la-Salanque,city_centre,FR,FRJ15,independent,1.8813e+07,83786,-2.9939e+05,-2.156e+05,14,0.0044535,-0.015913,-0.01146,-15400
C122,Péronne,city_centre,FR,FRE23,chain,5.4705e+05,9219.4,-43457,-34238,4,0.016853,-0.07944,-0.062587,-8559.5
C122,Péronne,city_centre,FR,FRE23,independent,3.3424e+06,55106,-2.5971e+05,-2.0461e+05,25,0.016487,-0.077703,-0.061216,-8184.3
C123,Bapaume,city_centre,FR,FRE12,chain,9.8551e+06,2.8074e+05,-4.7052e+05,-1.8978e+05,10,0.028487,-0.047744,-0.019257,-18978
C123,Bapaume,city_centre,FR,FRE12,independent,8.9913e+06,3.5903e+05,-6.0215e+05,-2.4312e+05,18,0.039931,-0.066971,-0.02704,-13507
C124,Arras,city_centre,FR,FRE12,chain,1.3418e+08,3.4099e+06,-5.3338e+06,-1.9239e+06,53,0.025414,-0.039752,-0.014338,-36299
C124,Arras,city_centre,FR,FRE12,independent,2.8429e+08,9.6681e+06,-1.4943e+07,-5.275e+06,160,0.034008,-0.052564,-0.018555,-32969
C125,Bully-les-Mines,city_centre,FR,FRE12,chain,6.9161e+07,6.2103e+05,-1.1917e+06,-5.7068e+05,6,0.0089795,-0.017231,-0.0082515,-95114
C125,Bully-les-Mines,city_centre,FR,FRE12,independent,3.628e+07,5.1052e+05,-9.1393e+05,-4.0341e+05,12,0.014072,-0.025191,-0.011119,-33617
C126,Bruay-la-Buissière,city_centre,FR,FRE12,chain,1.885e+07,1.2381e+05,-3.2465e+05,-2.0084e+05,4,0.006568,-0.017223,-0.010655,-50211
C126,Bruay-la-Buissière,city_centre,FR,FRE12,independent,5.066e+07,4.1837e+05,-1.0732e+06,-6.5487e+05,22,0.0082585,-0.021185,-0.012927,-29767
C127,Nœux-les-Mines,city_centre,FR,FRE12,chain,1.1152e+07,93867,-1.9978e+05,-1.0591e+05,4,0.008417,-0.017914,-0.0094968,-26477
C127,Nœux-les-Mines,city_centre,FR,FRE12,independent,2.2189e+07,3.203e+05,-6.3771e+05,-3.1741e+05,11,0.014435,-0.02874,-0.014305,-28855
C128,Liévin,city_centre,FR,FRE12,chain,9.9483e+07,1.8007e+06,-2.9681e+06,-1.1673e+06,16,0.018101,-0.029835,-0.011734,-72958
C128,Liévin,city_centre,FR,FRE12,independent,1.5671e+07,7.1766e+05,-1.0999e+06,-3.8229e+05,8,0.045797,-0.070192,-0.024395,-47786
C13,Azpeitia,city_centre,ES,ES212,chain,2.9166e+06,99198,-27784,71414,5,0.034012,-0.0095262,0.024485,14283
C13,Azpeitia,city_centre,ES,ES212,independent,3.5734e+06,1.9316e+05,-74442,1.1871e+05,21,0.054054,-0.020832,0.033222,5653.1
C132,Lens,city_centre,FR,FRE12,chain,8.6992e+07,2.2526e+06,-3.4154e+06,-1.1628e+06,21,0.025895,-0.039261,-0.013366,-55370
C132,Lens,city_centre,FR,FRE12,independent,1.5689e+08,3.9326e+06,-5.9813e+06,-2.0487e+06,44,0.025067,-0.038125,-0.013059,-46562
C136,Hénin-Beaumont,city_centre,FR,FRE12,chain,3.5236e+07,1.4288e+06,-1.8238e+06,-3.9501e+05,8,0.040549,-0.051759,-0.01121,-49376
C136,Hénin-Beaumont,city_centre,FR,FRE12,independent,1.1032e+08,3.9398e+06,-5.0643e+06,-1.1245e+06,32,0.035711,-0.045904,-0.010193,-35141
C138,Courrières,city_centre,FR,FRE12,chain,1.7226e+07,4.4727e+05,-5.4465e+05,-97385,2,0.025964,-0.031618,-0.0056533,-48692
C138,Courrières,city_centre,FR,FRE12,independent,3.7345e+07,1.1932e+06,-1.4392e+06,-2.4602e+05,13,0.031949,-0.038537,-0.0065877,-18924
C139,Carvin,city_centre,FR,FRE11,chain,2.4808e+07,1.2818e+06,-1.3058e+06,-24023,8,0.051667,-0.052635,-0.00096835,-3002.9
C139,Carvin,city_centre,FR,FRE11,independent,6.6538e+07,4.1369e+06,-4.2198e+06,-82906,35,0.062174,-0.06342,-0.001246,-2368.7
C14,Tolosa,city_centre,ES,ES212,chain,1.9483e+07,9.0914e+05,-2.9556e+05,6.1359e+05,11,0.046665,-0.01517,0.031494,55781
C14,Tolosa,city_centre,ES,ES212,independent,9.4569e+07,5.9016e+06,-2.1898e+06,3.7118e+06,110,0.062405,-0.023156,0.039249,33743
C141,Béthune,city_centre,FR,FRE12,chain,1.6233e+08,1.9871e+06,-3.5956e+06,-1.6085e+06,28,0.012241,-0.022151,-0.0099091,-57447
C141,Béthune,city_centre,FR,FRE12,independent,2.2179e+08,4.9229e+06,-8.783e+06,-3.86e+06,64,0.022197,-0.039601,-0.017404,-60313
C142,Hazebrouck,city_centre,FR,FRE11,chain,2.6703e+07,2.0232e+06,-1.1352e+06,8.879e+05,10,0.075765,-0.042514,0.033251,88790
C142,Hazebrouck,city_centre,FR,FRE11,independent,9.6379e+07,7.2283e+06,-4.0082e+06,3.2201e+06,42,0.074999,-0.041588,0.033411,76670
C143,Bailleul,city_centre,FR,FRE11,chain,5.715e+06,1.1572e+06,-5.1231e+05,6.4492e+05,4,0.20249,-0.089643,0.11285,1.6123e+05
C143,Bailleul,city_centre,FR,FRE11,independent,4.3547e+07,8.7508e+06,-3.3383e+06,5.4125e+06,26,0.20095,-0.076661,0.12429,2.0817e+05
C144,Armentières,city_centre,FR,FRE11,chain,4.1757e+07,7.9589e+06,-3.5408e+06,4.4181e+06,15,0.1906,-0.084795,0.10581,2.9454e+05
C144,Armentières,city_centre,FR,FRE11,independent,1.44e+08,2.7474e+07,-1.2258e+07,1.5216e+07,64,0.19079,-0.085125,0.10567,2.3775e+05
C146,Haubourdin,city_centre,FR,FRE11,chain,5.3936e+06,6.3173e+05,-4.3226e+05,1.9946e+05,2,0.11712,-0.080143,0.036981,99732
C146,Haubourdin,city_centre,FR,FRE11,independent,6.006e+07,6.6968e+06,-4.501e+06,2.1958e+06,16,0.1115,-0.074943,0.03656,1.3724e+05
C149,Ypres,city_centre,BE,BE253,chain,3.9487e+07,3.1786e+06,-1.3324e+07,-1.0145e+07,8,0.080498,-0.33742,-0.25693,-1.2681e+06
C149,Ypres,city_centre,BE,BE253,independent,8.2124e+07,7.0066e+06,-2.7604e+07,-2.0598e+07,25,0.085318,-0.33613,-0.25081,-8.2391e+05
C15,Ondarroa,city_centre,ES,ES212,chain,2.3156e+05,8531.5,-2452.5,6079,1,0.036844,-0.010591,0.026253,6079
C15,Ondarroa,city_centre,ES,ES212,independent,2.2043e+06,1.6002e+05,-74103,85914,29,0.072595,-0.033618,0.038976,2962.5
C153,Furnes,city_centre,BE,BE258,chain,3.0255e+07,6.5137e+06,-5.4236e+06,1.0901e+06,7,0.21529,-0.17927,0.03603,1.5572e+05
C153,Furnes,city_centre,BE,BE258,independent,1.293e+07,2.877e+06,-2.482e+06,3.95e+05,8,0.22251,-0.19196,0.03055,49375
C154,La Panne,city_centre,BE,BE258,chain,3.1509e+07,8.9848e+06,-5.642e+06,3.3428e+06,12,0.28515,-0.17906,0.10609,2.7857e+05
C154,La Panne,city_centre,BE,BE258,independent,3.7189e+07,1.0673e+07,-7.0099e+06,3.6628e+06,27,0.28698,-0.18849,0.098491,1.3566e+05
C155,Coxyde,city_centre,BE,BE258,chain,3.2779e+07,5.7795e+06,-5.1977e+06,5.8176e+05,11,0.17632,-0.15857,0.017748,52887
C155,Coxyde,city_centre,BE,BE258,independent,9.9977e+07,1.9603e+07,-1.8637e+07,9.6587e+05,83,0.19607,-0.18641,0.0096609,11637
C156,Dixmude,city_centre,BE,BE252,chain,8.9175e+07,3.472e+06,-1.1435e+07,-7.9629e+06,12,0.038934,-0.12823,-0.089296,-6.6358e+05
C156,Dixmude,city_centre,BE,BE252,independent,2.8922e+07,1.4951e+06,-4.1624e+06,-2.6673e+06,13,0.051694,-0.14392,-0.092222,-2.0518e+05
C157,Nieuport,city_centre,BE,BE255,chain,8.6099e+06,9.453e+05,-9.571e+05,-11798,1,0.10979,-0.11116,-0.0013703,-11798
C157,Nieuport,city_centre,BE,BE255,independent,3.4218e+07,3.8759e+06,-3.9888e+06,-1.1284e+05,14,0.11327,-0.11657,-0.0032978,-8060.3
C158,Middelkerke,city_centre,BE,BE255,chain,1.8466e+07,9.0896e+05,-1.2222e+06,-3.1321e+05,4,0.049224,-0.066185,-0.016961,-78302
C158,Middelkerke,city_centre,BE,BE255,independent,2.9669e+07,1.7947e+06,-2.5183e+06,-7.2353e+05,21,0.060492,-0.084879,-0.024387,-34454
C160,Ostende,city_centre,BE,BE255,chain,1.9138e+08,9.9876e+06,-1.7504e+07,-7.5165e+06,65,0.052189,-0.091465,-0.039276,-1.1564e+05
C160,Ostende,city_centre,BE,BE255,independent,2.4637e+08,1.0182e+07,-1.8001e+07,-7.8188e+06,79,0.041329,-0.073065,-0.031736,-98972
C162,Sant Feliu de Guíxols,city_centre,ES,ES512,chain,8.9027e+05,3108.2,-14259,-11151,12,0.0034913,-0.016017,-0.012526,-929.26
C162,Sant Feliu de Guíxols,city_centre,ES,ES512,independent,3.235e+06,16085,-1.1009e+05,-94001,61,0.0049723,-0.03403,-0.029058,-1541
C163,Platja d'Aro,city_centre,ES,ES512,chain,1.0013e+06,3516.3,-34649,-31133,15,0.0035117,-0.034604,-0.031093,-2075.5
C163,Platja d'Aro,city_centre,ES,ES512,independent,2.5049e+06,8569.4,-83073,-74504,40,0.0034211,-0.033165,-0.029744,-1862.6
C164,Palamós,city_centre,ES,ES512,chain,6.0867e+05,337.24,-9295.3,-8958,6,0.00055405,-0.015271,-0.014717,-1493
C164,Palamós,city_centre,ES,ES512,independent,3.8071e+06,3631.3,-1.5306e+05,-1.4943e+05,69,0.00095383,-0.040204,-0.03925,-2165.6
C165,Palafrugell,city_centre,ES,ES512,chain,1.075e+06,3138.3,-20693,-17554,9,0.0029193,-0.019249,-0.01633,-1950.5
C165,Palafrugell,city_centre,ES,ES512,independent,9.8006e+06,51143,-4.4448e+05,-3.9334e+05,109,0.0052184,-0.045352,-0.040134,-3608.6
C166,la Bisbal d'Empordà,city_centre,ES,ES512,chain,1.8614e+06,17349,-17380,-31.576,5,0.0093204,-0.0093374,-1.6963e-05,-6.3151
C166,la Bisbal d'Empordà,city_centre,ES,ES512,independent,2.5756e+06,55814,-73774,-17960,24,0.02167,-0.028643,-0.0069731,-748.34
C167,Torroella de Montgrí,city_centre,ES,ES512,chain,8.7101e+06,1.2828e+05,-74062,54220,10,0.014728,-0.008503,0.006225,5422
C167,Torroella de Montgrí,city_centre,ES,ES512,independent,1.8468e+07,9.957e+05,-6.383e+05,3.574e+05,81,0.053916,-0.034563,0.019353,4412.4
C168,l'Escala,city_centre,ES,ES512,chain,4.7611e+06,58134,-33254,24880,2,0.01221,-0.0069845,0.0052257,12440
C168,l'Escala,city_centre,ES,ES512,independent,1.0425e+07,4.333e+05,-2.4005e+05,1.9326e+05,27,0.041564,-0.023026,0.018538,7157.7
C169,Roses,city_centre,ES,ES512,chain,4.9508e+07,1.5665e+06,-8.5545e+05,7.1108e+05,16,0.031642,-0.017279,0.014363,44443
C169,Roses,city_centre,ES,ES512,independent,7.1388e+07,3.0811e+06,-1.8016e+06,1.2795e+06,38,0.043159,-0.025237,0.017923,33670
C17,Zumaia,city_centre,ES,ES212,chain,1.4582e+07,5.8153e+05,-1.6598e+05,4.1555e+05,11,0.039879,-0.011382,0.028496,37777
C17,Zumaia,city_centre,ES,ES212,independent,2.5659e+07,1.5811e+06,-5.7537e+05,1.0057e+06,57,0.061619,-0.022424,0.039195,17644
C170,Argelès-sur-Mer,city_centre,FR,FRJ15,chain,1.1329e+07,1.0141e+05,-4.6127e+05,-3.5986e+05,3,0.0089519,-0.040717,-0.031765,-1.1995e+05
C170,Argelès-sur-Mer,city_centre,FR,FRJ15,independent,2.5898e+07,3.4664e+05,-1.2284e+06,-8.8171e+05,15,0.013385,-0.047431,-0.034046,-58781
C172,Canet-en-Roussillon,city_centre,FR,FRJ15,chain,9.3749e+06,24979,-1.2427e+05,-99294,2,0.0026644,-0.013256,-0.010591,-49647
C172,Canet-en-Roussillon,city_centre,FR,FRJ15,independent,1.807e+07,1.0626e+05,-4.0048e+05,-2.9423e+05,13,0.0058804,-0.022163,-0.016283,-22633
C173,Saint-Quentin,city_centre,FR,FRE21,chain,2.6132e+07,1.944e+05,-1.0786e+06,-8.8424e+05,50,0.007439,-0.041277,-0.033838,-17685
C173,Saint-Quentin,city_centre,FR,FRE21,independent,4.2836e+07,3.6125e+05,-1.9911e+06,-1.6299e+06,100,0.0084332,-0.046483,-0.03805,-16299
C174,Cambrai,city_centre,FR,FRE11,chain,1.2869e+08,3.1152e+06,-6.678e+06,-3.5628e+06,45,0.024207,-0.051893,-0.027685,-79173
C174,Cambrai,city_centre,FR,FRE11,independent,3.0798e+08,9.5569e+06,-1.9414e+07,-9.8572e+06,150,0.031031,-0.063037,-0.032006,-65714
C175,Douai,city_centre,FR,FRE11,chain,1.5158e+08,4.7659e+06,-7.7412e+06,-2.9753e+06,35,0.031442,-0.051071,-0.019629,-85008
C175,Douai,city_centre,FR,FRE11,independent,3.2618e+08,1.0479e+07,-1.6957e+07,-6.4771e+06,94,0.032128,-0.051986,-0.019858,-68906
C177,Somain,city_centre,FR,FRE11,chain,2.9366e+07,1.3211e+06,-2.1926e+06,-8.715e+05,9,0.044987,-0.074663,-0.029677,-96833
C177,Somain,city_centre,FR,FRE11,independent,5.2957e+07,2.9551e+06,-4.6044e+06,-1.6493e+06,26,0.055801,-0.086945,-0.031143,-63434
C178,Caudry,city_centre,FR,FRE11,chain,9.503e+06,44870,-2.9073e+05,-2.4586e+05,3,0.0047216,-0.030593,-0.025872,-81953
C178,Caudry,city_centre,FR,FRE11,independent,5.1623e+07,1.8741e+05,-1.3379e+06,-1.1505e+06,17,0.0036303,-0.025917,-0.022286,-67676
C18,Zarautz,city_centre,ES,ES212,chain,2.9304e+07,1.6139e+06,-3.9056e+05,1.2234e+06,13,0.055076,-0.013328,0.041748,94105
C18,Zarautz,city_centre,ES,ES212,independent,9.4472e+07,7.1119e+06,-2.2383e+06,4.8736e+06,110,0.075281,-0.023692,0.051588,44306
C181,Denain,city_centre,FR,FRE11,chain,3.2701e+07,1.9223e+06,-3.0616e+06,-1.1393e+06,10,0.058782,-0.093622,-0.03484,-1.1393e+05
C181,Denain,city_centre,FR,FRE11,independent,1.0845e+08,5.9466e+06,-9.7213e+06,-3.7747e+06,35,0.05483,-0.089635,-0.034805,-1.0785e+05
C182,Saint-Amand-les-Eaux,city_centre,FR,FRE11,chain,2.1586e+07,2.129e+06,-2.7457e+06,-6.1673e+05,9,0.098628,-0.1272,-0.028571,-68526
C182,Saint-Amand-les-Eaux,city_centre,FR,FRE11,independent,5.6907e+07,5.8466e+06,-7.4075e+06,-1.5609e+06,29,0.10274,-0.13017,-0.027429,-53824
C184,Seclin,city_centre,FR,FRE11,chain,1.668e+07,1.3805e+06,-1.0415e+06,3.3896e+05,2,0.082765,-0.062444,0.020322,1.6948e+05
C184,Seclin,city_centre,FR,FRE11,independent,3.3533e+07,3.1709e+06,-2.4487e+06,7.2225e+05,13,0.094561,-0.073023,0.021539,55558
C185,Loos,city_centre,FR,FRE11,chain,5.0365e+07,5.6291e+06,-3.6515e+06,1.9776e+06,7,0.11177,-0.072501,0.039265,2.8251e+05
C185,Loos,city_centre,FR,FRE11,independent,5.3075e+07,6.6314e+06,-4.469e+06,2.1624e+06,18,0.12494,-0.084203,0.040742,1.2013e+05
C187,Wattignies,city_centre,FR,FRE11,chain,7.9062e+07,8.1816e+06,-5.3589e+06,2.8227e+06,9,0.10348,-0.06778,0.035702,3.1363e+05
C187,Wattignies,city_centre,FR,FRE11,independent,3.6566e+07,4.446e+06,-3.06e+06,1.386e+06,9,0.12159,-0.083684,0.037904,1.54e+05
C189,Ronchin,city_centre,FR,FRE11,chain,5.2067e+07,5.9837e+06,-3.7198e+06,2.2639e+06,4,0.11492,-0.071442,0.043481,5.6598e+05
C189,Ronchin,city_centre,FR,FRE11,independent,3.815e+07,5.2714e+06,-3.4985e+06,1.7729e+06,12,0.13818,-0.091705,0.046471,1.4774e+05
C19,Andoain,city_centre,ES,ES212,chain,2.639e+07,1.6962e+06,-3.8898e+05,1.3073e+06,9,0.064275,-0.01474,0.049536,1.4525e+05
C19,Andoain,city_centre,ES,ES212,independent,5.6029e+07,4.5802e+06,-1.3416e+06,3.2385e+06,63,0.081747,-0.023945,0.057802,51405
C190,Lille,city_centre,FR,FRE11,chain,1.32e+09,2.0679e+08,-1.3557e+08,7.1225e+07,293,0.15666,-0.1027,0.05396,2.4309e+05
C190,Lille,city_centre,FR,FRE11,independent,2.0872e+09,3.4496e+08,-2.2993e+08,1.1504e+08,557,0.16527,-0.11016,0.055116,2.0653e+05
C191,Saint-André-lez-Lille,city_centre,FR,FRE11,chain,3.3778e+07,4.7743e+06,-2.6948e+06,2.0794e+06,6,0.14134,-0.079782,0.061563,3.4657e+05
C191,Saint-André-lez-Lille,city_centre,FR,FRE11,independent,4.5206e+07,7.4087e+06,-4.519e+06,2.8897e+06,18,0.16389,-0.099965,0.063924,1.6054e+05
C192,La Madeleine,city_centre,FR,FRE11,chain,8.2712e+07,1.2189e+07,-7.0507e+06,5.138e+06,11,0.14736,-0.085244,0.062119,4.6709e+05
C192,La Madeleine,city_centre,FR,FRE11,independent,1.8798e+08,2.9101e+07,-1.7223e+07,1.1878e+07,43,0.15481,-0.091622,0.063191,2.7624e+05
C193,Hellemmes,city_centre,FR,FRE11,chain,5.009e+06,6.4624e+05,-3.8901e+05,2.5723e+05,1,0.12902,-0.077662,0.051354,2.5723e+05
C193,Hellemmes,city_centre,FR,FRE11,independent,9.1145e+07,1.3391e+07,-8.4356e+06,4.955e+06,23,0.14691,-0.092551,0.054364,2.1543e+05
C194,Villeneuve-d'Ascq,city_centre,FR,FRE11,chain,2.4638e+08,5.1845e+07,-3.3557e+07,1.8288e+07,101,0.21043,-0.1362,0.074226,1.8107e+05
C194,Villeneuve-d'Ascq,city_centre,FR,FRE11,independent,1.132e+08,2.2151e+07,-1.3998e+07,8.1524e+06,29,0.19569,-0.12367,0.07202,2.8112e+05
C196,Comines,city_centre,FR,FRE11,chain,7.3094e+06,5.4487e+06,-8.873e+05,4.5614e+06,4,0.74544,-0.12139,0.62405,1.1404e+06
C196,Comines,city_centre,FR,FRE11,independent,1.362e+07,9.7131e+06,-1.743e+06,7.9701e+06,15,0.71315,-0.12797,0.58518,5.3134e+05
C198,Bondues,city_centre,FR,FRE11,chain,3.9823e+06,9.7088e+05,-3.9128e+05,5.796e+05,1,0.2438,-0.098254,0.14554,5.796e+05
C198,Bondues,city_centre,FR,FRE11,independent,4.0686e+07,1.1107e+07,-5.2251e+06,5.8823e+06,21,0.273,-0.12842,0.14458,2.8011e+05
C2,Altsasu / Alsasua,city_centre,ES,ES220,chain,1.2993e+06,16674,-6525.1,10149,3,0.012833,-0.005022,0.0078111,3383
C2,Altsasu / Alsasua,city_centre,ES,ES220,independent,7.2199e+06,1.778e+05,-1.0873e+05,69075,39,0.024627,-0.015059,0.0095673,1771.2
C200,Wasquehal,city_centre,FR,FRE11,chain,1.1152e+07,1.9202e+06,-1.064e+06,8.5615e+05,4,0.17218,-0.09541,0.07677,2.1404e+05
C200,Wasquehal,city_centre,FR,FRE11,independent,3.595e+07,6.0787e+06,-3.3382e+06,2.7405e+06,12,0.16909,-0.092857,0.076231,2.2837e+05
C201,Mouvaux,city_centre,FR,FRE11,chain,2.6017e+07,5.7297e+06,-2.7844e+06,2.9453e+06,4,0.22022,-0.10702,0.11321,7.3633e+05
C201,Mouvaux,city_centre,FR,FRE11,independent,3.9958e+07,9.0811e+06,-4.5169e+06,4.5642e+06,13,0.22727,-0.11304,0.11422,3.5109e+05
C204,Croix,city_centre,FR,FRE11,chain,2.2741e+07,3.7844e+06,-2.1511e+06,1.6333e+06,3,0.16641,-0.094591,0.071823,5.4444e+05
C204,Croix,city_centre,FR,FRE11,independent,3.5669e+07,6.4699e+06,-3.7986e+06,2.6713e+06,14,0.18139,-0.1065,0.074892,1.9081e+05
C205,Roubaix,city_centre,FR,FRE11,chain,1.5706e+08,3.327e+07,-2.0296e+07,1.2974e+07,45,0.21183,-0.12923,0.082604,2.8831e+05
C205,Roubaix,city_centre,FR,FRE11,independent,3.0831e+08,6.5655e+07,-4.0102e+07,2.5554e+07,74,0.21295,-0.13007,0.082883,3.4532e+05
C206,Lys-lez-Lannoy,city_centre,FR,FRE11,chain,1.7655e+07,3.6313e+06,-1.9035e+06,1.7277e+06,4,0.20568,-0.10782,0.09786,4.3194e+05
C206,Lys-lez-Lannoy,city_centre,FR,FRE11,independent,2.5779e+07,5.4019e+06,-2.8534e+06,2.5485e+06,11,0.20955,-0.11069,0.098859,2.3168e+05
C207,Wattrelos,city_centre,FR,FRE11,chain,4.6282e+07,1.2987e+07,-5.2443e+06,7.7427e+06,6,0.28061,-0.11331,0.16729,1.2905e+06
C207,Wattrelos,city_centre,FR,FRE11,independent,1.9457e+07,5.9424e+06,-2.6002e+06,3.3422e+06,9,0.3054,-0.13364,0.17177,3.7135e+05
C208,Tourcoing,city_centre,FR,FRE11,chain,1.0791e+08,3.1806e+07,-1.3226e+07,1.858e+07,23,0.29473,-0.12256,0.17218,8.0783e+05
C208,Tourcoing,city_centre,FR,FRE11,independent,1.9039e+08,5.7494e+07,-2.4606e+07,3.2888e+07,50,0.30198,-0.12924,0.17274,6.5776e+05
C210,Mouscron,city_centre,BE,BE254,chain,3.5251e+07,1.1372e+07,-1.0807e+07,5.6535e+05,5,0.3226,-0.30656,0.016038,1.1307e+05
C210,Mouscron,city_centre,BE,BE254,independent,4.2874e+07,1.4027e+07,-1.2769e+07,1.2581e+06,14,0.32717,-0.29782,0.029345,89868
C212,Wervicq,city_centre,BE,BE253,chain,2.3494e+07,5.629e+06,-8.6966e+06,-3.0676e+06,3,0.23959,-0.37016,-0.13057,-1.0225e+06
C212,Wervicq,city_centre,BE,BE253,independent,6.1982e+07,1.5395e+07,-2.2489e+07,-7.0932e+06,21,0.24839,-0.36283,-0.11444,-3.3777e+05
C213,Halluin,city_centre,FR,FRE11,chain,6.2837e+06,3.1917e+06,-8.1708e+05,2.3746e+06,3,0.50793,-0.13003,0.3779,7.9154e+05
C213,Halluin,city_centre,FR,FRE11,independent,1.0232e+08,5.201e+07,-1.3235e+07,3.8775e+07,38,0.5083,-0.12934,0.37896,1.0204e+06
C214,Menin,city_centre,BE,BE253,chain,6.95e+06,1.2096e+06,-2.0701e+06,-8.605e+05,3,0.17405,-0.29786,-0.12381,-2.8683e+05
C214,Menin,city_centre,BE,BE253,independent,1.0987e+08,1.8073e+07,-3.3119e+07,-1.5046e+07,38,0.16449,-0.30144,-0.13695,-3.9596e+05
C216,Moorslede,city_centre,BE,BE253,chain,6.6747e+06,3.6895e+05,-1.7422e+06,-1.3732e+06,1,0.055276,-0.26101,-0.20574,-1.3732e+06
C216,Moorslede,city_centre,BE,BE253,independent,1.6759e+07,1.5067e+06,-4.429e+06,-2.9223e+06,16,0.089902,-0.26427,-0.17437,-1.8264e+05
C217,Roulers,city_centre,BE,BE256,chain,1.291e+08,1.3298e+07,-2.4921e+07,-1.1623e+07,39,0.10301,-0.19304,-0.090032,-2.9802e+05
C217,Roulers,city_centre,BE,BE256,independent,5.1049e+08,4.7046e+07,-9.4773e+07,-4.7727e+07,192,0.092159,-0.18565,-0.093492,-2.4858e+05
C218,Courtrai,city_centre,BE,BE254,chain,3.8261e+08,5.9111e+07,-9.0848e+07,-3.1737e+07,50,0.15449,-0.23744,-0.082948,-6.3474e+05
C218,Courtrai,city_centre,BE,BE254,independent,5.1343e+08,8.2881e+07,-1.2234e+08,-3.946e+07,105,0.16142,-0.23828,-0.076855,-3.7581e+05
C22,Zizur Mayor / Zizur Nagusia,city_centre,ES,ES220,chain,3.216e+07,1.1969e+05,-16864,1.0283e+05,7,0.0037218,-0.00052439,0.0031975,14690
C22,Zizur Mayor / Zizur Nagusia,city_centre,ES,ES220,independent,5.5477e+07,2.5132e+05,-1.1744e+05,1.3389e+05,34,0.0045302,-0.0021168,0.0024133,3937.8
C221,Iseghem,city_centre,BE,BE256,chain,2.2452e+07,1.4984e+06,-3.8613e+06,-2.3629e+06,5,0.066736,-0.17198,-0.10524,-4.7258e+05
C221,Iseghem,city_centre,BE,BE256,independent,6.6436e+07,5.612e+06,-1.226e+07,-6.6484e+06,31,0.084473,-0.18455,-0.10007,-2.1447e+05
C222,Ingelmunster,city_centre,BE,BE256,chain,5.7326e+07,3.178e+06,-9.1526e+06,-5.9746e+06,5,0.055437,-0.15966,-0.10422,-1.1949e+06
C222,Ingelmunster,city_centre,BE,BE256,independent,5.6295e+07,3.4181e+06,-9.182e+06,-5.764e+06,11,0.060718,-0.16311,-0.10239,-5.24e+05
C223,Tournai,city_centre,BE,BE328,chain,9.5155e+07,2.6794e+07,-2.3446e+07,3.3475e+06,19,0.28158,-0.2464,0.03518,1.7619e+05
C223,Tournai,city_centre,BE,BE328,independent,4.8838e+08,1.5565e+08,-1.1914e+08,3.6513e+07,198,0.31872,-0.24395,0.074764,1.8441e+05
C225,Waregem,city_centre,BE,BE234,chain,1.5315e+08,1.6254e+07,-2.7815e+07,-1.1561e+07,25,0.10613,-0.18162,-0.075487,-4.6243e+05
C225,Waregem,city_centre,BE,BE234,independent,1.953e+08,2.5153e+07,-3.7836e+07,-1.2683e+07,74,0.12879,-0.19373,-0.064941,-1.7139e+05
C227,Thourout,city_centre,BE,BE251,chain,4.3249e+07,1.6919e+06,-4.5678e+06,-2.8759e+06,9,0.039119,-0.10562,-0.066497,-3.1954e+05
C227,Thourout,city_centre,BE,BE251,independent,6.5608e+07,2.9694e+06,-7.3961e+06,-4.4267e+06,21,0.04526,-0.11273,-0.067472,-2.1079e+05
C229,Tielt,city_centre,BE,BE257,chain,4.381e+07,2.9911e+06,-6.5299e+06,-3.5388e+06,11,0.068275,-0.14905,-0.080777,-3.2171e+05
C229,Tielt,city_centre,BE,BE257,independent,1.0746e+08,6.0118e+06,-1.4491e+07,-8.4789e+06,51,0.055946,-0.13485,-0.078906,-1.6625e+05
C23,Barañáin / Barañain,city_centre,ES,ES220,chain,8.327e+07,2.378e+05,-30021,2.0778e+05,11,0.0028557,-0.00036052,0.0024952,18889
C23,Barañáin / Barañain,city_centre,ES,ES220,independent,1.2271e+08,4.5407e+05,-2.566e+05,1.9747e+05,72,0.0037002,-0.002091,0.0016092,2742.7
C230,Oostkamp,city_centre,BE,BE251,chain,2.798e+07,1.3668e+06,-2.8059e+06,-1.4391e+06,11,0.04885,-0.10028,-0.051433,-1.3083e+05
C230,Oostkamp,city_centre,BE,BE251,independent,4.1683e+07,2.4939e+06,-4.7763e+06,-2.2824e+06,29,0.05983,-0.11459,-0.054756,-78703
C232,Le Coq,city_centre,BE,BE255,chain,7.4309e+06,1.8201e+05,-3.6257e+05,-1.8057e+05,4,0.024493,-0.048792,-0.024299,-45142
C232,Le Coq,city_centre,BE,BE255,independent,2.9752e+07,1.2853e+06,-2.5366e+06,-1.2513e+06,39,0.043201,-0.085257,-0.042056,-32084
C233,Blankenberghe,city_centre,BE,BE251,chain,3.3561e+07,1.9739e+06,-4.2375e+06,-2.2636e+06,34,0.058817,-0.12626,-0.067447,-66575
C233,Blankenberghe,city_centre,BE,BE251,independent,7.9878e+07,4.5011e+06,-9.7283e+06,-5.2273e+06,132,0.056349,-0.12179,-0.065441,-39600
C234,Bruges,city_centre,BE,BE251,chain,1.4425e+08,1.1533e+07,-2.0793e+07,-9.2597e+06,95,0.079951,-0.14414,-0.064191,-97471
C234,Bruges,city_centre,BE,BE251,independent,3.5129e+08,2.2127e+07,-4.2733e+07,-2.0606e+07,274,0.062987,-0.12164,-0.058658,-75205
C235,Knocke-Heist,city_centre,BE,BE251,chain,1.8483e+07,1.1847e+06,-2.5406e+06,-1.3559e+06,26,0.064097,-0.13746,-0.073361,-52151
C235,Knocke-Heist,city_centre,BE,BE251,independent,2.8465e+07,2.085e+06,-4.3623e+06,-2.2774e+06,74,0.073248,-0.15325,-0.080007,-30775
C236,Aeltre,city_centre,BE,BE234,chain,2.874e+07,6.0225e+05,-1.9588e+06,-1.3565e+06,7,0.020955,-0.068154,-0.047199,-1.9379e+05
C236,Aeltre,city_centre,BE,BE234,independent,6.8514e+07,2.6385e+06,-6.8697e+06,-4.2312e+06,45,0.03851,-0.10027,-0.061757,-94027
C237,Maldegem,city_centre,BE,BE233,chain,5.5915e+06,1.2502e+05,-4.0563e+05,-2.8062e+05,6,0.022358,-0.072544,-0.050186,-46769
C237,Maldegem,city_centre,BE,BE233,independent,9.8852e+06,3.4748e+05,-9.8579e+05,-6.3831e+05,20,0.035152,-0.099724,-0.064572,-31915
C238,Laon,city_centre,FR,FRE21,chain,2.4301e+06,859.45,-23246,-22387,8,0.00035367,-0.0095659,-0.0092122,-2798.3
C238,Laon,city_centre,FR,FRE21,independent,1.0792e+07,5712.9,-1.4832e+05,-1.426e+05,41,0.00052936,-0.013743,-0.013214,-3478.2
C239,Vervins,city_centre,FR,FRE21,chain,8.3268e+06,52949,-82438,-29489,2,0.0063588,-0.0099004,-0.0035415,-14745
C239,Vervins,city_centre,FR,FRE21,independent,3.2829e+07,4.1556e+05,-8.0736e+05,-3.918e+05,14,0.012658,-0.024593,-0.011935,-27985
C24,Tafalla,city_centre,ES,ES220,chain,0,0,0,0,2,,,,0
C24,Tafalla,city_centre,ES,ES220,independent,0,0,0,0,34,,,,0
C240,Le Cateau-Cambrésis,city_centre,FR,FRE11,chain,1.0069e+07,1.1867e+05,-5.1307e+05,-3.944e+05,5,0.011785,-0.050954,-0.039168,-78880
C240,Le Cateau-Cambrésis,city_centre,FR,FRE11,independent,5.9682e+07,5.5781e+05,-2.6214e+06,-2.0636e+06,21,0.0093463,-0.043922,-0.034576,-98266
C241,Le Quesnoy,city_centre,FR,FRE11,chain,2.7666e+07,1.3587e+06,-2.986e+06,-1.6272e+06,5,0.049112,-0.10793,-0.058817,-3.2545e+05
C241,Le Quesnoy,city_centre,FR,FRE11,independent,2.7366e+07,1.8598e+06,-3.475e+06,-1.6152e+06,15,0.06796,-0.12698,-0.059024,-1.0768e+05
C242,Avesnes-sur-Helpe,city_centre,FR,FRE11,chain,5.7498e+07,1.9922e+06,-5.961e+06,-3.9688e+06,7,0.034648,-0.10367,-0.069025,-5.6698e+05
C242,Avesnes-sur-Helpe,city_centre,FR,FRE11,independent,3.9669e+07,2.1193e+06,-5.4663e+06,-3.347e+06,17,0.053424,-0.1378,-0.084372,-1.9688e+05
C244,Bavay,city_centre,FR,FRE11,chain,2.7605e+07,2.8643e+06,-5.2083e+06,-2.344e+06,3,0.10376,-0.18867,-0.084911,-7.8132e+05
C244,Bavay,city_centre,FR,FRE11,independent,3.2101e+07,4.0398e+06,-6.6469e+06,-2.6071e+06,16,0.12585,-0.20706,-0.081216,-1.6294e+05
C245,Hautmont,city_centre,FR,FRE11,chain,2.6281e+07,1.5645e+06,-5.3924e+06,-3.8279e+06,3,0.059528,-0.20518,-0.14565,-1.276e+06
C245,Hautmont,city_centre,FR,FRE11,independent,2.3737e+07,1.7948e+06,-5.1908e+06,-3.3961e+06,11,0.07561,-0.21868,-0.14307,-3.0873e+05
C246,Maubeuge,city_centre,FR,FRE11,chain,1.3748e+08,1.601e+07,-3.5909e+07,-1.99e+07,17,0.11645,-0.26121,-0.14475,-1.1706e+06
C246,Maubeuge,city_centre,FR,FRE11,independent,1.5631e+08,2.0569e+07,-4.2196e+07,-2.1627e+07,38,0.13159,-0.26996,-0.13836,-5.6914e+05
C247,Anzin,city_centre,FR,FRE11,chain,2.6081e+07,1.9304e+06,-2.9813e+06,-1.0509e+06,6,0.074014,-0.11431,-0.040292,-1.7515e+05
C247,Anzin,city_centre,FR,FRE11,independent,4.8958e+07,3.7412e+06,-5.6851e+06,-1.9439e+06,18,0.076416,-0.11612,-0.039704,-1.0799e+05
C248,Valenciennes,city_centre,FR,FRE11,chain,2.8604e+08,3.0078e+07,-3.9442e+07,-9.3636e+06,70,0.10516,-0.13789,-0.032736,-1.3377e+05
C248,Valenciennes,city_centre,FR,FRE11,independent,5.9396e+08,5.8072e+07,-7.8516e+07,-2.0444e+07,166,0.097772,-0.13219,-0.034419,-1.2315e+05
C250,Saint-Saulve,city_centre,FR,FRE11,chain,2.9873e+07,2.9428e+06,-3.8476e+06,-9.0482e+05,4,0.098509,-0.1288,-0.030288,-2.2621e+05
C250,Saint-Saulve,city_centre,FR,FRE11,independent,5.3738e+07,5.4574e+06,-7.0304e+06,-1.573e+06,14,0.10156,-0.13083,-0.029271,-1.1235e+05
C253,Condé-sur-l'Escaut,city_centre,FR,FRE11,chain,2.0099e+07,4.2689e+06,-4.0171e+06,2.5179e+05,8,0.21239,-0.19986,0.012527,31474
C253,Condé-sur-l'Escaut,city_centre,FR,FRE11,independent,2.9467e+07,6.3642e+06,-5.9059e+06,4.5824e+05,17,0.21598,-0.20043,0.015551,26955
C255,Dour,city_centre,BE,BE323,chain,4.9912e+07,1.7259e+07,-7.3409e+06,9.918e+06,13,0.34578,-0.14708,0.19871,7.6292e+05
C255,Dour,city_centre,BE,BE323,independent,2.5525e+07,8.7851e+06,-3.7275e+06,5.0576e+06,18,0.34417,-0.14603,0.19814,2.8098e+05
C256,Boussu,city_centre,BE,BE323,chain,5.8154e+07,9.9094e+06,-6.1272e+06,3.7821e+06,6,0.1704,-0.10536,0.065036,6.3035e+05
C256,Boussu,city_centre,BE,BE323,independent,1.7146e+07,3.5072e+06,-2.1586e+06,1.3486e+06,10,0.20455,-0.12589,0.078652,1.3486e+05
C257,Saint-Ghislain,city_centre,BE,BE323,chain,2.1729e+07,4.4397e+06,-2.1853e+06,2.2544e+06,3,0.20432,-0.10057,0.10375,7.5148e+05
C257,Saint-Ghislain,city_centre,BE,BE323,independent,8.0902e+07,1.8938e+07,-1.0111e+07,8.827e+06,41,0.23408,-0.12498,0.10911,2.1529e+05
C259,Quaregnon,city_centre,BE,BE323,chain,1.4052e+07,2.1888e+06,-1.2743e+06,9.1448e+05,2,0.15576,-0.090683,0.065076,4.5724e+05
C259,Quaregnon,city_centre,BE,BE323,independent,5.9734e+07,1.0201e+07,-6.0263e+06,4.1745e+06,28,0.17077,-0.10089,0.069884,1.4909e+05
C26,Pampelune,city_centre,ES,ES220,chain,2.1571e+08,1.1311e+06,-4.2547e+05,7.0567e+05,55,0.0052439,-0.0019724,0.0032714,12830
C26,Pampelune,city_centre,ES,ES220,independent,6.4872e+08,3.9077e+06,-2.0926e+06,1.8151e+06,306,0.0060238,-0.0032258,0.002798,5931.8
C260,Frameries,city_centre,BE,BE323,chain,5.2852e+07,8.1108e+06,-4.0508e+06,4.06e+06,4,0.15346,-0.076644,0.076818,1.015e+06
C260,Frameries,city_centre,BE,BE323,independent,2.3051e+07,4.1029e+06,-2.1891e+06,1.9138e+06,11,0.17799,-0.094969,0.083023,1.7398e+05
C261,Mons,city_centre,BE,BE323,chain,1.0437e+08,1.6301e+07,-8.9923e+06,7.3085e+06,30,0.15619,-0.08616,0.070027,2.4362e+05
C261,Mons,city_centre,BE,BE323,independent,7.8491e+08,1.2418e+08,-6.8904e+07,5.5272e+07,246,0.1582,-0.087786,0.070419,2.2468e+05
C263,Leuze-en-Hainaut,city_centre,BE,BE328,chain,4.8074e+07,6.1813e+06,-6.9103e+06,-7.2901e+05,6,0.12858,-0.14374,-0.015164,-1.215e+05
C263,Leuze-en-Hainaut,city_centre,BE,BE328,independent,2.4024e+07,3.7473e+06,-3.7394e+06,7974.9,13,0.15598,-0.15565,0.00033195,613.46
C264,Renaix,city_centre,BE,BE235,chain,3.8307e+07,1.5874e+06,-3.6718e+06,-2.0844e+06,8,0.041438,-0.095851,-0.054413,-2.6055e+05
C264,Renaix,city_centre,BE,BE235,independent,2.3551e+07,1.0362e+06,-2.3078e+06,-1.2715e+06,9,0.044,-0.097989,-0.053989,-1.4128e+05
C266,Ath,city_centre,BE,BE32A,chain,1.162e+07,1.2227e+06,-1.3457e+06,-1.2305e+05,7,0.10522,-0.11581,-0.010589,-17579
C266,Ath,city_centre,BE,BE32A,independent,1.6152e+08,1.1885e+07,-1.5061e+07,-3.1751e+06,52,0.073586,-0.093244,-0.019658,-61060
C267,Lessines,city_centre,BE,BE32A,chain,1.0445e+07,3.8249e+05,-6.7726e+05,-2.9477e+05,1,0.036619,-0.06484,-0.028221,-2.9477e+05
C267,Lessines,city_centre,BE,BE32A,independent,4.7062e+07,2.9534e+06,-4.033e+06,-1.0796e+06,23,0.062756,-0.085696,-0.02294,-46939
C268,Audenarde,city_centre,BE,BE235,chain,9.4296e+07,4.4852e+06,-1.0404e+07,-5.9187e+06,22,0.047565,-0.11033,-0.062768,-2.6903e+05
C268,Audenarde,city_centre,BE,BE235,independent,7.4339e+07,4.835e+06,-9.7302e+06,-4.8952e+06,45,0.065041,-0.13089,-0.06585,-1.0878e+05
C269,Nazareth,city_centre,BE,BE234,chain,9.0286e+06,4.6705e+05,-1.0082e+06,-5.412e+05,2,0.05173,-0.11167,-0.059943,-2.706e+05
C269,Nazareth,city_centre,BE,BE234,independent,1.9937e+07,1.3865e+06,-2.561e+06,-1.1746e+06,15,0.069543,-0.12846,-0.058915,-78305
C27,Berriozar,city_centre,ES,ES220,chain,5.5402e+07,2.6784e+05,-64091,2.0375e+05,13,0.0048344,-0.0011568,0.0036776,15673
C27,Berriozar,city_centre,ES,ES220,independent,2.2072e+07,1.6653e+05,-1.1593e+05,50608,7,0.0075449,-0.0052521,0.0022928,7229.7
C271,Deynze,city_centre,BE,BE234,chain,5.369e+07,4.9613e+06,-8.2018e+06,-3.2405e+06,21,0.092406,-0.15276,-0.060355,-1.5431e+05
C271,Deynze,city_centre,BE,BE234,independent,1.3783e+08,9.2932e+06,-1.7622e+07,-8.3287e+06,64,0.067427,-0.12786,-0.060429,-1.3014e+05
C272,La Pinte,city_centre,BE,BE234,chain,1.4627e+07,8.0082e+05,-1.6822e+06,-8.8136e+05,4,0.05475,-0.11501,-0.060257,-2.2034e+05
C272,La Pinte,city_centre,BE,BE234,independent,2.6373e+07,1.7895e+06,-3.3543e+06,-1.5648e+06,18,0.067855,-0.12719,-0.059333,-86932
C273,Merelbeke,city_centre,BE,BE234,chain,1.1222e+07,6.5213e+05,-1.291e+06,-6.3887e+05,8,0.05811,-0.11504,-0.056929,-79859
C273,Merelbeke,city_centre,BE,BE234,independent,1.7655e+07,1.3561e+06,-2.4033e+06,-1.0472e+06,21,0.076814,-0.13613,-0.059315,-49866
C274,Zottegem,city_centre,BE,BE231,chain,1.6109e+07,7.0429e+05,-1.8745e+06,-1.1702e+06,16,0.043719,-0.11636,-0.072643,-73140
C274,Zottegem,city_centre,BE,BE231,independent,5.5545e+07,1.6645e+06,-4.8176e+06,-3.1531e+06,74,0.029966,-0.086733,-0.056767,-42610
C275,Grammont,city_centre,BE,BE231,chain,3.5493e+07,2.73e+06,-3.5835e+06,-8.5352e+05,20,0.076916,-0.10096,-0.024048,-42676
C275,Grammont,city_centre,BE,BE231,independent,9.1745e+07,6.17e+06,-8.3625e+06,-2.1924e+06,71,0.067251,-0.091149,-0.023897,-30880
C278,Lede,city_centre,BE,BE231,chain,4.2245e+06,1.3537e+05,-3.6103e+05,-2.2567e+05,5,0.032043,-0.085462,-0.053418,-45133
C278,Lede,city_centre,BE,BE231,independent,1.159e+07,4.4687e+05,-1.1526e+06,-7.0574e+05,24,0.038555,-0.099445,-0.06089,-29406
C279,Laethem-Saint-Martin,city_centre,BE,BE234,chain,9.9557e+05,27746,-78124,-50378,1,0.027869,-0.078471,-0.050602,-50378
C279,Laethem-Saint-Martin,city_centre,BE,BE234,independent,1.0481e+07,6.7556e+05,-1.3254e+06,-6.498e+05,16,0.064454,-0.12645,-0.061996,-40612
C28,Ansoáin / Antsoain,city_centre,ES,ES220,chain,5.5839e+07,3.2982e+05,-43731,2.8609e+05,8,0.0059065,-0.00078315,0.0051234,35761
C28,Ansoáin / Antsoain,city_centre,ES,ES220,independent,3.6674e+07,2.4568e+05,-65725,1.7995e+05,18,0.006699,-0.0017921,0.0049069,9997.4
C280,Gand,city_centre,BE,BE234,chain,1.5488e+08,1.2246e+07,-2.2198e+07,-9.9515e+06,136,0.079069,-0.14332,-0.064253,-73173
C280,Gand,city_centre,BE,BE234,independent,5.0425e+08,3.8486e+07,-7.0629e+07,-3.2143e+07,568,0.076323,-0.14007,-0.063745,-56590
C281,Gentbrugge,city_centre,BE,BE234,chain,3.4515e+06,1.6061e+05,-3.6417e+05,-2.0356e+05,3,0.046533,-0.10551,-0.058977,-67854
C281,Gentbrugge,city_centre,BE,BE234,independent,8.0918e+06,5.6815e+05,-1.0888e+06,-5.2063e+05,17,0.070213,-0.13455,-0.06434,-30625
C282,Eeklo,city_centre,BE,BE233,chain,1.3388e+07,7.7705e+05,-1.8372e+06,-1.0601e+06,20,0.058042,-0.13723,-0.079188,-53007
C282,Eeklo,city_centre,BE,BE233,independent,9.4283e+06,3.6599e+05,-9.4349e+05,-5.775e+05,19,0.038818,-0.10007,-0.061252,-30395
C287,Wetteren,city_centre,BE,BE232,chain,4.039e+06,1.93e+05,-4.5277e+05,-2.5977e+05,7,0.047783,-0.1121,-0.064316,-37110
C287,Wetteren,city_centre,BE,BE232,independent,2.3443e+07,1.309e+06,-2.9558e+06,-1.6468e+06,59,0.055837,-0.12608,-0.070247,-27912
C289,Lochristi,city_centre,BE,BE234,chain,1.4588e+07,1.0124e+06,-2.0279e+06,-1.0154e+06,12,0.069402,-0.13901,-0.069608,-84619
C289,Lochristi,city_centre,BE,BE234,independent,1.0454e+07,7.4514e+05,-1.4799e+06,-7.3475e+05,22,0.071276,-0.14156,-0.070282,-33398
C29,Burlada / Burlata,city_centre,ES,ES220,chain,1.8277e+07,1.1927e+05,-25779,93493,6,0.0065258,-0.0014104,0.0051154,15582
C29,Burlada / Burlata,city_centre,ES,ES220,independent,5.7144e+07,4.1477e+05,-1.3604e+05,2.7874e+05,29,0.0072584,-0.0023806,0.0048778,9611.6
C290,Locres,city_centre,BE,BE236,chain,3.7381e+06,2.3611e+05,-5.1895e+05,-2.8284e+05,10,0.063162,-0.13883,-0.075665,-28284
C290,Locres,city_centre,BE,BE236,independent,2.3608e+07,1.6157e+06,-3.4766e+06,-1.8609e+06,75,0.068438,-0.14726,-0.078823,-24811
C291,Assenede,city_centre,BE,BE233,chain,3.2887e+05,23564,-54584,-31020,2,0.071653,-0.16598,-0.094324,-15510
C291,Assenede,city_centre,BE,BE233,independent,2.0178e+06,1.1566e+05,-2.7852e+05,-1.6286e+05,15,0.05732,-0.13803,-0.08071,-10857
C293,Hirson,city_centre,FR,FRE21,chain,9.4559e+06,7.8923e+05,-7.9392e+05,-4685.2,6,0.083465,-0.08396,-0.00049548,-780.86
C293,Hirson,city_centre,FR,FRE21,independent,4.2731e+07,3.2451e+06,-2.0652e+06,1.1798e+06,18,0.075942,-0.048331,0.027611,65547
C294,Rethel,city_centre,FR,FRF21,chain,2.0546e+06,30918,-15582,15336,2,0.015048,-0.0075841,0.0074641,7668
C294,Rethel,city_centre,FR,FRF21,independent,1.6391e+07,3.2243e+05,-2.1435e+05,1.0808e+05,13,0.019672,-0.013078,0.0065939,8313.7
C295,Fourmies,city_centre,FR,FRE11,chain,3.3668e+07,2.2684e+06,-2.0461e+06,2.2234e+05,8,0.067377,-0.060773,0.0066039,27792
C295,Fourmies,city_centre,FR,FRE11,independent,1.1292e+08,7.8487e+06,-8.1127e+06,-2.6398e+05,39,0.069509,-0.071847,-0.0023379,-6768.8
C297,Binche,city_centre,BE,BE329,chain,3.2063e+07,2.5882e+06,-1.1679e+06,1.4202e+06,7,0.08072,-0.036425,0.044295,2.0289e+05
C297,Binche,city_centre,BE,BE329,independent,1.6807e+08,1.6223e+07,-8.4779e+06,7.7453e+06,71,0.096527,-0.050443,0.046084,1.0909e+05
C298,La Louvière,city_centre,BE,BE329,chain,5.6902e+07,2.6528e+06,-1.9504e+06,7.0241e+05,11,0.046621,-0.034277,0.012344,63856
C298,La Louvière,city_centre,BE,BE329,independent,3.2718e+08,1.9108e+07,-1.4581e+07,4.5277e+06,121,0.058403,-0.044565,0.013839,37419
C299,Chimay,city_centre,BE,BE32D,chain,3.9284e+07,3.793e+06,-7.6969e+06,-3.9039e+06,3,0.096553,-0.19593,-0.099375,-1.3013e+06
C299,Chimay,city_centre,BE,BE32D,independent,5.4965e+07,6.8453e+06,-1.0774e+07,-3.9291e+06,15,0.12454,-0.19602,-0.071483,-2.6194e+05
C3,Oñati,city_centre,ES,ES212,chain,3.8455e+05,5533.6,-5294,239.63,4,0.01439,-0.013767,0.00062314,59.907
C3,Oñati,city_centre,ES,ES212,independent,5.233e+06,1.2685e+05,-1.928e+05,-65954,82,0.02424,-0.036843,-0.012603,-804.31
C30,Sarriguren,city_centre,ES,ES220,chain,2.7276e+07,2.2877e+05,-28554,2.0022e+05,7,0.0083873,-0.0010468,0.0073405,28603
C30,Sarriguren,city_centre,ES,ES220,independent,2.9064e+07,2.5102e+05,-43875,2.0714e+05,16,0.0086368,-0.0015096,0.0071272,12947
C309,Morlanwelz,city_centre,BE,BE329,chain,1.2747e+07,3.8169e+05,-2.4179e+05,1.399e+05,1,0.029943,-0.018968,0.010975,1.399e+05
C309,Morlanwelz,city_centre,BE,BE329,independent,3.7808e+07,1.6866e+06,-1.2e+06,4.8662e+05,18,0.044609,-0.031739,0.012871,27034
C31,Villava / Atarrabia,city_centre,ES,ES220,chain,2.576e+07,1.852e+05,-27331,1.5787e+05,6,0.0071895,-0.001061,0.0061285,26312
C31,Villava / Atarrabia,city_centre,ES,ES220,independent,5.7936e+07,4.8464e+05,-1.4964e+05,3.35e+05,30,0.0083652,-0.0025829,0.0057823,11167
C311,Chapelle-lez-Herlaimont,city_centre,BE,BE329,chain,3.2937e+07,7.246e+05,-5.8317e+05,1.4144e+05,2,0.022,-0.017706,0.0042942,70718
C311,Chapelle-lez-Herlaimont,city_centre,BE,BE329,independent,8.1292e+07,2.2306e+06,-1.8204e+06,4.1015e+05,18,0.027439,-0.022394,0.0050454,22786
C314,Marcinelle,city_centre,BE,BE32B,chain,8.0103e+07,8.4501e+05,-1.0437e+06,-1.987e+05,5,0.010549,-0.01303,-0.0024806,-39741
C314,Marcinelle,city_centre,BE,BE32B,independent,7.1798e+07,1.2475e+06,-1.2948e+06,-47255,15,0.017376,-0.018034,-0.00065816,-3150.3
C315,Couillet,city_centre,BE,BE32B,chain,2.1344e+07,1.1503e+06,-9.0866e+05,2.4161e+05,12,0.053893,-0.042573,0.01132,20135
C315,Couillet,city_centre,BE,BE32B,independent,3.1829e+07,7.957e+05,-7.4209e+05,53608,6,0.024999,-0.023315,0.0016843,8934.7
C316,Charleroi,city_centre,BE,BE32B,chain,4.5381e+08,1.4849e+07,-1.3509e+07,1.3406e+06,83,0.032721,-0.029767,0.002954,16151
C316,Charleroi,city_centre,BE,BE32B,independent,5.0474e+08,1.7675e+07,-1.5917e+07,1.7586e+06,109,0.035018,-0.031534,0.0034842,16134
C318,Gosselies,city_centre,BE,BE32B,chain,6.7773e+07,8.3125e+05,-9.3578e+05,-1.0453e+05,7,0.012265,-0.013808,-0.0015424,-14934
C318,Gosselies,city_centre,BE,BE32B,independent,2.2404e+07,6.0172e+05,-5.9953e+05,2191.3,9,0.026858,-0.026761,9.781e-05,243.48
C319,Le Rœulx,city_centre,BE,BE329,chain,3.0635e+07,1.4451e+06,-9.2488e+05,5.2022e+05,3,0.047172,-0.030191,0.016981,1.7341e+05
C319,Le Rœulx,city_centre,BE,BE329,independent,2.4526e+07,1.7074e+06,-1.2016e+06,5.0577e+05,12,0.069616,-0.048994,0.020622,42148
C320,Soignies,city_centre,BE,BE32C,chain,4.1642e+07,2.3995e+06,-2.0253e+06,3.7417e+05,13,0.057622,-0.048637,0.0089853,28782
C320,Soignies,city_centre,BE,BE32C,independent,1.154e+08,6.8773e+06,-5.8173e+06,1.06e+06,51,0.059594,-0.050409,0.009185,20784
C322,Braine-le-Comte,city_centre,BE,BE310,chain,1.3281e+07,3.4348e+05,-3.3289e+05,10595,4,0.025862,-0.025065,0.00079778,2648.9
C322,Braine-le-Comte,city_centre,BE,BE310,independent,4.4341e+07,1.7119e+06,-1.6637e+06,48161,30,0.038608,-0.037521,0.0010861,1605.4
C323,Enghien,city_centre,BE,BE241,chain,1.7603e+07,6.6304e+05,-8.9022e+05,-2.2718e+05,7,0.037666,-0.050572,-0.012906,-32455
C323,Enghien,city_centre,BE,BE241,independent,4.6297e+07,2.9592e+06,-3.4569e+06,-4.9765e+05,33,0.063919,-0.074668,-0.010749,-15080
C324,Manage,city_centre,BE,BE329,chain,3.4105e+07,9.4151e+05,-7.1341e+05,2.281e+05,2,0.027606,-0.020918,0.0066882,1.1405e+05
C324,Manage,city_centre,BE,BE329,independent,5.4246e+07,2.2628e+06,-1.7987e+06,4.6408e+05,19,0.041713,-0.033158,0.0085551,24425
C328,Nivelles,city_centre,BE,BE310,chain,2.5019e+07,6.9322e+05,-6.059e+05,87314,7,0.027707,-0.024217,0.0034898,12473
C328,Nivelles,city_centre,BE,BE310,independent,1.5884e+08,6.1409e+06,-5.5794e+06,5.6151e+05,76,0.038662,-0.035126,0.0035352,7388.3
C329,Tubize,city_centre,BE,BE241,chain,5.651e+07,1.9928e+06,-2.497e+06,-5.0418e+05,16,0.035265,-0.044187,-0.0089219,-31511
C329,Tubize,city_centre,BE,BE241,independent,5.6259e+07,2.7338e+06,-3.2882e+06,-5.5443e+05,48,0.048593,-0.058448,-0.0098549,-11551
C33,Elizondo,city_centre,ES,ES220,chain,4.9599e+06,6.4126e+05,-2.0534e+05,4.3593e+05,2,0.12929,-0.041399,0.087889,2.1796e+05
C33,Elizondo,city_centre,ES,ES220,independent,1.6499e+07,2.4879e+06,-7.2409e+05,1.7638e+06,36,0.15079,-0.043888,0.10691,48995
C330,Hal,city_centre,BE,BE241,chain,6.5829e+07,2.9493e+06,-3.6746e+06,-7.2533e+05,32,0.044802,-0.055821,-0.011018,-22667
C330,Hal,city_centre,BE,BE241,independent,1.2713e+08,6.0388e+06,-7.4837e+06,-1.4449e+06,103,0.047501,-0.058866,-0.011365,-14028
C331,Braine-l'Alleud,city_centre,BE,BE310,chain,3.1364e+07,9.9045e+05,-1.1148e+06,-1.2438e+05,25,0.031579,-0.035544,-0.0039656,-4975.1
C331,Braine-l'Alleud,city_centre,BE,BE310,independent,4.3002e+07,1.698e+06,-1.9557e+06,-2.5767e+05,54,0.039486,-0.045478,-0.0059919,-4771.6
C334,Waterloo,city_centre,BE,BE241,chain,3.2782e+07,1.4853e+06,-1.7352e+06,-2.4998e+05,36,0.045307,-0.052933,-0.0076257,-6944
C334,Waterloo,city_centre,BE,BE241,independent,9.9911e+07,4.5951e+06,-5.3757e+06,-7.8061e+05,87,0.045992,-0.053805,-0.0078131,-8972.5
C335,Genappe,city_centre,BE,BE310,chain,2.7651e+07,4.3058e+05,-4.3554e+05,-4958.4,10,0.015572,-0.015751,-0.00017932,-495.84
C335,Genappe,city_centre,BE,BE310,independent,3.8165e+07,8.0489e+05,-8.687e+05,-63811,26,0.02109,-0.022762,-0.001672,-2454.3
C338,Ninove,city_centre,BE,BE231,chain,3.3175e+07,9.4534e+05,-2.6697e+06,-1.7244e+06,26,0.028495,-0.080474,-0.051978,-66322
C338,Ninove,city_centre,BE,BE231,independent,5.3829e+07,1.9478e+06,-5.2555e+06,-3.3077e+06,56,0.036185,-0.097632,-0.061447,-59066
C34,Hernani,city_centre,ES,ES212,chain,3.6582e+07,3.5408e+06,-6.1332e+05,2.9274e+06,10,0.09679,-0.016766,0.080024,2.9274e+05
C34,Hernani,city_centre,ES,ES212,independent,1.569e+08,1.8463e+07,-4.3957e+06,1.4068e+07,143,0.11768,-0.028016,0.089659,98375
C341,Haaltert,city_centre,BE,BE231,chain,4.9886e+06,82764,-2.6313e+05,-1.8036e+05,4,0.016591,-0.052746,-0.036156,-45091
C341,Haaltert,city_centre,BE,BE231,independent,5.5506e+06,2.0183e+05,-5.3453e+05,-3.327e+05,12,0.036362,-0.0963,-0.059938,-27725
C343,Alost,city_centre,BE,BE231,chain,4.8121e+07,1.701e+06,-4.4702e+06,-2.7692e+06,59,0.035348,-0.092896,-0.057548,-46936
C343,Alost,city_centre,BE,BE231,independent,6.0581e+07,2.4392e+06,-6.2796e+06,-3.8404e+06,98,0.040263,-0.10366,-0.063393,-39188
C344,Opwijk,city_centre,BE,BE232,chain,0,0,0,0,0,,,,
C344,Opwijk,city_centre,BE,BE232,independent,2.641e+06,28972,-1.9053e+05,-1.6156e+05,16,0.01097,-0.072141,-0.061171,-10097
C346,Dilbeek,city_centre,BE,BE100,chain,4.5122e+06,1.2699e+05,-2.1822e+05,-91228,5,0.028144,-0.048363,-0.020218,-18246
C346,Dilbeek,city_centre,BE,BE100,independent,5.4939e+06,2.2485e+05,-3.8486e+05,-1.6001e+05,10,0.040928,-0.070053,-0.029125,-16001
C347,Berchem-Sainte-Agathe,city_centre,BE,BE100,chain,3.4121e+06,65477,-1.2878e+05,-63303,3,0.01919,-0.037742,-0.018552,-21101
C347,Berchem-Sainte-Agathe,city_centre,BE,BE100,independent,6.7416e+06,1.5354e+05,-2.9891e+05,-1.4536e+05,15,0.022776,-0.044338,-0.021562,-9690.9
C348,Forest,city_centre,BE,BE100,chain,7.4051e+06,1.1393e+05,-1.6404e+05,-50114,5,0.015385,-0.022153,-0.0067674,-10023
C348,Forest,city_centre,BE,BE100,independent,7.1054e+06,1.8635e+05,-2.713e+05,-84947,14,0.026227,-0.038182,-0.011955,-6067.6
C349,Uccle,city_centre,BE,BE100,chain,3.1085e+07,1.0684e+06,-1.519e+06,-4.5063e+05,20,0.03437,-0.048866,-0.014497,-22531
C349,Uccle,city_centre,BE,BE100,independent,4.2354e+07,1.3052e+06,-1.8527e+06,-5.4748e+05,40,0.030816,-0.043743,-0.012926,-13687
C35,Saint-Sébastien,city_centre,ES,ES212,chain,2.586e+08,2.7898e+07,-6.2666e+06,2.1631e+07,121,0.10788,-0.024233,0.083648,1.7877e+05
C35,Saint-Sébastien,city_centre,ES,ES212,independent,8.0306e+08,9.9349e+07,-2.6057e+07,7.3292e+07,633,0.12371,-0.032447,0.091265,1.1579e+05
C350,Saint-Gilles,city_centre,BE,BE100,chain,1.5177e+07,2.5931e+05,-4.0637e+05,-1.4706e+05,12,0.017086,-0.026776,-0.0096896,-12255
C350,Saint-Gilles,city_centre,BE,BE100,independent,8.6161e+07,2.4746e+06,-3.9347e+06,-1.4601e+06,117,0.028721,-0.045667,-0.016946,-12479
C351,Anderlecht,city_centre,BE,BE100,chain,1.5719e+07,5.4579e+05,-9.0015e+05,-3.5436e+05,14,0.034721,-0.057264,-0.022543,-25311
C351,Anderlecht,city_centre,BE,BE100,independent,6.0077e+07,1.5901e+06,-2.6114e+06,-1.0214e+06,121,0.026467,-0.043468,-0.017001,-8441.1
C353,Molenbeek-Saint-Jean,city_centre,BE,BE100,chain,7.146e+06,99561,-1.8111e+05,-81552,5,0.013932,-0.025345,-0.011412,-16310
C353,Molenbeek-Saint-Jean,city_centre,BE,BE100,independent,5.9521e+07,2.0235e+06,-3.6503e+06,-1.6268e+06,96,0.033997,-0.061328,-0.027331,-16946
C354,Koekelberg,city_centre,BE,BE100,chain,2.5924e+06,36126,-70275,-34149,2,0.013936,-0.027108,-0.013173,-17074
C354,Koekelberg,city_centre,BE,BE100,independent,1.1568e+07,2.2485e+05,-4.3048e+05,-2.0563e+05,35,0.019436,-0.037212,-0.017775,-5875.2
C355,Ixelles,city_centre,BE,BE100,chain,6.8121e+07,2.4836e+06,-4.5404e+06,-2.0568e+06,86,0.036458,-0.066651,-0.030194,-23917
C355,Ixelles,city_centre,BE,BE100,independent,1.719e+08,6.007e+06,-1.0979e+07,-4.9719e+06,289,0.034944,-0.063866,-0.028922,-17204
C356,Etterbeek,city_centre,BE,BE100,chain,1.309e+07,1.7115e+05,-3.3192e+05,-1.6078e+05,18,0.013074,-0.025357,-0.012283,-8932.2
C356,Etterbeek,city_centre,BE,BE100,independent,3.7808e+07,1.0302e+06,-2.0222e+06,-9.9202e+05,90,0.027249,-0.053487,-0.026239,-11022
C357,Bruxelles,city_centre,BE,BE100,chain,1.3521e+08,4.8998e+06,-9.0661e+06,-4.1663e+06,205,0.036237,-0.06705,-0.030813,-20323
C357,Bruxelles,city_centre,BE,BE100,independent,5.4921e+08,2.0477e+07,-3.7895e+07,-1.7418e+07,924,0.037285,-0.069,-0.031715,-18851
C358,Saint-Josse-ten-Noode,city_centre,BE,BE100,chain,7.1961e+06,1.4584e+05,-2.6921e+05,-1.2337e+05,11,0.020266,-0.03741,-0.017144,-11216
C358,Saint-Josse-ten-Noode,city_centre,BE,BE100,independent,3.9231e+07,1.1153e+06,-2.0531e+06,-9.378e+05,70,0.028428,-0.052333,-0.023905,-13397
C359,Schaerbeek,city_centre,BE,BE100,chain,6.0112e+06,72491,-1.5134e+05,-78853,6,0.012059,-0.025177,-0.013118,-13142
C359,Schaerbeek,city_centre,BE,BE100,independent,4.002e+07,9.0572e+05,-1.9003e+06,-9.9461e+05,107,0.022632,-0.047484,-0.024853,-9295.4
C36,Errenteria,city_centre,ES,ES212,chain,5.7243e+07,1.121e+07,-1.4126e+06,9.7975e+06,18,0.19583,-0.024677,0.17116,5.443e+05
C36,Errenteria,city_centre,ES,ES212,independent,1.3304e+08,2.7729e+07,-4.4028e+06,2.3326e+07,128,0.20842,-0.033093,0.17533,1.8223e+05
C360,Evere,city_centre,BE,BE100,chain,4.3962e+06,43734,-1.0247e+05,-58732,5,0.009948,-0.023308,-0.01336,-11746
C360,Evere,city_centre,BE,BE100,independent,6.0035e+06,95462,-2.3454e+05,-1.3908e+05,25,0.015901,-0.039067,-0.023166,-5563
C361,Asse,city_centre,BE,BE241,chain,2.0916e+06,81321,-1.7677e+05,-95447,6,0.03888,-0.084513,-0.045633,-15908
C361,Asse,city_centre,BE,BE241,independent,4.1601e+06,1.5178e+05,-3.3156e+05,-1.7978e+05,12,0.036484,-0.0797,-0.043216,-14982
C362,Merchtem,city_centre,BE,BE241,chain,4.3712e+06,35607,-1.8623e+05,-1.5063e+05,13,0.0081458,-0.042605,-0.034459,-11587
C362,Merchtem,city_centre,BE,BE241,independent,1.7374e+06,22630,-1.265e+05,-1.0388e+05,9,0.013025,-0.072814,-0.059789,-11542
C363,Jette,city_centre,BE,BE100,chain,2.11e+07,6.6516e+05,-1.3059e+06,-6.407e+05,24,0.031525,-0.06189,-0.030366,-26696
C363,Jette,city_centre,BE,BE100,independent,5.5962e+07,1.7029e+06,-3.346e+06,-1.6431e+06,121,0.03043,-0.059791,-0.029361,-13579
C364,Wemmel,city_centre,BE,BE241,chain,2.7184e+06,66963,-1.3354e+05,-66579,4,0.024633,-0.049125,-0.024492,-16645
C364,Wemmel,city_centre,BE,BE241,independent,2.0028e+07,6.5825e+05,-1.3048e+06,-6.4656e+05,34,0.032867,-0.06515,-0.032283,-19016
C366,Grimbergen,city_centre,BE,BE241,chain,1.1699e+06,25924,-65506,-39582,5,0.022159,-0.055991,-0.033833,-7916.4
C366,Grimbergen,city_centre,BE,BE241,independent,8.2056e+06,2.0585e+05,-5.2123e+05,-3.1538e+05,29,0.025086,-0.063521,-0.038435,-10875
C367,Watermael-Boitsfort,city_centre,BE,BE100,chain,2.4382e+06,43130,-66644,-23514,4,0.017689,-0.027334,-0.0096443,-5878.6
C367,Watermael-Boitsfort,city_centre,BE,BE100,independent,5.4864e+06,91598,-1.4054e+05,-48946,11,0.016695,-0.025617,-0.0089214,-4449.7
C368,Auderghem,city_centre,BE,BE100,chain,9.8575e+06,1.5927e+05,-2.6895e+05,-1.0968e+05,10,0.016157,-0.027284,-0.011127,-10968
C368,Auderghem,city_centre,BE,BE100,independent,1.9179e+07,5.1475e+05,-9.2378e+05,-4.0903e+05,38,0.026839,-0.048166,-0.021327,-10764
C369,Hoeilaert,city_centre,BE,BE241,chain,4.1928e+06,52877,-60982,-8105.5,3,0.012611,-0.014544,-0.0019332,-2701.8
C369,Hoeilaert,city_centre,BE,BE241,independent,1.0235e+07,2.619e+05,-3.9327e+05,-1.3137e+05,19,0.02559,-0.038426,-0.012836,-6914
C37,Pasaia,city_centre,ES,ES212,chain,2.0795e+07,2.7616e+06,-3.9446e+05,2.3671e+06,5,0.1328,-0.018969,0.11383,4.7343e+05
C37,Pasaia,city_centre,ES,ES212,independent,2.6313e+07,3.725e+06,-6.2321e+05,3.1018e+06,22,0.14156,-0.023684,0.11788,1.4099e+05
C371,Woluwe-Saint-Lambert,city_centre,BE,BE100,chain,5.2159e+06,53896,-1.1635e+05,-62456,6,0.010333,-0.022307,-0.011974,-10409
C371,Woluwe-Saint-Lambert,city_centre,BE,BE100,independent,8.2727e+06,1.6092e+05,-3.6001e+05,-1.9909e+05,23,0.019452,-0.043517,-0.024066,-8656
C373,Machelen,city_centre,BE,BE100,chain,1.2572e+06,16180,-47373,-31192,3,0.01287,-0.037682,-0.024811,-10397
C373,Machelen,city_centre,BE,BE100,independent,4.0634e+06,72903,-2.2019e+05,-1.4729e+05,14,0.017941,-0.054189,-0.036248,-10520
C375,Vilvorde,city_centre,BE,BE100,chain,1.1649e+07,1.8315e+05,-8.2106e+05,-6.3791e+05,21,0.015722,-0.070481,-0.054759,-30377
C375,Vilvorde,city_centre,BE,BE100,independent,1.045e+07,1.5107e+05,-6.7126e+05,-5.2019e+05,35,0.014457,-0.064236,-0.04978,-14862
C376,Berlare,city_centre,BE,BE232,chain,2.1154e+05,12985,-29812,-16828,1,0.06138,-0.14093,-0.079547,-16828
C376,Berlare,city_centre,BE,BE232,independent,2.3517e+06,1.1245e+05,-2.6984e+05,-1.5739e+05,14,0.047816,-0.11474,-0.066926,-11242
C377,Selles,city_centre,BE,BE232,chain,3.3933e+06,1.6044e+05,-3.7698e+05,-2.1654e+05,7,0.047282,-0.11109,-0.063813,-30934
C377,Selles,city_centre,BE,BE232,independent,9.5786e+06,5.6866e+05,-1.2506e+06,-6.8193e+05,32,0.059367,-0.13056,-0.071193,-21310
C378,Lebbeke,city_centre,BE,BE232,chain,2.125e+06,41456,-1.2124e+05,-79787,5,0.019508,-0.057054,-0.037546,-15957
C378,Lebbeke,city_centre,BE,BE232,independent,2.6257e+06,1.0723e+05,-2.8114e+05,-1.7391e+05,13,0.040838,-0.10707,-0.066232,-13378
C379,Termonde,city_centre,BE,BE232,chain,1.0628e+07,5.2143e+05,-1.2392e+06,-7.1774e+05,20,0.049064,-0.1166,-0.067534,-35887
C379,Termonde,city_centre,BE,BE232,independent,4.457e+06,2.3521e+05,-5.5141e+05,-3.162e+05,18,0.052773,-0.12372,-0.070945,-17567
C38,Oiartzun,city_centre,ES,ES212,chain,0,0,0,0,0,,,,
C38,Oiartzun,city_centre,ES,ES212,independent,1.4696e+07,3.2643e+06,-4.1889e+05,2.8454e+06,23,0.22211,-0.028503,0.19361,1.2371e+05
C380,Vouziers,city_centre,FR,FRF21,chain,2.474e+06,9879.6,-42684,-32804,2,0.0039934,-0.017253,-0.01326,-16402
C380,Vouziers,city_centre,FR,FRF21,independent,9.3586e+06,64595,-3.0256e+05,-2.3796e+05,22,0.0069022,-0.032329,-0.025427,-10816
C381,Sedan,city_centre,FR,FRF21,chain,5.1772e+07,7.2971e+06,-1.7805e+06,5.5166e+06,10,0.14095,-0.034391,0.10656,5.5166e+05
C381,Sedan,city_centre,FR,FRF21,independent,7.2386e+07,1.0234e+07,-2.6041e+06,7.6294e+06,24,0.14137,-0.035976,0.1054,3.1789e+05
C382,Charleville-Mézières,city_centre,FR,FRF21,chain,1.4672e+08,1.0257e+07,-8.1254e+06,2.1321e+06,49,0.069913,-0.055381,0.014532,43512
C382,Charleville-Mézières,city_centre,FR,FRF21,independent,4.7493e+08,2.9501e+07,-2.0482e+07,9.019e+06,107,0.062116,-0.043126,0.01899,84289
C383,Philippeville,city_centre,BE,BE353,chain,5.8353e+07,3.6026e+06,-4.5484e+06,-9.4589e+05,10,0.061737,-0.077947,-0.01621,-94589
C383,Philippeville,city_centre,BE,BE353,independent,3.3432e+07,2.2541e+06,-2.6342e+06,-3.8012e+05,5,0.067422,-0.078792,-0.01137,-76025
C386,Beauraing,city_centre,BE,BE351,chain,2.3899e+07,2.9394e+06,-4.1366e+06,-1.1972e+06,3,0.12299,-0.17309,-0.050096,-3.9908e+05
C386,Beauraing,city_centre,BE,BE351,independent,5.5244e+07,6.7865e+06,-1.0188e+07,-3.4012e+06,24,0.12285,-0.18441,-0.061568,-1.4172e+05
C388,Dinant,city_centre,BE,BE351,chain,1.0083e+07,4.6418e+05,-5.9173e+05,-1.2754e+05,4,0.046037,-0.058687,-0.01265,-31886
C388,Dinant,city_centre,BE,BE351,independent,8.523e+07,3.9922e+06,-5.2488e+06,-1.2566e+06,30,0.046841,-0.061584,-0.014743,-41885
C39,Irun,city_centre,ES,ES212,chain,5.2247e+07,2.295e+07,-2.2425e+06,2.0707e+07,36,0.43925,-0.042921,0.39633,5.752e+05
C39,Irun,city_centre,ES,ES212,independent,2.5902e+08,1.1192e+08,-1.2889e+07,9.9029e+07,297,0.43208,-0.049759,0.38232,3.3343e+05
C397,Jambes,city_centre,BE,BE352,chain,6.1428e+07,4.9842e+05,-1.3293e+06,-8.3086e+05,8,0.0081139,-0.02164,-0.013526,-1.0386e+05
C397,Jambes,city_centre,BE,BE352,independent,5.588e+07,4.4444e+05,-1.1821e+06,-7.3764e+05,27,0.0079535,-0.021154,-0.013201,-27320
C398,Namur,city_centre,BE,BE352,chain,2.5273e+08,2.7736e+06,-7.1624e+06,-4.3888e+06,74,0.010974,-0.02834,-0.017366,-59309
C398,Namur,city_centre,BE,BE352,independent,7.4968e+08,7.1973e+06,-1.8342e+07,-1.1144e+07,292,0.0096005,-0.024466,-0.014865,-38165
C4,Arrasate / Mondragón,city_centre,ES,ES212,chain,6.5406e+05,15613,-13341,2272,6,0.023871,-0.020398,0.0034737,378.66
C4,Arrasate / Mondragón,city_centre,ES,ES212,independent,9.5875e+06,3.4541e+05,-3.7017e+05,-24767,62,0.036027,-0.03861,-0.0025832,-399.47
C40,Fontarrabie,city_centre,ES,ES212,chain,2.5875e+07,9.5695e+06,-8.8066e+05,8.6889e+06,6,0.36983,-0.034035,0.3358,1.4481e+06
C40,Fontarrabie,city_centre,ES,ES212,independent,2.5239e+07,9.3472e+06,-1.1818e+06,8.1654e+06,36,0.37035,-0.046824,0.32352,2.2682e+05
C400,Court-Saint-Etienne,city_centre,BE,BE310,chain,3.2879e+06,47068,-55030,-7962.6,3,0.014316,-0.016737,-0.0024218,-2654.2
C400,Court-Saint-Etienne,city_centre,BE,BE310,independent,5.978e+06,1.1764e+05,-1.4955e+05,-31910,12,0.019679,-0.025017,-0.0053379,-2659.2
C401,Rixensart,city_centre,BE,BE241,chain,1.7891e+06,17949,-22527,-4577.8,2,0.010032,-0.012591,-0.0025588,-2288.9
C401,Rixensart,city_centre,BE,BE241,independent,3.3052e+06,67217,-1.1719e+05,-49977,10,0.020337,-0.035458,-0.015121,-4997.7
C402,Ottignies-Louvain-la-Neuve,city_centre,BE,BE310,chain,6.1176e+06,78153,-1.0064e+05,-22487,6,0.012775,-0.016451,-0.0036758,-3747.9
C402,Ottignies-Louvain-la-Neuve,city_centre,BE,BE310,independent,1.8804e+07,4.1856e+05,-6.1279e+05,-1.9424e+05,23,0.022259,-0.032588,-0.010329,-8445.1
C403,Louvain-la-Neuve,city_centre,BE,BE310,chain,6.1105e+07,1.439e+06,-2.3497e+06,-9.107e+05,63,0.02355,-0.038454,-0.014904,-14456
C403,Louvain-la-Neuve,city_centre,BE,BE310,independent,7.3686e+07,1.7698e+06,-2.8973e+06,-1.1275e+06,90,0.024018,-0.03932,-0.015301,-12528
C404,Wavre,city_centre,BE,BE310,chain,1.9311e+07,2.8005e+05,-5.8654e+05,-3.0649e+05,30,0.014503,-0.030374,-0.015872,-10216
C404,Wavre,city_centre,BE,BE310,independent,5.9659e+07,1.0711e+06,-2.3031e+06,-1.232e+06,116,0.017954,-0.038604,-0.02065,-10621
C405,Gembloux,city_centre,BE,BE310,chain,1.3317e+07,80851,-1.5609e+05,-75236,6,0.0060713,-0.011721,-0.0056497,-12539
C405,Gembloux,city_centre,BE,BE310,independent,2.8412e+07,3.6926e+05,-7.1881e+05,-3.4955e+05,34,0.012997,-0.0253,-0.012303,-10281
C406,Chaumont-Gistoux,city_centre,BE,BE310,chain,0,0,0,0,0,,,,
C406,Chaumont-Gistoux,city_centre,BE,BE310,independent,6.1891e+06,59943,-1.6072e+05,-1.0078e+05,20,0.0096851,-0.025968,-0.016283,-5038.8
C408,Eghezée,city_centre,BE,BE352,chain,4.6552e+06,25033,-72877,-47844,4,0.0053774,-0.015655,-0.010278,-11961
C408,Eghezée,city_centre,BE,BE352,independent,1.027e+07,82778,-2.7535e+05,-1.9257e+05,17,0.0080602,-0.026811,-0.018751,-11328
C409,Jodoigne,city_centre,BE,BE310,chain,3.8422e+06,15572,-61509,-45937,9,0.004053,-0.016009,-0.011956,-5104.1
C409,Jodoigne,city_centre,BE,BE310,independent,1.3565e+07,70596,-2.8941e+05,-2.1881e+05,48,0.0052042,-0.021335,-0.016131,-4558.6
C413,Tervuren,city_centre,BE,BE241,chain,4.686e+06,82405,-1.6872e+05,-86316,8,0.017585,-0.036005,-0.01842,-10790
C413,Tervuren,city_centre,BE,BE241,independent,5.1294e+06,1.2061e+05,-2.6965e+05,-1.4904e+05,14,0.023513,-0.052568,-0.029055,-10646
C417,Ambérieu-en-Bugey,city_centre,FR,FRK21,chain,3.0514e+06,92665,-1.2852e+05,-35852,8,0.030367,-0.042117,-0.011749,-4481.5
C417,Ambérieu-en-Bugey,city_centre,FR,FRK21,independent,5.2715e+06,1.8757e+05,-2.4289e+05,-55321,21,0.035583,-0.046077,-0.010494,-2634.3
C418,Bourg-en-Bresse,city_centre,FR,FRK21,chain,8.4101e+06,4.399e+05,-4.8085e+05,-40954,47,0.052306,-0.057175,-0.0048697,-871.37
C418,Bourg-en-Bresse,city_centre,FR,FRK21,independent,2.1196e+07,7.7557e+05,-9.8566e+05,-2.1009e+05,100,0.03659,-0.046502,-0.0099117,-2100.9
C419,Louhans-Châteaurenaud,city_centre,FR,FRC13,chain,3.0716e+05,0,-3795,-3795,6,0,-0.012355,-0.012355,-632.5
C419,Louhans-Châteaurenaud,city_centre,FR,FRC13,independent,2.1934e+06,0,-27426,-27426,52,0,-0.012504,-0.012504,-527.43
C42,Saint-Jean-de-Luz,city_centre,FR,FRI15,chain,4.2572e+07,4.8082e+06,-1.5948e+07,-1.1139e+07,32,0.11294,-0.3746,-0.26166,-3.4811e+05
C42,Saint-Jean-de-Luz,city_centre,FR,FRI15,independent,2.5993e+08,3.0202e+07,-9.7204e+07,-6.7001e+07,215,0.11619,-0.37396,-0.25777,-3.1163e+05
C420,Verdun,city_centre,FR,FRF32,chain,1.5739e+07,3.0166e+05,-1.5834e+06,-1.2817e+06,16,0.019166,-0.1006,-0.081434,-80107
C420,Verdun,city_centre,FR,FRF32,independent,5.9702e+07,3.6432e+05,-2.7392e+06,-2.3749e+06,29,0.0061023,-0.045882,-0.03978,-81894
C423,Neufchâteau,city_centre,BE,BE344,chain,2.2403e+07,7.2143e+05,-4.8597e+06,-4.1383e+06,1,0.032203,-0.21692,-0.18472,-4.1383e+06
C423,Neufchâteau,city_centre,BE,BE344,independent,5.6268e+07,3.4444e+06,-1.4617e+07,-1.1173e+07,15,0.061214,-0.25978,-0.19857,-7.4487e+05
C424,Libramont-Chevigny,city_centre,BE,BE344,chain,4.4278e+07,9.7072e+05,-9.0699e+06,-8.0992e+06,3,0.021923,-0.20484,-0.18292,-2.6997e+06
C424,Libramont-Chevigny,city_centre,BE,BE344,independent,6.582e+07,2.6475e+06,-1.5291e+07,-1.2644e+07,15,0.040223,-0.23232,-0.19209,-8.429e+05
C425,Saint-Hubert,city_centre,BE,BE344,chain,3.445e+07,3.9792e+05,-4.7668e+06,-4.3689e+06,3,0.011551,-0.13837,-0.12682,-1.4563e+06
C425,Saint-Hubert,city_centre,BE,BE344,independent,2.6255e+07,8.9111e+05,-4.842e+06,-3.9509e+06,12,0.03394,-0.18442,-0.15048,-3.2924e+05
C426,Rochefort,city_centre,BE,BE351,chain,2.2424e+07,3.224e+05,-1.5252e+06,-1.2028e+06,6,0.014378,-0.068016,-0.053638,-2.0046e+05
C426,Rochefort,city_centre,BE,BE351,independent,7.9328e+07,1.1015e+06,-5.2473e+06,-4.1458e+06,24,0.013885,-0.066147,-0.052261,-1.7274e+05
C427,Ciney,city_centre,BE,BE351,chain,3.567e+07,6.3384e+05,-1.7612e+06,-1.1274e+06,10,0.017769,-0.049374,-0.031605,-1.1274e+05
C427,Ciney,city_centre,BE,BE351,independent,6.6924e+07,1.4885e+06,-4.7104e+06,-3.2219e+06,40,0.022242,-0.070384,-0.048142,-80547
C428,Marche-en-Famenne,city_centre,BE,BE343,chain,5.5337e+07,3.3958e+05,-1.8424e+06,-1.5028e+06,10,0.0061366,-0.033293,-0.027157,-1.5028e+05
C428,Marche-en-Famenne,city_centre,BE,BE343,independent,3.2532e+07,3.9689e+05,-2.0655e+06,-1.6686e+06,17,0.0122,-0.06349,-0.05129,-98152
C429,Andenne,city_centre,BE,BE331,chain,3.8403e+07,1.6126e+05,-5.3382e+05,-3.7256e+05,15,0.0041992,-0.013901,-0.0097014,-24837
C429,Andenne,city_centre,BE,BE331,independent,2.7024e+07,1.5528e+05,-5.3901e+05,-3.8373e+05,34,0.0057458,-0.019945,-0.0142,-11286
C43,Biarritz,city_centre,FR,FRI15,chain,5.4534e+07,2.2324e+06,-1.2351e+07,-1.0118e+07,23,0.040935,-0.22647,-0.18554,-4.3992e+05
C43,Biarritz,city_centre,FR,FRI15,independent,2.3025e+08,9.5914e+06,-5.2457e+07,-4.2866e+07,168,0.041656,-0.22783,-0.18617,-2.5515e+05
C430,Durbuy,city_centre,BE,BE343,chain,0,0,0,0,0,,,,
C430,Durbuy,city_centre,BE,BE343,independent,4.9257e+06,16338,-1.6098e+05,-1.4464e+05,14,0.0033168,-0.032681,-0.029364,-10331
C431,Huy,city_centre,BE,BE331,chain,5.2689e+06,16878,-89970,-73093,8,0.0032032,-0.017076,-0.013872,-9136.6
C431,Huy,city_centre,BE,BE331,independent,3.5081e+07,1.115e+05,-5.9402e+05,-4.8251e+05,57,0.0031785,-0.016933,-0.013754,-8465.2
C432,Wanze,city_centre,BE,BE331,chain,6.4632e+06,18671,-71789,-53118,7,0.0028888,-0.011107,-0.0082184,-7588.2
C432,Wanze,city_centre,BE,BE331,independent,7.9461e+06,34943,-1.4356e+05,-1.0861e+05,14,0.0043975,-0.018066,-0.013669,-7758.2
C433,Amay,city_centre,BE,BE331,chain,4.1339e+05,702.74,-6199.2,-5496.4,2,0.0017,-0.014996,-0.013296,-2748.2
C433,Amay,city_centre,BE,BE331,independent,3.9957e+06,5373.2,-45691,-40318,14,0.0013447,-0.011435,-0.01009,-2879.8
C434,Hannut,city_centre,BE,BE334,chain,2.7945e+06,6712.9,-27458,-20745,6,0.0024022,-0.0098258,-0.0074236,-3457.5
C434,Hannut,city_centre,BE,BE334,independent,1.6363e+07,76667,-3.3045e+05,-2.5379e+05,63,0.0046855,-0.020196,-0.01551,-4028.4
C435,Landen,city_centre,BE,BE224,chain,1.2979e+06,0,-9038.7,-9038.7,9,0,-0.0069642,-0.0069642,-1004.3
C435,Landen,city_centre,BE,BE224,independent,1.4161e+06,0,-15830,-15830,18,0,-0.011179,-0.011179,-879.47
C439,Jemeppe-sur-Meuse,city_centre,BE,BE332,chain,5.4119e+06,6645.6,-1.2699e+05,-1.2034e+05,10,0.001228,-0.023465,-0.022237,-12034
C439,Jemeppe-sur-Meuse,city_centre,BE,BE332,independent,7.542e+05,828.4,-15391,-14562,5,0.0010984,-0.020406,-0.019308,-2912.4
C44,Anglet,city_centre,FR,FRI15,chain,1.9149e+07,4.5726e+05,-3.6441e+06,-3.1868e+06,7,0.023879,-0.1903,-0.16642,-4.5526e+05
C44,Anglet,city_centre,FR,FRI15,independent,5.4578e+07,1.3188e+06,-1.0419e+07,-9.1002e+06,24,0.024164,-0.1909,-0.16674,-3.7918e+05
C440,Eybens,city_centre,FR,FRK24,chain,30252,0,-437.05,-437.05,1,0,-0.014447,-0.014447,-437.05
C440,Eybens,city_centre,FR,FRK24,independent,5.6423e+05,0,-3679.7,-3679.7,19,0,-0.0065216,-0.0065216,-193.67
C441,Saint-Martin-d'Hères,city_centre,FR,FRK24,chain,2.4821e+06,0,-33026,-33026,55,0,-0.013305,-0.013305,-600.47
C441,Saint-Martin-d'Hères,city_centre,FR,FRK24,independent,3.4689e+06,0,-48015,-48015,59,0,-0.013841,-0.013841,-813.81
C443,Chambéry,city_centre,FR,FRK27,chain,3.4382e+07,2.8999e+06,-1.604e+06,1.2959e+06,74,0.084343,-0.046653,0.03769,17512
C443,Chambéry,city_centre,FR,FRK27,independent,7.6308e+07,6.4493e+06,-3.5643e+06,2.885e+06,209,0.084516,-0.04671,0.037807,13804
C444,La Ravoire,city_centre,FR,FRK27,chain,2.0964e+06,1.2697e+05,-77150,49821,6,0.060566,-0.036801,0.023765,8303.4
C444,La Ravoire,city_centre,FR,FRK27,independent,6.7984e+06,5.5643e+05,-3.0104e+05,2.5538e+05,15,0.081847,-0.044282,0.037565,17026
C445,La Motte-Servolex,city_centre,FR,FRK27,chain,2.4898e+06,95613,-87316,8297.1,4,0.038401,-0.035069,0.0033324,2074.3
C445,La Motte-Servolex,city_centre,FR,FRK27,independent,3.3109e+06,2.1251e+05,-1.4189e+05,70623,14,0.064184,-0.042854,0.02133,5044.5
C446,Aix-les-Bains,city_centre,FR,FRK27,chain,2.8144e+07,1.8835e+06,-1.314e+06,5.6957e+05,30,0.066924,-0.046687,0.020237,18986
C446,Aix-les-Bains,city_centre,FR,FRK27,independent,6.4412e+07,5.7611e+06,-3.4324e+06,2.3287e+06,110,0.089441,-0.053289,0.036153,21170
C447,Belley,city_centre,FR,FRK21,chain,7.8688e+06,3940.9,-1.0595e+05,-1.0201e+05,6,0.00050083,-0.013465,-0.012964,-17002
C447,Belley,city_centre,FR,FRK21,independent,2.1663e+07,37234,-3.8962e+05,-3.5239e+05,50,0.0017188,-0.017986,-0.016267,-7047.7
C448,Rumilly,city_centre,FR,FRK28,chain,1.093e+07,4.1898e+05,-4.5233e+05,-33344,8,0.038332,-0.041383,-0.0030506,-4168
C448,Rumilly,city_centre,FR,FRK28,independent,3.8893e+07,1.21e+06,-1.5056e+06,-2.9566e+05,35,0.031111,-0.038712,-0.0076019,-8447.5
C449,Bellegarde-sur-Valserine,city_centre,FR,FRK21,chain,2.0822e+07,1.3445e+06,-2.2072e+06,-8.6273e+05,6,0.064571,-0.106,-0.041434,-1.4379e+05
C449,Bellegarde-sur-Valserine,city_centre,FR,FRK21,independent,7.0148e+07,5.8364e+06,-7.5772e+06,-1.7408e+06,35,0.083201,-0.10802,-0.024816,-49738
C45,Sangüesa / Zangoza,city_centre,ES,ES220,chain,0,0,0,0,7,,,,0
C45,Sangüesa / Zangoza,city_centre,ES,ES220,independent,0,0,0,0,27,,,,0
C451,Oyonnax,city_centre,FR,FRK21,chain,3.1439e+07,2.4267e+05,-7.523e+05,-5.0962e+05,8,0.0077189,-0.023929,-0.01621,-63703
C451,Oyonnax,city_centre,FR,FRK21,independent,9.0487e+07,5.8103e+05,-1.9877e+06,-1.4066e+06,24,0.0064211,-0.021966,-0.015545,-58610
C452,Saint-Claude,city_centre,FR,FRC22,chain,1.4647e+07,2.9644e+05,-6.4297e+05,-3.4654e+05,7,0.020239,-0.043899,-0.02366,-49505
C452,Saint-Claude,city_centre,FR,FRC22,independent,9.5481e+07,2.0437e+06,-4.4258e+06,-2.3822e+06,53,0.021404,-0.046353,-0.024949,-44947
C453,Lons-le-Saunier,city_centre,FR,FRC22,chain,1.4824e+07,2688.8,-3.0501e+05,-3.0232e+05,36,0.00018138,-0.020575,-0.020394,-8397.9
C453,Lons-le-Saunier,city_centre,FR,FRC22,independent,5.4564e+07,7802.9,-8.159e+05,-8.081e+05,116,0.00014301,-0.014953,-0.01481,-6966.3
C454,Poligny,city_centre,FR,FRC22,chain,7.9331e+05,438.73,-24212,-23773,4,0.00055303,-0.030521,-0.029967,-5943.4
C454,Poligny,city_centre,FR,FRC22,independent,9.9061e+06,3880,-1.5984e+05,-1.5596e+05,36,0.00039168,-0.016136,-0.015744,-4332.3
C455,Champagnole,city_centre,FR,FRC22,chain,4.0278e+07,1.6907e+05,-6.6865e+05,-4.9959e+05,17,0.0041975,-0.016601,-0.012404,-29387
C455,Champagnole,city_centre,FR,FRC22,independent,7.7906e+07,4.0271e+05,-1.6612e+06,-1.2585e+06,55,0.0051692,-0.021324,-0.016155,-22882
C457,Jarny,city_centre,FR,FRF31,chain,1.3281e+06,2.1745e+05,-3.0034e+05,-82895,2,0.16373,-0.22614,-0.062416,-41448
C457,Jarny,city_centre,FR,FRF31,independent,1.878e+07,6.8208e+05,-1.843e+06,-1.1609e+06,12,0.036319,-0.098133,-0.061814,-96740
C459,Esch-sur-Alzette,city_centre,LU,LU000,chain,2.3415e+07,5.0282e+06,-5.9463e+06,-9.1804e+05,6,0.21475,-0.25395,-0.039208,-1.5301e+05
C459,Esch-sur-Alzette,city_centre,LU,LU000,independent,7.7569e+07,1.4688e+07,-2.3824e+07,-9.1358e+06,12,0.18936,-0.30714,-0.11778,-7.6132e+05
C460,Virton,city_centre,BE,BE345,chain,1.1607e+08,2.6973e+07,-3.95e+07,-1.2528e+07,10,0.23238,-0.34031,-0.10793,-1.2528e+06
C460,Virton,city_centre,BE,BE345,independent,4.1722e+07,1.0918e+07,-1.6524e+07,-5.6068e+06,16,0.26168,-0.39606,-0.13438,-3.5042e+05
C463,Arlon,city_centre,BE,BE341,chain,5.9724e+07,2.0853e+07,-2.3413e+07,-2.5598e+06,6,0.34916,-0.39202,-0.04286,-4.2663e+05
C463,Arlon,city_centre,BE,BE341,independent,2.2677e+08,9.1406e+07,-9.7354e+07,-5.9485e+06,62,0.40309,-0.42932,-0.026232,-95943
C464,Differdange,city_centre,LU,LU000,chain,7.4134e+07,2.1223e+07,-1.3119e+07,8.1048e+06,7,0.28629,-0.17696,0.10933,1.1578e+06
C464,Differdange,city_centre,LU,LU000,independent,2.9064e+08,7.1935e+07,-7.0735e+07,1.2001e+06,62,0.24751,-0.24338,0.0041293,19357
C465,Pétange,city_centre,LU,LU000,chain,2.1028e+07,8.1559e+06,-3.7775e+06,4.3784e+06,2,0.38785,-0.17964,0.20821,2.1892e+06
C465,Pétange,city_centre,LU,LU000,independent,4.5151e+07,1.4793e+07,-1.0812e+07,3.9812e+06,15,0.32765,-0.23947,0.088174,2.6541e+05
C467,Bastogne,city_centre,BE,BE342,chain,2.2408e+07,2.9273e+06,-5.6267e+06,-2.6994e+06,7,0.13064,-0.25111,-0.12047,-3.8563e+05
C467,Bastogne,city_centre,BE,BE342,independent,4.6866e+07,7.251e+06,-1.3779e+07,-6.5278e+06,28,0.15472,-0.29401,-0.13929,-2.3314e+05
C47,Bayonne,city_centre,FR,FRI15,chain,1.574e+08,3.2972e+06,-2.7761e+07,-2.4464e+07,46,0.020948,-0.17637,-0.15542,-5.3182e+05
C47,Bayonne,city_centre,FR,FRI15,independent,6.3352e+08,1.5137e+07,-1.1706e+08,-1.0193e+08,323,0.023893,-0.18478,-0.16089,-3.1556e+05
C472,Esneux,city_centre,BE,BE332,chain,1.7889e+05,460.94,-2212.9,-1752,1,0.0025767,-0.012371,-0.0097938,-1752
C472,Esneux,city_centre,BE,BE332,independent,2.1469e+06,11304,-1.4545e+05,-1.3415e+05,23,0.0052653,-0.067748,-0.062483,-5832.4
C475,Seraing,city_centre,BE,BE332,chain,1.4436e+06,1088.9,-19401,-18312,5,0.00075432,-0.01344,-0.012686,-3662.5
C475,Seraing,city_centre,BE,BE332,independent,1.9432e+06,1783.1,-34364,-32581,11,0.0009176,-0.017685,-0.016767,-2961.9
C476,Digne-les-Bains,city_centre,FR,FRL01,chain,4.3362e+05,0,0,0,17,0,0,0,0
C476,Digne-les-Bains,city_centre,FR,FRL01,independent,1.5987e+06,0,0,0,65,0,0,0,0
C477,Gap,city_centre,FR,FRL02,chain,2.749e+06,0,0,0,31,0,0,0,0
C477,Gap,city_centre,FR,FRL02,independent,1.1086e+07,0,0,0,140,0,0,0,0
C478,Embrun,city_centre,FR,FRL02,chain,1.2029e+07,1233.4,-322.17,911.23,5,0.00010253,-2.6782e-05,7.5752e-05,182.25
C478,Embrun,city_centre,FR,FRL02,independent,3.5629e+07,5396,-3658.8,1737.1,30,0.00015145,-0.00010269,4.8756e-05,57.904
C479,Saint-Jean-de-Maurienne,city_centre,FR,FRK27,chain,1.0663e+07,3.7322e+05,-2.7437e+05,98852,5,0.035001,-0.025731,0.0092704,19770
C479,Saint-Jean-de-Maurienne,city_centre,FR,FRK27,independent,7.1209e+07,2.4436e+06,-1.6647e+06,7.7888e+05,40,0.034316,-0.023378,0.010938,19472
C480,Albertville,city_centre,FR,FRK27,chain,2.5697e+07,1.3524e+05,-1.4811e+05,-12868,17,0.0052631,-0.0057638,-0.00050078,-756.96
C480,Albertville,city_centre,FR,FRK27,independent,9.199e+07,4.5215e+05,-5.0201e+05,-49861,55,0.0049152,-0.0054572,-0.00054202,-906.56
C481,Annecy,city_centre,FR,FRK28,chain,3.1404e+08,4.227e+07,-2.1852e+07,2.0418e+07,180,0.1346,-0.069584,0.065017,1.1343e+05
C481,Annecy,city_centre,FR,FRK28,independent,7.6143e+08,9.0261e+07,-5.0261e+07,4e+07,410,0.11854,-0.066009,0.052533,97561
C482,Saint-Julien-en-Genevois,city_centre,FR,FRK28,chain,4.9964e+07,2.6603e+07,-1.024e+07,1.6363e+07,7,0.53243,-0.20494,0.32749,2.3375e+06
C482,Saint-Julien-en-Genevois,city_centre,FR,FRK28,independent,1.1874e+08,6.6191e+07,-2.2782e+07,4.341e+07,41,0.55747,-0.19187,0.3656,1.0588e+06
C483,La Roche-sur-Foron,city_centre,FR,FRK28,chain,3.7903e+07,5.3248e+06,-4.5842e+06,7.4058e+05,9,0.14048,-0.12095,0.019539,82286
C483,La Roche-sur-Foron,city_centre,FR,FRK28,independent,1.3957e+08,2.2754e+07,-1.6978e+07,5.7755e+06,60,0.16303,-0.12165,0.041381,96258
C484,Bonneville,city_centre,FR,FRK28,chain,1.3966e+07,1.5231e+06,-1.6344e+06,-1.1134e+05,2,0.10906,-0.11703,-0.0079722,-55669
C484,Bonneville,city_centre,FR,FRK28,independent,5.917e+07,6.5619e+06,-6.9308e+06,-3.6884e+05,14,0.1109,-0.11713,-0.0062336,-26346
C486,Saint-Genis-Pouilly,city_centre,FR,FRK21,chain,1.0838e+07,5.1593e+06,-2.903e+06,2.2563e+06,2,0.47602,-0.26784,0.20818,1.1282e+06
C486,Saint-Genis-Pouilly,city_centre,FR,FRK21,independent,3.3267e+07,1.6918e+07,-8.4699e+06,8.4476e+06,19,0.50853,-0.2546,0.25393,4.4461e+05
C488,Meyrin,city_centre,CH,CH013,chain,4.0663e+07,5.2751e+06,-7.4203e+06,-2.1452e+06,8,0.12973,-0.18248,-0.052754,-2.6815e+05
C488,Meyrin,city_centre,CH,CH013,independent,1.5217e+08,1.9246e+07,-3.248e+07,-1.3234e+07,25,0.12648,-0.21345,-0.086968,-5.2935e+05
C49,Dax,city_centre,FR,FRI13,chain,4.6114e+06,1.0186e+05,-8.1778e+05,-7.1592e+05,12,0.022088,-0.17734,-0.15525,-59660
C49,Dax,city_centre,FR,FRI13,independent,2.0221e+07,1.9957e+05,-2.4668e+06,-2.2672e+06,72,0.0098693,-0.12199,-0.11212,-31489
C490,Plan-les-Ouates,city_centre,CH,CH013,chain,4.9327e+07,6.4006e+06,-8.4338e+06,-2.0332e+06,4,0.12976,-0.17098,-0.041219,-5.0831e+05
C490,Plan-les-Ouates,city_centre,CH,CH013,independent,4.9602e+07,6.4485e+06,-9.329e+06,-2.8806e+06,13,0.13,-0.18808,-0.058073,-2.2158e+05
C492,Lancy,city_centre,CH,CH013,chain,9.4347e+07,1.0657e+07,-1.6128e+07,-5.4711e+06,7,0.11296,-0.17095,-0.057989,-7.8158e+05
C492,Lancy,city_centre,CH,CH013,independent,1.5167e+08,1.7601e+07,-3.1484e+07,-1.3884e+07,14,0.11605,-0.20758,-0.091537,-9.9168e+05
C493,Carouge,city_centre,CH,CH013,chain,1.2914e+08,1.607e+07,-2.2939e+07,-6.8693e+06,14,0.12443,-0.17762,-0.053191,-4.9066e+05
C493,Carouge,city_centre,CH,CH013,independent,4.5558e+08,5.7676e+07,-1.0231e+08,-4.4629e+07,119,0.1266,-0.22456,-0.097962,-3.7504e+05
C494,Genève,city_centre,CH,CH013,chain,9.0935e+08,1.0551e+08,-1.7279e+08,-6.7281e+07,114,0.11603,-0.19002,-0.073988,-5.9019e+05
C494,Genève,city_centre,CH,CH013,independent,2.1751e+09,2.5387e+08,-4.3894e+08,-1.8507e+08,595,0.11672,-0.2018,-0.085084,-3.1104e+05
C497,Ferney-Voltaire,city_centre,FR,FRK21,chain,1.6526e+07,1.0713e+07,-4.3577e+06,6.3555e+06,3,0.64825,-0.26368,0.38457,2.1185e+06
C497,Ferney-Voltaire,city_centre,FR,FRK21,independent,7.5469e+07,5.0282e+07,-1.9133e+07,3.1149e+07,31,0.66626,-0.25352,0.41274,1.0048e+06
C5,Antzuola,city_centre,ES,ES212,chain,2.7215e+05,6363.3,-2468.2,3895.1,1,0.023382,-0.0090693,0.014312,3895.1
C5,Antzuola,city_centre,ES,ES212,independent,1.0618e+06,43656,-24019,19637,14,0.041114,-0.02262,0.018494,1402.7
C50,Saint-Paul-lès-Dax,city_centre,FR,FRI13,chain,7.487e+05,10097,-1.0439e+05,-94290,5,0.013486,-0.13942,-0.12594,-18858
C50,Saint-Paul-lès-Dax,city_centre,FR,FRI13,independent,3.9498e+06,52149,-5.4593e+05,-4.9378e+05,20,0.013203,-0.13822,-0.12501,-24689
C500,Annemasse,city_centre,FR,FRK28,chain,1.706e+08,6.9655e+07,-2.9446e+07,4.0209e+07,65,0.4083,-0.1726,0.23569,6.186e+05
C500,Annemasse,city_centre,FR,FRK28,independent,3.1225e+08,1.2642e+08,-5.413e+07,7.2293e+07,129,0.40487,-0.17335,0.23152,5.6041e+05
C502,Versoix,city_centre,CH,CH011,chain,6.385e+07,6.5886e+06,-1.0078e+07,-3.4894e+06,6,0.10319,-0.15784,-0.05465,-5.8157e+05
C502,Versoix,city_centre,CH,CH011,independent,2.1776e+07,2.2972e+06,-4.4525e+06,-2.1553e+06,13,0.10549,-0.20447,-0.098975,-1.6579e+05
C503,Divonne-les-Bains,city_centre,FR,FRK21,chain,1.3273e+07,9.7561e+06,-3.7654e+06,5.9907e+06,6,0.73503,-0.28369,0.45134,9.9844e+05
C503,Divonne-les-Bains,city_centre,FR,FRK21,independent,4.1248e+07,3.1989e+07,-1.1108e+07,2.0881e+07,33,0.77553,-0.2693,0.50623,6.3275e+05
C504,Nyon,city_centre,CH,CH011,chain,1.0407e+08,6.0219e+06,-1.4711e+07,-8.689e+06,29,0.057863,-0.14135,-0.08349,-2.9962e+05
C504,Nyon,city_centre,CH,CH011,independent,2.8335e+08,1.7042e+07,-4.1806e+07,-2.4763e+07,135,0.060146,-0.14754,-0.087394,-1.8343e+05
C506,Thonon-les-Bains,city_centre,FR,FRK28,chain,7.0488e+07,4.3276e+06,-5.0326e+06,-7.0496e+05,22,0.061395,-0.071396,-0.010001,-32044
C506,Thonon-les-Bains,city_centre,FR,FRK28,independent,1.1543e+08,1.0476e+07,-9.7609e+06,7.1562e+05,63,0.090763,-0.084564,0.0061998,11359
C507,Morges,city_centre,CH,CH011,chain,1.6657e+08,2.7786e+06,-8.7617e+06,-5.9831e+06,30,0.016681,-0.0526,-0.035919,-1.9944e+05
C507,Morges,city_centre,CH,CH011,independent,4.3395e+08,8.3554e+06,-2.6481e+07,-1.8126e+07,132,0.019254,-0.061024,-0.04177,-1.3732e+05
C508,Pontarlier,city_centre,FR,FRC21,chain,7.2248e+07,1.3744e+07,-4.379e+06,9.3651e+06,37,0.19024,-0.060611,0.12962,2.5311e+05
C508,Pontarlier,city_centre,FR,FRC21,independent,1.6603e+08,3.1753e+07,-1.0308e+07,2.1445e+07,105,0.19125,-0.062086,0.12916,2.0424e+05
C509,Besançon,city_centre,FR,FRC21,chain,4.8624e+07,63783,-1.15e+06,-1.0862e+06,114,0.0013118,-0.02365,-0.022339,-9528.1
C509,Besançon,city_centre,FR,FRC21,independent,1.1916e+08,1.3861e+05,-2.4585e+06,-2.3199e+06,333,0.0011632,-0.020631,-0.019468,-6966.6
C51,Jaca,city_centre,ES,ES241,chain,2.411e+07,5.2875e+05,-8481.8,5.2026e+05,19,0.021931,-0.0003518,0.021579,27382
C51,Jaca,city_centre,ES,ES241,independent,7.5543e+07,1.9092e+06,-64766,1.8445e+06,139,0.025273,-0.00085734,0.024416,13270
C510,Vesoul,city_centre,FR,FRC23,chain,9.4724e+05,1207.7,-12121,-10913,10,0.001275,-0.012796,-0.011521,-1091.3
C510,Vesoul,city_centre,FR,FRC23,independent,3.1161e+06,4286.6,-44114,-39827,39,0.0013756,-0.014157,-0.012781,-1021.2
C511,Lure,city_centre,FR,FRC23,chain,3.7177e+06,96059,-1.8268e+05,-86619,7,0.025838,-0.049137,-0.023299,-12374
C511,Lure,city_centre,FR,FRC23,independent,2.8133e+07,5.2486e+05,-9.1511e+05,-3.9025e+05,40,0.018657,-0.032528,-0.013872,-9756.3
C512,Luxeuil-les-Bains,city_centre,FR,FRC23,chain,1.0794e+06,22778,-56640,-33862,7,0.021102,-0.052472,-0.03137,-4837.4
C512,Luxeuil-les-Bains,city_centre,FR,FRC23,independent,9.4954e+06,1.693e+05,-3.9673e+05,-2.2742e+05,50,0.01783,-0.041781,-0.023951,-4548.5
C513,Vandœuvre-lès-Nancy,city_centre,FR,FRF31,chain,4.1781e+05,7141.1,-53070,-45929,2,0.017092,-0.12702,-0.10993,-22964
C513,Vandœuvre-lès-Nancy,city_centre,FR,FRF31,independent,5.2466e+06,1.7014e+05,-8.6146e+05,-6.9132e+05,32,0.032429,-0.16419,-0.13177,-21604
C514,Lunéville,city_centre,FR,FRF31,chain,3.5626e+05,0,-46759,-46759,5,0,-0.13125,-0.13125,-9351.8
C514,Lunéville,city_centre,FR,FRF31,independent,2.0732e+06,0,-2.5276e+05,-2.5276e+05,29,0,-0.12192,-0.12192,-8715.8
C515,Villers-lès-Nancy,city_centre,FR,FRF31,chain,7.5828e+05,7112.6,-77365,-70253,3,0.0093799,-0.10203,-0.092647,-23418
C515,Villers-lès-Nancy,city_centre,FR,FRF31,independent,3.8231e+06,2.3996e+05,-6.6391e+05,-4.2395e+05,13,0.062766,-0.17366,-0.11089,-32611
C516,Laxou,city_centre,FR,FRF31,chain,3.3162e+05,3418.1,-34374,-30956,1,0.010307,-0.10365,-0.093347,-30956
C516,Laxou,city_centre,FR,FRF31,independent,1.8129e+06,1.1389e+05,-3.0582e+05,-1.9192e+05,18,0.062826,-0.16869,-0.10587,-10662
C517,Nancy,city_centre,FR,FRF31,chain,3.7164e+07,2.6924e+06,-6.9421e+06,-4.2497e+06,165,0.072446,-0.18679,-0.11435,-25756
C517,Nancy,city_centre,FR,FRF31,independent,8.2074e+07,5.5875e+06,-1.4859e+07,-9.2719e+06,402,0.068079,-0.18105,-0.11297,-23064
C518,Jarville-la-Malgrange,city_centre,FR,FRF31,chain,4.4424e+05,11342,-58141,-46800,2,0.02553,-0.13088,-0.10535,-23400
C518,Jarville-la-Malgrange,city_centre,FR,FRF31,independent,1.5897e+06,59281,-2.3839e+05,-1.7911e+05,17,0.037291,-0.14996,-0.11267,-10536
C519,Pont-à-Mousson,city_centre,FR,FRF31,chain,2.7931e+06,3.7294e+05,-5.5505e+05,-1.8211e+05,6,0.13352,-0.19872,-0.065199,-30351
C519,Pont-à-Mousson,city_centre,FR,FRF31,independent,1.506e+07,1.2346e+06,-2.4139e+06,-1.1793e+06,27,0.081977,-0.16028,-0.078305,-43678
C52,Oloron-Sainte-Marie,city_centre,FR,FRI15,chain,9.7704e+06,3767.9,-1.0917e+05,-1.0541e+05,6,0.00038564,-0.011174,-0.010788,-17568
C52,Oloron-Sainte-Marie,city_centre,FR,FRI15,independent,1.3012e+08,59392,-1.5072e+06,-1.4478e+06,58,0.00045644,-0.011583,-0.011127,-24962
C522,Montigny-lès-Metz,city_centre,FR,FRF33,chain,2.964e+06,78701,-3.6461e+05,-2.8591e+05,1,0.026552,-0.12301,-0.09646,-2.8591e+05
C522,Montigny-lès-Metz,city_centre,FR,FRF33,independent,5.3118e+07,3.3487e+06,-7.7142e+06,-4.3654e+06,24,0.063044,-0.14523,-0.082184,-1.8189e+05
C523,Metz,city_centre,FR,FRF33,chain,3.8056e+08,4.7127e+07,-6.7549e+07,-2.0421e+07,115,0.12384,-0.1775,-0.053662,-1.7758e+05
C523,Metz,city_centre,FR,FRF33,independent,1.0333e+09,1.1184e+08,-1.7402e+08,-6.2175e+07,325,0.10824,-0.16841,-0.06017,-1.9131e+05
C524,Woippy,city_centre,FR,FRF33,chain,1.8567e+07,8.3204e+05,-2.4194e+06,-1.5873e+06,3,0.044812,-0.1303,-0.085491,-5.2911e+05
C524,Woippy,city_centre,FR,FRF33,independent,6.3734e+07,6.252e+06,-1.0255e+07,-4.0034e+06,26,0.098096,-0.16091,-0.062814,-1.5398e+05
C53,Orthez,city_centre,FR,FRI15,chain,3.0534e+06,13869,-1.7534e+05,-1.6147e+05,8,0.004542,-0.057423,-0.052881,-20184
C53,Orthez,city_centre,FR,FRI15,independent,1.6882e+07,42267,-6.884e+05,-6.4613e+05,30,0.0025037,-0.040777,-0.038274,-21538
C530,Hagondange,city_centre,FR,FRF33,chain,2.2987e+07,1.6864e+06,-3.7962e+06,-2.1098e+06,6,0.073365,-0.16515,-0.091782,-3.5163e+05
C530,Hagondange,city_centre,FR,FRF33,independent,5.7194e+07,6.1546e+06,-1.0172e+07,-4.0173e+06,14,0.10761,-0.17785,-0.07024,-2.8695e+05
C537,Thionville,city_centre,FR,FRF33,chain,1.1812e+08,2.4611e+07,-2.5582e+07,-9.7114e+05,23,0.20836,-0.21658,-0.0082217,-42223
C537,Thionville,city_centre,FR,FRF33,independent,1.9631e+08,5.7164e+07,-4.5715e+07,1.1448e+07,50,0.29119,-0.23287,0.058317,2.2897e+05
C539,Dudelange,city_centre,LU,LU000,chain,7.1559e+07,1.919e+07,-1.2282e+07,6.9085e+06,6,0.26817,-0.17163,0.096542,1.1514e+06
C539,Dudelange,city_centre,LU,LU000,independent,1.359e+08,3.392e+07,-2.8566e+07,5.3538e+06,26,0.2496,-0.21021,0.039396,2.0592e+05
C54,Huesca,city_centre,ES,ES241,chain,2.0633e+06,2170.1,-812.74,1357.4,40,0.0010517,-0.0003939,0.00065784,33.934
C54,Huesca,city_centre,ES,ES241,independent,1.3797e+07,17399,-9356.8,8042.1,344,0.001261,-0.00067816,0.00058288,23.378
C540,Schifflange,city_centre,LU,LU000,chain,3.6806e+07,8.85e+06,-5.8398e+06,3.0102e+06,2,0.24045,-0.15866,0.081786,1.5051e+06
C540,Schifflange,city_centre,LU,LU000,independent,4.8542e+07,1.0829e+07,-9.9689e+06,8.6062e+05,13,0.22309,-0.20536,0.017729,66201
C542,Luxembourg,city_centre,LU,LU000,chain,9.7922e+08,1.3558e+08,-2.3987e+08,-1.0429e+08,121,0.13845,-0.24496,-0.1065,-8.619e+05
C542,Luxembourg,city_centre,LU,LU000,independent,2.1548e+09,2.9839e+08,-5.2386e+08,-2.2547e+08,342,0.13847,-0.24311,-0.10464,-6.5927e+05
C543,Ettelbruck,city_centre,LU,LU000,chain,4.985e+07,1.877e+06,-5.7666e+06,-3.8896e+06,4,0.037652,-0.11568,-0.078025,-9.724e+05
C543,Ettelbruck,city_centre,LU,LU000,independent,1.3765e+08,7.0574e+06,-2.5857e+07,-1.8799e+07,38,0.051271,-0.18785,-0.13658,-4.9472e+05
C544,Diekirch,city_centre,LU,LU000,chain,1.2556e+07,3.9669e+05,-1.3111e+06,-9.1443e+05,2,0.031594,-0.10442,-0.072829,-4.5722e+05
C544,Diekirch,city_centre,LU,LU000,independent,8.3475e+07,3.5048e+06,-1.4131e+07,-1.0626e+07,27,0.041987,-0.16928,-0.1273,-3.9356e+05
C547,Echternach,city_centre,LU,LU000,chain,3.2287e+07,3.7115e+06,-1.1006e+07,-7.2948e+06,6,0.11495,-0.34089,-0.22594,-1.2158e+06
C547,Echternach,city_centre,LU,LU000,independent,4.5073e+07,5.0731e+06,-1.649e+07,-1.1417e+07,27,0.11255,-0.36585,-0.2533,-4.2285e+05
C55,Sabiñánigo,city_centre,ES,ES241,chain,1.998e+07,1.0834e+05,-50679,57661,11,0.0054224,-0.0025365,0.0028859,5241.9
C55,Sabiñánigo,city_centre,ES,ES241,independent,4.4746e+07,3.1315e+05,-1.5437e+05,1.5878e+05,63,0.0069983,-0.0034499,0.0035484,2520.3
C552,Saint-Raphaël,city_centre,FR,FRL05,chain,5.9469e+06,67562,-1.4109e+05,-73526,38,0.011361,-0.023725,-0.012364,-1934.9
C552,Saint-Raphaël,city_centre,FR,FRL05,independent,1.7746e+07,2.0701e+05,-4.2882e+05,-2.2181e+05,118,0.011665,-0.024164,-0.012499,-1879.8
C553,Fréjus,city_centre,FR,FRL05,chain,1.1289e+06,7969.6,-18988,-11019,8,0.0070597,-0.016821,-0.009761,-1377.4
C553,Fréjus,city_centre,FR,FRL05,independent,7.7525e+06,1.0299e+05,-1.9439e+05,-91401,51,0.013284,-0.025074,-0.01179,-1792.2
C554,Castellane,city_centre,FR,FRL01,chain,6.0084e+05,0,-220.27,-220.27,1,0,-0.0003666,-0.0003666,-220.27
C554,Castellane,city_centre,FR,FRL01,independent,1.1092e+07,0,-3775.5,-3775.5,17,0,-0.00034037,-0.00034037,-222.09
C555,Mandelieu-la-Napoule,city_centre,FR,FRL03,chain,1.1345e+07,69942,-1.4684e+05,-76893,8,0.006165,-0.012943,-0.0067777,-9611.7
C555,Mandelieu-la-Napoule,city_centre,FR,FRL03,independent,1.4893e+07,1.6396e+05,-2.3522e+05,-71265,17,0.011009,-0.015794,-0.0047851,-4192
C556,Mouans-Sartoux,city_centre,FR,FRL03,chain,1.2789e+07,36683,-1.1617e+05,-79490,3,0.0028684,-0.0090841,-0.0062157,-26497
C556,Mouans-Sartoux,city_centre,FR,FRL03,independent,3.4291e+07,3.2784e+05,-4.8651e+05,-1.5867e+05,35,0.0095607,-0.014188,-0.0046271,-4533.3
C558,Grasse,city_centre,FR,FRL03,chain,6.5892e+06,42959,-78746,-35787,4,0.0065196,-0.011951,-0.0054312,-8946.8
C558,Grasse,city_centre,FR,FRL03,independent,3.7303e+07,3.297e+05,-5.1817e+05,-1.8848e+05,46,0.0088384,-0.013891,-0.0050526,-4097.3
C559,Barcelonnette,city_centre,FR,FRL01,chain,1.2435e+07,17273,-1687.3,15585,4,0.001389,-0.00013569,0.0012533,3896.4
C559,Barcelonnette,city_centre,FR,FRL01,independent,3.7549e+07,53436,-13396,40040,30,0.0014231,-0.00035675,0.0010663,1334.7
C56,Lourdes,city_centre,FR,FRJ26,chain,1.3101e+07,0,-261.11,-261.11,2,0,-1.9931e-05,-1.9931e-05,-130.56
C56,Lourdes,city_centre,FR,FRJ26,independent,3.7411e+07,0,-2993.6,-2993.6,17,0,-8.002e-05,-8.002e-05,-176.1
C560,Briançon,city_centre,FR,FRL02,chain,3.2894e+06,3.8751e+05,-28029,3.5948e+05,5,0.11781,-0.0085209,0.10928,71896
C560,Briançon,city_centre,FR,FRL02,independent,6.0056e+07,7.4512e+06,-3.9116e+05,7.06e+06,75,0.12407,-0.0065132,0.11756,94134
C561,Sallanches,city_centre,FR,FRK28,chain,3.4959e+07,2.1392e+06,-1.9538e+06,1.8542e+05,14,0.061191,-0.055887,0.0053039,13244
C561,Sallanches,city_centre,FR,FRK28,independent,1.3897e+08,1.2279e+07,-8.7923e+06,3.4865e+06,85,0.088357,-0.063268,0.025089,41018
C563,Bourg-Saint-Maurice,city_centre,FR,FRK27,chain,3.9095e+07,1.2404e+05,-18801,1.0524e+05,12,0.0031729,-0.00048089,0.002692,8770.2
C563,Bourg-Saint-Maurice,city_centre,FR,FRK27,independent,9.4651e+07,4.5002e+05,-68299,3.8172e+05,64,0.0047546,-0.0007216,0.004033,5964.5
C564,Chamonix-Mont-Blanc,city_centre,FR,FRK28,chain,3.3488e+07,8.6186e+06,-1.3485e+06,7.2701e+06,32,0.25737,-0.040268,0.2171,2.2719e+05
C564,Chamonix-Mont-Blanc,city_centre,FR,FRK28,independent,5.4754e+07,2.0505e+07,-3.1673e+06,1.7338e+07,95,0.3745,-0.057846,0.31665,1.825e+05
C565,Cluses,city_centre,FR,FRK28,chain,3.2732e+07,2.0071e+06,-2.6739e+06,-6.6685e+05,11,0.061318,-0.081691,-0.020373,-60623
C565,Cluses,city_centre,FR,FRK28,independent,5.4885e+07,3.6627e+06,-4.5388e+06,-8.7608e+05,26,0.066734,-0.082696,-0.015962,-33696
C566,Évian-les-Bains,city_centre,FR,FRK28,chain,2.5709e+07,2.1653e+06,-1.4893e+06,6.7604e+05,8,0.084226,-0.05793,0.026296,84505
C566,Évian-les-Bains,city_centre,FR,FRK28,independent,8.61e+07,1.1612e+07,-6.6277e+06,4.9847e+06,59,0.13487,-0.076977,0.057894,84486
C567,Monthey,city_centre,CH,CH012,chain,5.5141e+07,5.9073e+05,-5.0036e+05,90367,4,0.010713,-0.0090742,0.0016388,22592
C567,Monthey,city_centre,CH,CH012,independent,1.0022e+08,1.1132e+06,-1.1255e+06,-12221,25,0.011108,-0.01123,-0.00012194,-488.83
C568,Aigle,city_centre,CH,CH011,chain,5.759e+07,3.0738e+05,-5.455e+05,-2.3812e+05,6,0.0053374,-0.0094721,-0.0041347,-39686
C568,Aigle,city_centre,CH,CH011,independent,7.0505e+07,4.5152e+05,-9.0195e+05,-4.5042e+05,22,0.0064042,-0.012793,-0.0063886,-20474
C569,Vevey,city_centre,CH,CH011,chain,2.2195e+08,1.2598e+06,-4.1901e+06,-2.9303e+06,44,0.0056762,-0.018879,-0.013203,-66597
C569,Vevey,city_centre,CH,CH011,independent,5.8159e+08,3.8333e+06,-1.3127e+07,-9.2932e+06,197,0.0065911,-0.02257,-0.015979,-47174
C57,Pau,city_centre,FR,FRI15,chain,2.8729e+07,0,-2.8408e+05,-2.8408e+05,72,0,-0.0098884,-0.0098884,-3945.6
C57,Pau,city_centre,FR,FRI15,independent,1.2625e+08,0,-1.1104e+06,-1.1104e+06,388,0,-0.0087952,-0.0087952,-2861.9
C570,La Tour-de-Peilz,city_centre,CH,CH011,chain,3.9155e+07,1.0797e+05,-2.7818e+05,-1.7021e+05,3,0.0027576,-0.0071047,-0.0043471,-56737
C570,La Tour-de-Peilz,city_centre,CH,CH011,independent,6.5455e+07,2.7751e+05,-8.5565e+05,-5.7814e+05,22,0.0042397,-0.013072,-0.0088327,-26279
C571,Montreux,city_centre,CH,CH011,chain,7.8622e+07,5.1086e+05,-1.2467e+06,-7.3582e+05,18,0.0064977,-0.015857,-0.009359,-40879
C571,Montreux,city_centre,CH,CH011,independent,1.4667e+08,1.5133e+06,-4.2796e+06,-2.7663e+06,62,0.010318,-0.029179,-0.018861,-44618
C572,Ecublens VD,city_centre,CH,CH011,chain,3.8742e+07,1.9834e+05,-6.9891e+05,-5.0058e+05,3,0.0051194,-0.01804,-0.012921,-1.6686e+05
C572,Ecublens VD,city_centre,CH,CH011,independent,2.5571e+07,2.26e+05,-8.1873e+05,-5.9273e+05,12,0.0088382,-0.032018,-0.02318,-49394
C573,Renens VD,city_centre,CH,CH011,chain,6.0463e+07,3.4444e+05,-1.2112e+06,-8.6679e+05,7,0.0056967,-0.020033,-0.014336,-1.2383e+05
C573,Renens VD,city_centre,CH,CH011,independent,6.2435e+07,5.1046e+05,-1.8258e+06,-1.3154e+06,19,0.0081758,-0.029244,-0.021068,-69230
C574,Prilly,city_centre,CH,CH011,chain,5.8329e+07,2.7668e+05,-9.6877e+05,-6.9209e+05,5,0.0047434,-0.016609,-0.011865,-1.3842e+05
C574,Prilly,city_centre,CH,CH011,independent,7.9422e+07,8.2584e+05,-2.9642e+06,-2.1383e+06,17,0.010398,-0.037322,-0.026924,-1.2578e+05
C575,Bussigny,city_centre,CH,CH011,chain,2.9524e+07,1.896e+05,-6.2597e+05,-4.3637e+05,2,0.0064219,-0.021202,-0.014781,-2.1819e+05
C575,Bussigny,city_centre,CH,CH011,independent,3.4716e+07,3.7263e+05,-1.2422e+06,-8.6956e+05,14,0.010734,-0.035781,-0.025048,-62112
C576,Crissier,city_centre,CH,CH011,chain,9.5317e+07,1.0682e+06,-3.5876e+06,-2.5194e+06,19,0.011207,-0.037639,-0.026432,-1.326e+05
C576,Crissier,city_centre,CH,CH011,independent,1.0442e+08,1.4662e+06,-4.9248e+06,-3.4586e+06,25,0.014041,-0.047163,-0.033122,-1.3835e+05
C577,Pully,city_centre,CH,CH011,chain,2.8444e+07,1.029e+05,-3.6355e+05,-2.6065e+05,2,0.0036176,-0.012781,-0.0091634,-1.3032e+05
C577,Pully,city_centre,CH,CH011,independent,1.0095e+08,5.2723e+05,-1.9373e+06,-1.4101e+06,30,0.0052228,-0.019191,-0.013968,-47002
C578,Lutry,city_centre,CH,CH011,chain,1.7116e+07,56902,-1.9865e+05,-1.4175e+05,2,0.0033244,-0.011606,-0.0082814,-70873
C578,Lutry,city_centre,CH,CH011,independent,1.0476e+08,6.8102e+05,-2.5539e+06,-1.8729e+06,24,0.0065005,-0.024378,-0.017877,-78037
C579,Lausanne,city_centre,CH,CH011,chain,7.9333e+08,6.1537e+06,-2.2656e+07,-1.6502e+07,121,0.0077569,-0.028558,-0.020801,-1.3638e+05
C579,Lausanne,city_centre,CH,CH011,independent,1.9967e+09,1.769e+07,-6.5504e+07,-4.7814e+07,481,0.0088594,-0.032806,-0.023946,-99405
C580,Yverdon-les-Bains,city_centre,CH,CH011,chain,1.4779e+08,1.5756e+06,-5.5857e+06,-4.0101e+06,33,0.010661,-0.037794,-0.027133,-1.2152e+05
C580,Yverdon-les-Bains,city_centre,CH,CH011,independent,4.3957e+08,3.7992e+06,-1.4899e+07,-1.11e+07,125,0.0086428,-0.033894,-0.025251,-88797
C581,Payerne,city_centre,CH,CH011,chain,7.2276e+07,1.5858e+05,-8.5513e+05,-6.9655e+05,8,0.0021941,-0.011831,-0.0096374,-87069
C581,Payerne,city_centre,CH,CH011,independent,1.1908e+08,1.6316e+05,-9.4124e+05,-7.7807e+05,31,0.0013702,-0.0079039,-0.0065338,-25099
C582,Neuchâtel,city_centre,CH,CH024,chain,1.7e+08,1.8643e+06,-5.2982e+06,-3.4339e+06,28,0.010966,-0.031166,-0.020199,-1.2264e+05
C582,Neuchâtel,city_centre,CH,CH024,independent,5.9853e+08,7.2601e+06,-1.9229e+07,-1.1969e+07,149,0.01213,-0.032127,-0.019997,-80328
C583,Morteau,city_centre,FR,FRC21,chain,4.7712e+07,8.3843e+06,-6.7209e+06,1.6634e+06,16,0.17573,-0.14086,0.034864,1.0396e+05
C583,Morteau,city_centre,FR,FRC21,independent,1.2102e+08,2.1813e+07,-1.7342e+07,4.4709e+06,58,0.18024,-0.1433,0.036943,77085
C584,Le Locle,city_centre,CH,CH024,chain,3.7075e+07,2.995e+06,-2.6261e+06,3.689e+05,6,0.080781,-0.070831,0.00995,61483
C584,Le Locle,city_centre,CH,CH024,independent,6.8974e+07,5.8895e+06,-4.7104e+06,1.1792e+06,35,0.085387,-0.068292,0.017096,33690
C585,La Chaux-de-Fonds,city_centre,CH,CH024,chain,1.2495e+08,4.7611e+06,-4.125e+06,6.3614e+05,18,0.038103,-0.033012,0.0050911,35341
C585,La Chaux-de-Fonds,city_centre,CH,CH024,independent,3.0192e+08,1.2749e+07,-1.0784e+07,1.9648e+06,103,0.042225,-0.035717,0.0065078,19076
C587,Audincourt,city_centre,FR,FRC21,chain,5.4583e+07,2.6422e+06,-2.6856e+06,-43385,15,0.048407,-0.049202,-0.00079484,-2892.3
C587,Audincourt,city_centre,FR,FRC21,independent,1.1901e+08,5.5841e+06,-5.6276e+06,-43532,24,0.046922,-0.047288,-0.00036579,-1813.8
C588,Montbéliard,city_centre,FR,FRC21,chain,9.7231e+07,3.917e+06,-5.1802e+06,-1.2632e+06,31,0.040285,-0.053277,-0.012992,-40748
C588,Montbéliard,city_centre,FR,FRC21,independent,2.4249e+08,9.8923e+06,-1.3087e+07,-3.1951e+06,96,0.040794,-0.053971,-0.013176,-33282
C589,Héricourt,city_centre,FR,FRC23,chain,2.1588e+06,55947,-56309,-361.83,1,0.025916,-0.026084,-0.00016761,-361.83
C589,Héricourt,city_centre,FR,FRC23,independent,2.1999e+07,8.8878e+05,-9.8161e+05,-92833,15,0.0404,-0.04462,-0.0042198,-6188.9
C59,Billère,city_centre,FR,FRI15,chain,1.8942e+06,0,-9502.2,-9502.2,3,0,-0.0050164,-0.0050164,-3167.4
C59,Billère,city_centre,FR,FRI15,independent,3.7608e+06,0,-31461,-31461,14,0,-0.0083656,-0.0083656,-2247.2
C590,Belfort,city_centre,FR,FRC24,chain,2.2783e+08,1.214e+07,-1.4066e+07,-1.926e+06,59,0.053286,-0.061739,-0.0084536,-32643
C590,Belfort,city_centre,FR,FRC24,independent,5.2145e+08,3.2593e+07,-3.7508e+07,-4.9152e+06,159,0.062504,-0.07193,-0.0094262,-30913
C591,Remiremont,city_centre,FR,FRF34,chain,6.9157e+05,0,-62513,-62513,18,0,-0.090393,-0.090393,-3473
C591,Remiremont,city_centre,FR,FRF34,independent,2.8074e+06,0,-2.2096e+05,-2.2096e+05,80,0,-0.078705,-0.078705,-2762
C592,Gérardmer,city_centre,FR,FRF34,chain,2.2516e+06,0,-1.5996e+05,-1.5996e+05,17,0,-0.071041,-0.071041,-9409.3
C592,Gérardmer,city_centre,FR,FRF34,independent,1.0019e+07,0,-9.5142e+05,-9.5142e+05,87,0,-0.094959,-0.094959,-10936
C593,Saint-Dié-des-Vosges,city_centre,FR,FRF34,chain,4.091e+06,20476,-3.7413e+05,-3.5365e+05,23,0.005005,-0.091451,-0.086446,-15376
C593,Saint-Dié-des-Vosges,city_centre,FR,FRF34,independent,1.6429e+07,47116,-9.7519e+05,-9.2808e+05,75,0.0028679,-0.059358,-0.05649,-12374
C597,Mettlach,city_centre,DE,DEC02,chain,2.4942e+06,1.0963e+06,-3.2273e+05,7.736e+05,3,0.43955,-0.12939,0.31016,2.5787e+05
C597,Mettlach,city_centre,DE,DEC02,independent,1.8603e+07,6.4005e+06,-2.183e+06,4.2175e+06,18,0.34406,-0.11735,0.22671,2.3431e+05
C598,Mercy,city_centre,DE,DEC02,chain,7.5817e+07,2.1045e+07,-7.1302e+06,1.3915e+07,14,0.27758,-0.094044,0.18354,9.9395e+05
C598,Mercy,city_centre,DE,DEC02,independent,1.9534e+08,6.3385e+07,-1.9748e+07,4.3636e+07,66,0.32449,-0.1011,0.22339,6.6116e+05
C600,Forbach,city_centre,FR,FRF33,chain,6.1472e+07,1.1177e+07,-3.2986e+07,-2.1809e+07,12,0.18182,-0.5366,-0.35478,-1.8174e+06
C600,Forbach,city_centre,FR,FRF33,independent,9.0012e+07,1.6917e+07,-4.816e+07,-3.1243e+07,24,0.18794,-0.53503,-0.34709,-1.3018e+06
C601,Vœlklange,city_centre,DE,DEC01,chain,8.5084e+07,1.8481e+07,-5.2225e+06,1.3258e+07,13,0.2172,-0.061381,0.15582,1.0199e+06
C601,Vœlklange,city_centre,DE,DEC01,independent,2.034e+08,4.3644e+07,-1.1543e+07,3.2101e+07,47,0.21457,-0.056751,0.15782,6.83e+05
C602,Puttelange-lès-Sarrelouis,city_centre,DE,DEC01,chain,3.7021e+07,5.0646e+06,-1.3685e+06,3.696e+06,6,0.1368,-0.036966,0.099836,6.1601e+05
C602,Puttelange-lès-Sarrelouis,city_centre,DE,DEC01,independent,6.3278e+07,1.0022e+07,-3.7201e+06,6.3018e+06,33,0.15838,-0.058789,0.09959,1.9096e+05
C604,Sarrebruck,city_centre,DE,DEC01,chain,6.9614e+08,1.8228e+08,-3.6557e+07,1.4572e+08,117,0.26184,-0.052513,0.20933,1.2455e+06
C604,Sarrebruck,city_centre,DE,DEC01,independent,1.1679e+09,3.0377e+08,-6.3519e+07,2.4025e+08,301,0.2601,-0.054389,0.20572,7.9817e+05
C605,Sarrelouis,city_centre,DE,DEC04,chain,8.1109e+07,1.7237e+07,-5.2138e+06,1.2023e+07,28,0.21252,-0.064282,0.14824,4.2941e+05
C605,Sarrelouis,city_centre,DE,DEC04,independent,2.4433e+08,5.3283e+07,-1.662e+07,3.6663e+07,84,0.21808,-0.068023,0.15006,4.3647e+05
C606,Dillingen/Saar,city_centre,DE,DEC04,chain,1.3132e+08,2.2341e+07,-7.3389e+06,1.5002e+07,13,0.17013,-0.055887,0.11424,1.154e+06
C606,Dillingen/Saar,city_centre,DE,DEC04,independent,1.908e+08,3.6529e+07,-1.2458e+07,2.4071e+07,51,0.19146,-0.065296,0.12616,4.7198e+05
C608,Lebach,city_centre,DE,DEC03,chain,2.5839e+07,1.1472e+06,-6.797e+05,4.6747e+05,4,0.044398,-0.026306,0.018092,1.1687e+05
C608,Lebach,city_centre,DE,DEC03,independent,8.8643e+07,7.1224e+06,-4.5394e+06,2.583e+06,27,0.080349,-0.05121,0.029139,95668
C609,Riegelsberg,city_centre,DE,DEC01,chain,1.6075e+07,2.169e+06,-5.2386e+05,1.6451e+06,2,0.13493,-0.032589,0.10234,8.2255e+05
C609,Riegelsberg,city_centre,DE,DEC01,independent,7.4369e+07,1.0283e+07,-2.7246e+06,7.5584e+06,18,0.13827,-0.036636,0.10163,4.1991e+05
C610,Sarrebourg,city_centre,DE,DEB25,chain,2.5284e+07,4.5913e+06,-2.8379e+06,1.7534e+06,5,0.18159,-0.11224,0.069348,3.5069e+05
C610,Sarrebourg,city_centre,DE,DEB25,independent,5.8924e+07,1.8016e+07,-7.4412e+06,1.0575e+07,39,0.30576,-0.12629,0.17947,2.7115e+05
C611,Konz,city_centre,DE,DEB21,chain,4.5656e+07,9.4467e+06,-2.7999e+06,6.6468e+06,7,0.20691,-0.061325,0.14558,9.4955e+05
C611,Konz,city_centre,DE,DEB21,independent,7.0987e+07,2.6572e+07,-6.5911e+06,1.9981e+07,34,0.37433,-0.092849,0.28148,5.8768e+05
C612,Trèves,city_centre,DE,DEB21,chain,3.6955e+08,1.3021e+08,-2.6602e+07,1.0361e+08,136,0.35235,-0.071986,0.28036,7.6181e+05
C612,Trèves,city_centre,DE,DEB21,independent,5.4238e+08,2.1375e+08,-4.3512e+07,1.7023e+08,285,0.39409,-0.080224,0.31386,5.9731e+05
C613,Losheim-au-Lac,city_centre,DE,DEC02,chain,2.1203e+07,1.6569e+06,-9.69e+05,6.8786e+05,6,0.078142,-0.045701,0.032441,1.1464e+05
C613,Losheim-au-Lac,city_centre,DE,DEC02,independent,7.8198e+07,8.6636e+06,-4.464e+06,4.1996e+06,40,0.11079,-0.057086,0.053705,1.0499e+05
C614,Wadern,city_centre,DE,DEC02,chain,4.2592e+07,6.9584e+05,-8.565e+05,-1.6066e+05,9,0.016338,-0.02011,-0.0037721,-17851
C614,Wadern,city_centre,DE,DEC02,independent,3.7383e+07,2.1847e+06,-1.9456e+06,2.3913e+05,20,0.05844,-0.052043,0.0063966,11956
C616,Schweich,city_centre,DE,DEB21,chain,1.76e+07,3.4893e+06,-7.0964e+05,2.7797e+06,5,0.19826,-0.040321,0.15794,5.5594e+05
C616,Schweich,city_centre,DE,DEB21,independent,5.2211e+07,1.953e+07,-4.0734e+06,1.5457e+07,37,0.37407,-0.078018,0.29605,4.1776e+05
C617,Bitburg,city_centre,DE,DEB23,chain,6.5672e+06,4.4071e+06,-9.256e+05,3.4815e+06,16,0.67107,-0.14094,0.53013,2.1759e+05
C617,Bitburg,city_centre,DE,DEB23,independent,7.0013e+06,5.1373e+06,-9.9491e+05,4.1424e+06,23,0.73376,-0.1421,0.59166,1.801e+05
C618,Speicher,city_centre,DE,DEB23,chain,1.5782e+06,6.4152e+05,-1.4372e+05,4.9779e+05,6,0.40648,-0.091067,0.31541,82966
C618,Speicher,city_centre,DE,DEB23,independent,1.8183e+06,1.0432e+06,-1.99e+05,8.4415e+05,13,0.57368,-0.10944,0.46424,64935
C619,Wittlich,city_centre,DE,DEB22,chain,3.6797e+06,1.6553e+06,-3.6599e+05,1.2893e+06,13,0.44985,-0.099463,0.35039,99178
C619,Wittlich,city_centre,DE,DEB22,independent,1.8545e+07,7.0612e+06,-1.551e+06,5.5102e+06,28,0.38075,-0.083634,0.29712,1.9679e+05
C62,Tarbes,city_centre,FR,FRJ26,chain,3.2614e+07,23783,-1.9254e+05,-1.6875e+05,39,0.00072923,-0.0059034,-0.0051742,-4327
C62,Tarbes,city_centre,FR,FRJ26,independent,7.5456e+07,63498,-4.7331e+05,-4.0981e+05,110,0.00084152,-0.0062726,-0.0054311,-3725.6
C620,Cannes,city_centre,FR,FRL03,chain,1.8921e+08,2.3317e+06,-3.002e+06,-6.7026e+05,90,0.012324,-0.015866,-0.0035424,-7447.4
C620,Cannes,city_centre,FR,FRL03,independent,1.8759e+08,2.6502e+06,-3.2007e+06,-5.5057e+05,118,0.014127,-0.017062,-0.0029349,-4665.8
C621,Le Cannet,city_centre,FR,FRL03,chain,1.1094e+07,30165,-1.1189e+05,-81723,3,0.0027191,-0.010086,-0.0073666,-27241
C621,Le Cannet,city_centre,FR,FRL03,independent,5.0426e+07,3.9932e+05,-6.714e+05,-2.7208e+05,32,0.0079189,-0.013315,-0.0053957,-8502.6
C622,Vallauris,city_centre,FR,FRL03,chain,1.2234e+07,39263,-1.3804e+05,-98776,2,0.0032092,-0.011283,-0.0080737,-49388
C622,Vallauris,city_centre,FR,FRL03,independent,1.6637e+07,1.5402e+05,-2.4605e+05,-92033,15,0.0092575,-0.014789,-0.0055317,-6135.5
C623,Antibes,city_centre,FR,FRL03,chain,1.1712e+08,1.5139e+06,-2.0706e+06,-5.567e+05,51,0.012927,-0.01768,-0.0047533,-10916
C623,Antibes,city_centre,FR,FRL03,independent,4.0095e+08,8.0164e+06,-8.5563e+06,-5.3987e+05,271,0.019994,-0.02134,-0.0013465,-1992.2
C626,Vence,city_centre,FR,FRL03,chain,3.6075e+07,2.2242e+05,-6.2122e+05,-3.988e+05,11,0.0061655,-0.01722,-0.011055,-36254
C626,Vence,city_centre,FR,FRL03,independent,2.8713e+07,4.4375e+05,-6.1342e+05,-1.6967e+05,25,0.015455,-0.021364,-0.0059093,-6786.9
C627,Cagnes-sur-Mer,city_centre,FR,FRL03,chain,6.4727e+07,8.412e+05,-1.4342e+06,-5.9304e+05,19,0.012996,-0.022158,-0.0091621,-31213
C627,Cagnes-sur-Mer,city_centre,FR,FRL03,independent,1.47e+08,2.2556e+06,-3.3763e+06,-1.1208e+06,58,0.015344,-0.022968,-0.0076241,-19323
C629,Nice,city_centre,FR,FRL03,chain,8.0433e+08,2.7575e+07,-3.1057e+07,-3.482e+06,245,0.034283,-0.038612,-0.0043291,-14212
C629,Nice,city_centre,FR,FRL03,independent,1.5198e+09,5.4602e+07,-5.9035e+07,-4.4327e+06,642,0.035927,-0.038844,-0.0029166,-6904.5
C63,Tremp,city_centre,ES,ES513,chain,1.0862e+06,0,-9378.4,-9378.4,8,0,-0.0086345,-0.0086345,-1172.3
C63,Tremp,city_centre,ES,ES513,independent,1.4076e+06,0,-37505,-37505,20,0,-0.026645,-0.026645,-1875.3
C632,Monaco,city_centre,MC,MC,chain,1.6578e+07,1.7846e+07,-1.1846e+07,6.0002e+06,11,1.0765,-0.71456,0.36193,5.4547e+05
C632,Monaco,city_centre,MC,MC,independent,3.2069e+07,3.4047e+07,-2.4997e+07,9.0495e+06,53,1.0617,-0.77949,0.28219,1.7075e+05
C633,Beausoleil,city_centre,FR,FRL03,chain,5.591e+07,1.1088e+07,-6.3345e+06,4.753e+06,46,0.19831,-0.1133,0.08501,1.0333e+05
C633,Beausoleil,city_centre,FR,FRL03,independent,8.7435e+07,1.8336e+07,-9.3234e+06,9.0129e+06,78,0.20971,-0.10663,0.10308,1.1555e+05
C635,Borgo San Dalmazzo,city_centre,IT,ITC16,chain,0,0,0,0,0,,,,
C635,Borgo San Dalmazzo,city_centre,IT,ITC16,independent,1.037e+08,1.8163e+06,-19692,1.7966e+06,72,0.017516,-0.0001899,0.017326,24953
C636,Dronero,city_centre,IT,ITC16,chain,2.1913e+07,17199,-390.86,16808,3,0.00078485,-1.7836e-05,0.00076701,5602.6
C636,Dronero,city_centre,IT,ITC16,independent,2.2762e+07,21684,-701.64,20982,19,0.00095264,-3.0825e-05,0.00092181,1104.3
C637,Busca,city_centre,IT,ITC16,chain,0,0,0,0,0,,,,
C637,Busca,city_centre,IT,ITC16,independent,4.5373e+07,15394,-35933,-20539,24,0.00033927,-0.00079194,-0.00045267,-855.8
C638,Saluces,city_centre,IT,ITC16,chain,2.5199e+07,3.6316,-6565.6,-6562,1,1.4411e-07,-0.00026055,-0.0002604,-6562
C638,Saluces,city_centre,IT,ITC16,independent,9.6183e+07,32.204,-37148,-37116,23,3.3482e-07,-0.00038623,-0.00038589,-1613.7
C639,Pinerolo,city_centre,IT,ITC11,chain,6.1229e+07,0,-2.7301e+05,-2.7301e+05,3,0,-0.0044588,-0.0044588,-91004
C639,Pinerolo,city_centre,IT,ITC11,independent,1.8825e+08,0,-8.4026e+05,-8.4026e+05,36,0,-0.0044635,-0.0044635,-23340
C64,el Pont de Suert,city_centre,ES,ES241,chain,8.1318e+06,2141.4,-760.83,1380.6,2,0.00026334,-9.3561e-05,0.00016978,690.3
C64,el Pont de Suert,city_centre,ES,ES241,independent,3.5437e+07,27917,-1.0005e+05,-72135,37,0.00078779,-0.0028234,-0.0020356,-1949.6
C641,Javein,city_centre,IT,ITC11,chain,4.9535e+07,1.1766e+05,-4.6773e+05,-3.5008e+05,5,0.0023752,-0.0094425,-0.0070673,-70015
C641,Javein,city_centre,IT,ITC11,independent,1.0277e+08,3.2537e+05,-9.4623e+05,-6.2086e+05,23,0.0031661,-0.0092077,-0.0060415,-26994
C643,Aoste,city_centre,IT,ITC20,chain,6.6158e+07,6.7854e+05,-3.7091e+06,-3.0306e+06,17,0.010256,-0.056065,-0.045808,-1.7827e+05
C643,Aoste,city_centre,IT,ITC20,independent,4.4155e+08,4.8302e+06,-2.8037e+07,-2.3207e+07,170,0.010939,-0.063496,-0.052557,-1.3651e+05
C644,Martigny,city_centre,CH,CH012,chain,7.125e+07,1.8714e+05,-8.2809e+05,-6.4095e+05,11,0.0026265,-0.011622,-0.0089959,-58269
C644,Martigny,city_centre,CH,CH012,independent,1.6436e+08,6.1266e+05,-2.261e+06,-1.6484e+06,48,0.0037276,-0.013757,-0.010029,-34341
C645,Sion,city_centre,CH,CH012,chain,1.5363e+08,1.7101e+05,-9.7353e+05,-8.0253e+05,33,0.0011131,-0.0063368,-0.0052237,-24319
C645,Sion,city_centre,CH,CH012,independent,3.0199e+08,3.5746e+05,-2.0315e+06,-1.674e+06,137,0.0011837,-0.006727,-0.0055433,-12219
C646,Bulle,city_centre,CH,CH022,chain,9.576e+07,21843,-1.4081e+05,-1.1897e+05,5,0.0002281,-0.0014705,-0.0012424,-23794
C646,Bulle,city_centre,CH,CH022,independent,1.757e+08,2.8685e+05,-1.9756e+06,-1.6888e+06,51,0.0016327,-0.011245,-0.0096119,-33113
C648,Morat,city_centre,CH,CH021,chain,4.9437e+07,86694,-4.5428e+05,-3.6759e+05,13,0.0017536,-0.0091891,-0.0074354,-28276
C648,Morat,city_centre,CH,CH021,independent,1.2118e+08,3.7013e+05,-1.6874e+06,-1.3173e+06,58,0.0030544,-0.013925,-0.010871,-22712
C649,Fribourg,city_centre,CH,CH022,chain,5.7212e+07,41592,-4.3947e+05,-3.9788e+05,9,0.00072698,-0.0076814,-0.0069545,-44208
C649,Fribourg,city_centre,CH,CH022,independent,1.8109e+08,1.6191e+05,-1.6902e+06,-1.5283e+06,81,0.00089405,-0.0093336,-0.0084395,-18868
C65,Viella,city_centre,ES,ES513,chain,7.2574e+06,1.3709e+06,-1.1304e+05,1.2578e+06,3,0.18889,-0.015576,0.17331,4.1927e+05
C65,Viella,city_centre,ES,ES513,independent,4.4331e+07,8.0101e+06,-1.0288e+06,6.9814e+06,40,0.18069,-0.023206,0.15748,1.7453e+05
C650,Köniz,city_centre,CH,CH021,chain,3.9934e+07,42006,-4.6072e+05,-4.1871e+05,12,0.0010519,-0.011537,-0.010485,-34893
C650,Köniz,city_centre,CH,CH021,independent,3.6539e+07,1.4016e+05,-1.0101e+06,-8.6998e+05,33,0.0038359,-0.027646,-0.02381,-26363
C652,Belp,city_centre,CH,CH021,chain,8.5138e+06,7025.4,-1.0653e+05,-99508,5,0.00082517,-0.012513,-0.011688,-19902
C652,Belp,city_centre,CH,CH021,independent,2.085e+07,66175,-6.7302e+05,-6.0684e+05,34,0.0031738,-0.032278,-0.029105,-17848
C653,Berne,city_centre,CH,CH021,chain,3.5542e+08,1.4401e+06,-1.0335e+07,-8.8951e+06,166,0.0040518,-0.029078,-0.025027,-53585
C653,Berne,city_centre,CH,CH021,independent,5.4037e+08,3.467e+06,-2.2633e+07,-1.9166e+07,405,0.0064159,-0.041884,-0.035468,-47323
C654,Ostermundigen,city_centre,CH,CH021,chain,2.647e+07,36263,-3.9474e+05,-3.5847e+05,11,0.00137,-0.014913,-0.013543,-32589
C654,Ostermundigen,city_centre,CH,CH021,independent,4.2203e+07,1.7154e+05,-1.2808e+06,-1.1093e+06,27,0.0040646,-0.030349,-0.026285,-41085
C655,Ittigen,city_centre,CH,CH021,chain,1.731e+07,20141,-2.3473e+05,-2.1459e+05,5,0.0011636,-0.013561,-0.012397,-42918
C655,Ittigen,city_centre,CH,CH021,independent,1.4472e+07,51208,-3.7772e+05,-3.2651e+05,11,0.0035384,-0.0261,-0.022562,-29683
C656,Zollikofen,city_centre,CH,CH021,chain,3.3689e+07,38537,-4.3519e+05,-3.9665e+05,7,0.0011439,-0.012918,-0.011774,-56665
C656,Zollikofen,city_centre,CH,CH021,independent,2.2486e+07,1.1492e+05,-7.5419e+05,-6.3928e+05,16,0.0051106,-0.03354,-0.02843,-39955
C657,Lyss,city_centre,CH,CH021,chain,6.0131e+07,63415,-5.1315e+05,-4.4973e+05,9,0.0010546,-0.0085339,-0.0074793,-49970
C657,Lyss,city_centre,CH,CH021,independent,9.7063e+07,3.9035e+05,-2.6662e+06,-2.2759e+06,27,0.0040216,-0.027469,-0.023447,-84291
C658,Bienne,city_centre,CH,CH021,chain,5.2792e+08,2.4186e+06,-1.1803e+07,-9.3839e+06,78,0.0045815,-0.022357,-0.017775,-1.2031e+05
C658,Bienne,city_centre,CH,CH021,independent,7.9905e+08,4.3735e+06,-2.0918e+07,-1.6545e+07,209,0.0054733,-0.026179,-0.020706,-79162
C659,Granges,city_centre,CH,CH021,chain,9.0729e+07,1.6825e+05,-1.4472e+06,-1.279e+06,11,0.0018544,-0.015951,-0.014096,-1.1627e+05
C659,Granges,city_centre,CH,CH021,independent,4.1629e+07,1.0952e+05,-7.9969e+05,-6.9017e+05,8,0.0026308,-0.01921,-0.016579,-86271
C66,Saint-Gaudens,city_centre,FR,FRJ23,chain,2.0376e+07,51151,-3.5283e+05,-3.0168e+05,9,0.0025104,-0.017316,-0.014806,-33520
C66,Saint-Gaudens,city_centre,FR,FRJ23,independent,9.3291e+07,2.4316e+05,-1.6177e+06,-1.3745e+06,46,0.0026065,-0.01734,-0.014734,-29880
C660,Moutier,city_centre,CH,CH021,chain,6.3247e+07,5.1421e+05,-2.6594e+06,-2.1452e+06,6,0.0081302,-0.042048,-0.033918,-3.5753e+05
C660,Moutier,city_centre,CH,CH021,independent,1.4193e+07,2.784e+05,-1.0745e+06,-7.9613e+05,9,0.019615,-0.075707,-0.056092,-88459
C661,Delémont,city_centre,CH,CH025,chain,1.3431e+08,3.5693e+06,-1.2559e+07,-8.9897e+06,20,0.026576,-0.09351,-0.066934,-4.4949e+05
C661,Delémont,city_centre,CH,CH025,independent,1.0653e+08,4.046e+06,-1.2806e+07,-8.7603e+06,36,0.037981,-0.12022,-0.082235,-2.4334e+05
C662,Porrentruy,city_centre,CH,CH025,chain,8.6366e+07,7.0012e+06,-1.4776e+07,-7.7745e+06,13,0.081064,-0.17108,-0.090017,-5.9804e+05
C662,Porrentruy,city_centre,CH,CH025,independent,1.0529e+08,1.1524e+07,-2.1664e+07,-1.014e+07,49,0.10945,-0.20575,-0.096303,-2.0694e+05
C663,Thann,city_centre,FR,FRF12,chain,2.3253e+07,1.7221e+06,-2.9558e+06,-1.2336e+06,8,0.07406,-0.12711,-0.053052,-1.5421e+05
C663,Thann,city_centre,FR,FRF12,independent,7.0712e+07,6.3746e+06,-9.7938e+06,-3.4192e+06,39,0.090149,-0.1385,-0.048355,-87673
C665,Mulhouse,city_centre,FR,FRF12,chain,3.7049e+08,5.9409e+07,-7.2663e+07,-1.3254e+07,79,0.16035,-0.19613,-0.035774,-1.6777e+05
C665,Mulhouse,city_centre,FR,FRF12,independent,9.4453e+08,1.5817e+08,-1.8747e+08,-2.9302e+07,204,0.16746,-0.19848,-0.031023,-1.4364e+05
C670,Riedisheim,city_centre,FR,FRF12,chain,1.9429e+07,2.1715e+06,-3.7048e+06,-1.5333e+06,3,0.11176,-0.19069,-0.078921,-5.1111e+05
C670,Riedisheim,city_centre,FR,FRF12,independent,3.2402e+07,3.9002e+06,-6.2522e+06,-2.352e+06,11,0.12037,-0.19295,-0.072587,-2.1382e+05
C673,Guebwiller,city_centre,FR,FRF12,chain,2.2877e+07,5.6451e+05,-2.1051e+06,-1.5406e+06,5,0.024676,-0.09202,-0.067344,-3.0813e+05
C673,Guebwiller,city_centre,FR,FRF12,independent,2.499e+07,1.753e+06,-3.1976e+06,-1.4446e+06,15,0.070149,-0.12795,-0.057805,-96305
C674,Munster,city_centre,FR,FRF12,chain,1.0258e+07,2.1619e+05,-5.8858e+05,-3.7239e+05,6,0.021076,-0.05738,-0.036304,-62065
C674,Munster,city_centre,FR,FRF12,independent,4.038e+07,1.0692e+06,-2.6846e+06,-1.6155e+06,40,0.026478,-0.066484,-0.040006,-40386
C675,Colmar,city_centre,FR,FRF12,chain,1.863e+08,1.4931e+07,-2.4638e+07,-9.7076e+06,75,0.080142,-0.13225,-0.052107,-1.2943e+05
C675,Colmar,city_centre,FR,FRF12,independent,5.1053e+08,3.2596e+07,-6.0824e+07,-2.8227e+07,190,0.063848,-0.11914,-0.05529,-1.4856e+05
C676,Sélestat,city_centre,FR,FRF11,chain,3.225e+07,2.5705e+06,-3.9858e+06,-1.4153e+06,15,0.079705,-0.12359,-0.043886,-94355
C676,Sélestat,city_centre,FR,FRF11,independent,1.509e+08,9.9311e+06,-1.7225e+07,-7.2943e+06,71,0.065812,-0.11415,-0.048338,-1.0274e+05
C677,Obernai,city_centre,FR,FRF11,chain,2.4888e+07,1.0019e+06,-1.9718e+06,-9.6983e+05,6,0.040258,-0.079226,-0.038968,-1.6164e+05
C677,Obernai,city_centre,FR,FRF11,independent,1.0758e+08,5.3054e+06,-9.3484e+06,-4.043e+06,56,0.049317,-0.086899,-0.037583,-72197
C678,Molsheim,city_centre,FR,FRF11,chain,2.5756e+07,9.4768e+05,-1.9344e+06,-9.8673e+05,7,0.036794,-0.075104,-0.03831,-1.4096e+05
C678,Molsheim,city_centre,FR,FRF11,independent,5.62e+07,2.4766e+06,-4.5736e+06,-2.0971e+06,17,0.044067,-0.081382,-0.037315,-1.2336e+05
C679,Sarrebourg,city_centre,FR,FRF33,chain,5.865e+06,1.8205e+05,-1.1084e+06,-9.2631e+05,11,0.031041,-0.18898,-0.15794,-84210
C679,Sarrebourg,city_centre,FR,FRF33,independent,2.8017e+07,5.6259e+05,-4.4791e+06,-3.9165e+06,42,0.02008,-0.15987,-0.13979,-93250
C68,Sort,city_centre,ES,ES513,chain,1.1601e+07,4267.1,-4.431e+06,-4.4267e+06,2,0.00036783,-0.38196,-0.38159,-2.2134e+06
C68,Sort,city_centre,ES,ES513,independent,3.7803e+07,87263,-1.6597e+07,-1.651e+07,26,0.0023084,-0.43904,-0.43673,-6.3499e+05
C680,Saverne,city_centre,FR,FRF11,chain,5.0229e+07,8.7812e+05,-4.804e+06,-3.9259e+06,16,0.017482,-0.095644,-0.078161,-2.4537e+05
C680,Saverne,city_centre,FR,FRF11,independent,1.1947e+08,3.6863e+06,-1.4428e+07,-1.0742e+07,72,0.030856,-0.12077,-0.089912,-1.4919e+05
C681,Bitche,city_centre,FR,FRF33,chain,3.9246e+07,9.1416e+05,-1.0465e+07,-9.5506e+06,5,0.023293,-0.26665,-0.24335,-1.9101e+06
C681,Bitche,city_centre,FR,FRF33,independent,3.4541e+07,1.0005e+06,-9.4509e+06,-8.4504e+06,14,0.028965,-0.27361,-0.24465,-6.036e+05
C682,Sarreguemines,city_centre,FR,FRF33,chain,6.1013e+07,5.9925e+06,-2.796e+07,-2.1968e+07,6,0.098216,-0.45827,-0.36005,-3.6613e+06
C682,Sarreguemines,city_centre,FR,FRF33,independent,6.929e+07,1.1537e+07,-3.1801e+07,-2.0264e+07,15,0.1665,-0.45895,-0.29245,-1.3509e+06
C683,St. Ingbert,city_centre,DE,DEC05,chain,1.0286e+08,1.4632e+07,-4.1676e+06,1.0465e+07,17,0.14225,-0.040516,0.10174,6.1557e+05
C683,St. Ingbert,city_centre,DE,DEC05,independent,1.3394e+08,1.9294e+07,-6.1511e+06,1.3142e+07,49,0.14405,-0.045925,0.098122,2.6821e+05
C684,Sulzbach/Saar,city_centre,DE,DEC01,chain,7.7316e+07,8.2825e+06,-2.9923e+06,5.2902e+06,7,0.10713,-0.038702,0.068423,7.5574e+05
C684,Sulzbach/Saar,city_centre,DE,DEC01,independent,5.0277e+07,5.4726e+06,-2.0395e+06,3.4332e+06,20,0.10885,-0.040564,0.068285,1.7166e+05
C685,Friedrichsthal,city_centre,DE,DEC01,chain,1.8799e+07,1.5027e+06,-5.4863e+05,9.5412e+05,3,0.079939,-0.029185,0.050755,3.1804e+05
C685,Friedrichsthal,city_centre,DE,DEC01,independent,4.1087e+07,3.4487e+06,-1.346e+06,2.1027e+06,12,0.083938,-0.032761,0.051177,1.7523e+05
C687,Blieskastel,city_centre,DE,DEC05,chain,3.3005e+07,3.6595e+06,-9.8785e+05,2.6717e+06,5,0.11088,-0.02993,0.080946,5.3433e+05
C687,Blieskastel,city_centre,DE,DEC05,independent,1.0637e+08,1.2781e+07,-5.5345e+06,7.2465e+06,31,0.12016,-0.052032,0.068127,2.3376e+05
C689,Deux-Ponts,city_centre,DE,DEB3A,chain,1.0475e+08,8.0767e+06,-2.36e+06,5.7167e+06,18,0.077106,-0.02253,0.054575,3.1759e+05
C689,Deux-Ponts,city_centre,DE,DEB3A,independent,2.0503e+08,1.7508e+07,-7.0209e+06,1.0487e+07,33,0.085391,-0.034243,0.051148,3.1779e+05
C690,Neunkirchen (Saar),city_centre,DE,DEC03,chain,9.5142e+07,5.8958e+06,-2.7484e+06,3.1474e+06,10,0.061969,-0.028887,0.033081,3.1474e+05
C690,Neunkirchen (Saar),city_centre,DE,DEC03,independent,1.6517e+08,1.0413e+07,-4.9292e+06,5.4837e+06,53,0.063043,-0.029843,0.0332,1.0347e+05
C691,Ottweiler,city_centre,DE,DEC03,chain,4.8867e+07,1.3936e+06,-6.7653e+05,7.1705e+05,5,0.028518,-0.013844,0.014674,1.4341e+05
C691,Ottweiler,city_centre,DE,DEC03,independent,6.1821e+07,2.9753e+06,-2.1239e+06,8.5144e+05,32,0.048128,-0.034356,0.013773,26607
C692,Bexbach,city_centre,DE,DEC03,chain,0,0,0,0,0,,,,
C692,Bexbach,city_centre,DE,DEC03,independent,4.0624e+07,2.6176e+06,-1.2588e+06,1.3588e+06,15,0.064433,-0.030986,0.033448,90586
C694,Saint-Wendel,city_centre,DE,DEC06,chain,8.5756e+07,1.5474e+06,-1.4831e+06,64317,22,0.018044,-0.017294,0.00074999,2923.5
C694,Saint-Wendel,city_centre,DE,DEC06,independent,1.5288e+08,4.0984e+06,-4.3102e+06,-2.1187e+05,64,0.026807,-0.028193,-0.0013858,-3310.5
C695,Hombourg,city_centre,DE,DEC05,chain,7.6758e+07,5.0949e+06,-2.1866e+06,2.9083e+06,22,0.066376,-0.028487,0.037889,1.3219e+05
C695,Hombourg,city_centre,DE,DEC05,independent,2.3099e+08,1.4898e+07,-6.1001e+06,8.798e+06,64,0.064496,-0.026408,0.038088,1.3747e+05
C696,Morbach,city_centre,DE,DEB22,chain,2.3375e+06,90497,-47014,43484,8,0.038715,-0.020112,0.018602,5435.5
C696,Morbach,city_centre,DE,DEB22,independent,5.1125e+06,5.1772e+05,-3.008e+05,2.1692e+05,31,0.10127,-0.058837,0.042429,6997.3
C697,Bernkastel-Kues,city_centre,DE,DEB22,chain,1.0893e+06,2.2052e+05,-55219,1.653e+05,8,0.20244,-0.050693,0.15175,20663
C697,Bernkastel-Kues,city_centre,DE,DEB22,independent,8.7505e+06,3.0118e+06,-8.2075e+05,2.191e+06,90,0.34418,-0.093795,0.25039,24345
C698,Birkenfeld,city_centre,DE,DEB15,chain,1.5577e+07,2.4028e+05,-2.217e+05,18577,7,0.015425,-0.014232,0.0011926,2653.9
C698,Birkenfeld,city_centre,DE,DEB15,independent,2.1466e+07,6.8997e+05,-6.1346e+05,76507,20,0.032143,-0.028579,0.0035641,3825.3
C699,Baumholder,city_centre,DE,DEB15,chain,5.8812e+06,34429,-56625,-22195,4,0.0058541,-0.0096281,-0.003774,-5548.9
C699,Baumholder,city_centre,DE,DEB15,independent,4.4399e+06,64017,-1.1686e+05,-52840,11,0.014419,-0.02632,-0.011901,-4803.7
C7,Bergara,city_centre,ES,ES212,chain,4.6146e+05,14236,-6808.7,7427.6,4,0.03085,-0.014755,0.016096,1856.9
C7,Bergara,city_centre,ES,ES212,independent,1.2482e+06,49902,-27617,22286,12,0.039979,-0.022125,0.017854,1857.1
C70,Saint-Girons,city_centre,FR,FRJ21,chain,2.3884e+07,0,-11813,-11813,17,0,-0.00049459,-0.00049459,-694.88
C70,Saint-Girons,city_centre,FR,FRJ21,independent,9.9944e+07,0,-45935,-45935,91,0,-0.00045961,-0.00045961,-504.78
C701,Kusel,city_centre,DE,DEB3G,chain,2.3558e+07,2.058e+05,-1.8907e+05,16733,6,0.008736,-0.0080257,0.00071027,2788.8
C701,Kusel,city_centre,DE,DEB3G,independent,5.2318e+07,7.8518e+05,-8.3782e+05,-52638,37,0.015008,-0.016014,-0.0010061,-1422.7
C702,Kirn,city_centre,DE,DEB14,chain,1.6792e+05,0,-1013.3,-1013.3,3,0,-0.0060343,-0.0060343,-337.77
C702,Kirn,city_centre,DE,DEB14,independent,6.7687e+05,0,-12505,-12505,13,0,-0.018475,-0.018475,-961.92
C703,Menton,city_centre,FR,FRL03,chain,3.5564e+07,7.4216e+06,-6.296e+06,1.1256e+06,34,0.20868,-0.17703,0.031649,33106
C703,Menton,city_centre,FR,FRL03,independent,6.0139e+07,1.1835e+07,-1.1033e+07,8.0252e+05,54,0.1968,-0.18346,0.013345,14862
C704,Vintimille,city_centre,IT,ITC31,chain,3.1563e+07,9.3344e+06,-5.9549e+06,3.3795e+06,18,0.29574,-0.18867,0.10707,1.8775e+05
C704,Vintimille,city_centre,IT,ITC31,independent,2.4035e+08,7.0791e+07,-4.6053e+07,2.4738e+07,179,0.29454,-0.19161,0.10293,1.382e+05
C706,Bordighera,city_centre,IT,ITC31,chain,1.0954e+07,2.1694e+06,-1.2143e+06,9.5515e+05,3,0.19806,-0.11086,0.0872,3.1838e+05
C706,Bordighera,city_centre,IT,ITC31,independent,6.4882e+07,1.2744e+07,-9.8934e+06,2.8505e+06,50,0.19642,-0.15248,0.043934,57010
C707,Sanremo,city_centre,IT,ITC31,chain,1.1454e+08,7.7888e+06,-1.613e+07,-8.3416e+06,42,0.068001,-0.14083,-0.072828,-1.9861e+05
C707,Sanremo,city_centre,IT,ITC31,independent,2.4441e+08,1.5016e+07,-2.7892e+07,-1.2877e+07,117,0.061437,-0.11412,-0.052685,-1.1006e+05
C708,Coni,city_centre,IT,ITC16,chain,8.4451e+07,3.9931e+05,-5722.4,3.9359e+05,47,0.0047283,-6.776e-05,0.0046606,8374.2
C708,Coni,city_centre,IT,ITC16,independent,8.6971e+08,4.278e+06,-56006,4.222e+06,469,0.0049189,-6.4396e-05,0.0048545,9002.2
C709,Mondovì,city_centre,IT,ITC16,chain,0,0,0,0,0,,,,
C709,Mondovì,city_centre,IT,ITC16,independent,1.054e+08,13126,-7599,5526.7,28,0.00012454,-7.21e-05,5.2438e-05,197.38
C71,Solsona,city_centre,ES,ES513,chain,3.6348e+06,0,-1.6855e+06,-1.6855e+06,7,0,-0.4637,-0.4637,-2.4078e+05
C71,Solsona,city_centre,ES,ES513,independent,4.8724e+06,0,-2.3288e+06,-2.3288e+06,15,0,-0.47796,-0.47796,-1.5526e+05
C710,Fossano,city_centre,IT,ITC16,chain,7.9764e+06,2454.7,-420.27,2034.4,3,0.00030774,-5.2689e-05,0.00025505,678.13
C710,Fossano,city_centre,IT,ITC16,independent,5.2201e+07,16742,-4171.2,12571,34,0.00032073,-7.9907e-05,0.00024082,369.74
C711,Savigliano,city_centre,IT,ITC16,chain,1.2225e+06,2.9205,-218.55,-215.62,2,2.3889e-06,-0.00017876,-0.00017637,-107.81
C711,Savigliano,city_centre,IT,ITC16,independent,6.8679e+07,63.175,-2665.5,-2602.3,51,9.1987e-07,-3.881e-05,-3.7891e-05,-51.025
C712,Racconigi,city_centre,IT,ITC16,chain,2.3356e+06,0,-587.13,-587.13,1,0,-0.00025138,-0.00025138,-587.13
C712,Racconigi,city_centre,IT,ITC16,independent,1.563e+07,0,-6824.9,-6824.9,24,0,-0.00043666,-0.00043666,-284.37
C714,Bra,city_centre,IT,ITC16,chain,4.5742e+06,0,-1169.4,-1169.4,9,0,-0.00025564,-0.00025564,-129.93
C714,Bra,city_centre,IT,ITC16,independent,5.3287e+07,0,-13009,-13009,142,0,-0.00024412,-0.00024412,-91.61
C718,Poirino,city_centre,IT,ITC11,chain,3.2533e+05,0,-1268.7,-1268.7,1,0,-0.0038996,-0.0038996,-1268.7
C718,Poirino,city_centre,IT,ITC11,independent,7.9519e+06,0,-28152,-28152,24,0,-0.0035403,-0.0035403,-1173
C72,Sant Joan de Vilatorrada,city_centre,ES,ES511,chain,4.481e+06,0,-3199.1,-3199.1,7,0,-0.00071392,-0.00071392,-457.02
C72,Sant Joan de Vilatorrada,city_centre,ES,ES511,independent,1.0798e+07,0,-2.3526e+05,-2.3526e+05,45,0,-0.021787,-0.021787,-5228
C720,Orbassano,city_centre,IT,ITC11,chain,1.6089e+07,604.41,-56587,-55982,3,3.7566e-05,-0.0035171,-0.0034795,-18661
C720,Orbassano,city_centre,IT,ITC11,independent,3.2274e+07,3613.6,-1.2333e+05,-1.1972e+05,11,0.00011197,-0.0038215,-0.0037095,-10884
C722,Rivoli,city_centre,IT,ITC11,chain,6.1433e+07,2.7386e+05,-5.7466e+05,-3.008e+05,15,0.0044578,-0.0093542,-0.0048964,-20053
C722,Rivoli,city_centre,IT,ITC11,independent,3.2857e+08,1.6406e+06,-2.9951e+06,-1.3546e+06,121,0.0049931,-0.0091157,-0.0041226,-11195
C723,Alpignano,city_centre,IT,ITC11,chain,9.3501e+06,24875,-86445,-61570,3,0.0026604,-0.0092454,-0.006585,-20523
C723,Alpignano,city_centre,IT,ITC11,independent,2.3966e+07,81598,-2.1234e+05,-1.3074e+05,19,0.0034047,-0.00886,-0.0054553,-6881.3
C724,Pianezza,city_centre,IT,ITC11,chain,9.4206e+06,19684,-69681,-49998,2,0.0020894,-0.0073967,-0.0053073,-24999
C724,Pianezza,city_centre,IT,ITC11,independent,3.4073e+07,97074,-2.435e+05,-1.4642e+05,19,0.002849,-0.0071463,-0.0042973,-7706.5
C726,Collegno,city_centre,IT,ITC11,chain,8.3698e+06,17650,-72556,-54907,1,0.0021088,-0.0086688,-0.0065601,-54907
C726,Collegno,city_centre,IT,ITC11,independent,3.1849e+07,1.3531e+05,-2.4456e+05,-1.0925e+05,13,0.0042487,-0.0076789,-0.0034302,-8403.7
C727,Grugliasco,city_centre,IT,ITC11,chain,1.3035e+07,25775,-1.1076e+05,-84983,2,0.0019774,-0.0084972,-0.0065198,-42492
C727,Grugliasco,city_centre,IT,ITC11,independent,1.1121e+08,3.8366e+05,-8.6752e+05,-4.8386e+05,36,0.0034499,-0.0078008,-0.0043509,-13440
C728,Moncalieri,city_centre,IT,ITC11,chain,6.2642e+06,723.71,-30084,-29361,4,0.00011553,-0.0048025,-0.004687,-7340.2
C728,Moncalieri,city_centre,IT,ITC11,independent,2.0522e+07,5820.7,-86856,-81035,16,0.00028363,-0.0042323,-0.0039486,-5064.7
C729,Turin,city_centre,IT,ITC11,chain,3.4545e+08,2.7696e+05,-1.7882e+06,-1.5113e+06,175,0.00080173,-0.0051765,-0.0043748,-8635.8
C729,Turin,city_centre,IT,ITC11,independent,1.114e+09,8.6134e+05,-5.7871e+06,-4.9258e+06,695,0.00077318,-0.0051948,-0.0044216,-7087.5
C73,Berga,city_centre,ES,ES511,chain,2.4067e+07,57351,-8.5224e+05,-7.9488e+05,4,0.002383,-0.035411,-0.033028,-1.9872e+05
C73,Berga,city_centre,ES,ES511,independent,8.2802e+07,5.1016e+05,-5.7194e+06,-5.2092e+06,32,0.0061612,-0.069073,-0.062912,-1.6279e+05
C730,Chieri,city_centre,IT,ITC11,chain,9.5979e+06,0,-29709,-29709,9,0,-0.0030953,-0.0030953,-3300.9
C730,Chieri,city_centre,IT,ITC11,independent,4.6994e+07,0,-1.4499e+05,-1.4499e+05,118,0,-0.0030852,-0.0030852,-1228.7
C731,San Mauro Torinese,city_centre,IT,ITC11,chain,7.2398e+05,48.167,-3357.7,-3309.5,1,6.6531e-05,-0.0046378,-0.0045712,-3309.5
C731,San Mauro Torinese,city_centre,IT,ITC11,independent,1.3152e+07,2041.1,-66075,-64034,22,0.00015519,-0.005024,-0.0048688,-2910.6
C734,Borgaro Torinese,city_centre,IT,ITC11,chain,1.6502e+07,5838.9,-77642,-71803,4,0.00035382,-0.0047049,-0.0043511,-17951
C734,Borgaro Torinese,city_centre,IT,ITC11,independent,3.2701e+07,22866,-1.5895e+05,-1.3608e+05,18,0.00069923,-0.0048607,-0.0041614,-7560.2
C735,Leini,city_centre,IT,ITC11,chain,2.0869e+07,999.98,-69863,-68863,6,4.7917e-05,-0.0033477,-0.0032998,-11477
C735,Leini,city_centre,IT,ITC11,independent,1.9306e+07,1854.3,-74996,-73142,16,9.6051e-05,-0.0038847,-0.0037886,-4571.4
C736,Ciriè,city_centre,IT,ITC11,chain,1.2611e+06,0,-3071.7,-3071.7,2,0,-0.0024358,-0.0024358,-1535.8
C736,Ciriè,city_centre,IT,ITC11,independent,7.3842e+07,0,-86662,-86662,40,0,-0.0011736,-0.0011736,-2166.6
C74,Puigcerdà,city_centre,ES,ES512,chain,4.547e+07,1.5865e+07,-1.473e+07,1.1348e+06,5,0.34892,-0.32396,0.024958,2.2696e+05
C74,Puigcerdà,city_centre,ES,ES512,independent,8.7324e+07,2.4812e+07,-3.2781e+07,-7.9688e+06,31,0.28413,-0.37539,-0.091256,-2.5706e+05
C740,Chivasso,city_centre,IT,ITC11,chain,5.1012e+06,0,-24034,-24034,5,0,-0.0047115,-0.0047115,-4806.8
C740,Chivasso,city_centre,IT,ITC11,independent,7.3726e+06,0,-44086,-44086,18,0,-0.0059798,-0.0059798,-2449.2
C741,Cuorgnè,city_centre,IT,ITC11,chain,1.8978e+07,0,-250.67,-250.67,4,0,-1.3208e-05,-1.3208e-05,-62.667
C741,Cuorgnè,city_centre,IT,ITC11,independent,4.9141e+07,0,-55325,-55325,45,0,-0.0011258,-0.0011258,-1229.5
C742,Rivarolo Canavese,city_centre,IT,ITC11,chain,1.9893e+07,0,-71750,-71750,22,0,-0.0036067,-0.0036067,-3261.3
C742,Rivarolo Canavese,city_centre,IT,ITC11,independent,1.2189e+08,0,-4.4805e+05,-4.4805e+05,168,0,-0.0036757,-0.0036757,-2667
C744,Ivrée,city_centre,IT,ITC11,chain,3.2416e+06,45.717,-61695,-61650,7,1.4104e-05,-0.019033,-0.019018,-8807.1
C744,Ivrée,city_centre,IT,ITC11,independent,4.2242e+07,627.7,-1.3587e+06,-1.3581e+06,122,1.486e-05,-0.032164,-0.03215,-11132
C745,Sierre,city_centre,CH,CH012,chain,2.0109e+07,9964,-68765,-58801,7,0.00049549,-0.0034195,-0.002924,-8400.1
C745,Sierre,city_centre,CH,CH012,independent,2.0634e+07,20115,-1.7477e+05,-1.5466e+05,31,0.00097481,-0.0084701,-0.0074952,-4989
C746,Zermatt,city_centre,CH,CH012,chain,0,0,0,0,13,,,,0
C746,Zermatt,city_centre,CH,CH012,independent,0,0,0,0,82,,,,0
C747,Münsingen,city_centre,CH,CH021,chain,1.5859e+07,26147,-3.0047e+05,-2.7432e+05,12,0.0016487,-0.018946,-0.017297,-22860
C747,Münsingen,city_centre,CH,CH021,independent,1.9727e+07,98099,-8.7876e+05,-7.8066e+05,35,0.0049729,-0.044547,-0.039574,-22305
C748,Worb,city_centre,CH,CH021,chain,6.8195e+06,9719.5,-1.1569e+05,-1.0597e+05,6,0.0014253,-0.016964,-0.015539,-17661
C748,Worb,city_centre,CH,CH021,independent,8.7295e+06,30794,-2.836e+05,-2.5281e+05,14,0.0035275,-0.032488,-0.02896,-18058
C749,Soleure,city_centre,CH,CH023,chain,2.6387e+08,1.5029e+06,-9.1084e+06,-7.6055e+06,38,0.0056956,-0.034518,-0.028823,-2.0014e+05
C749,Soleure,city_centre,CH,CH023,independent,4.452e+08,4.3885e+06,-2.1937e+07,-1.7548e+07,165,0.0098574,-0.049274,-0.039416,-1.0635e+05
C75,Andorre-la-Vieille,city_centre,AD,AD,chain,3.9638e+07,8.2384e+06,-58968,8.1794e+06,4,0.20784,-0.0014877,0.20635,2.0449e+06
C75,Andorre-la-Vieille,city_centre,AD,AD,independent,1.1902e+08,2.6954e+07,-2.5674e+05,2.6697e+07,30,0.22646,-0.0021571,0.2243,8.899e+05
C750,Berthoud,city_centre,CH,CH021,chain,5.0273e+07,1.2161e+05,-1.1886e+06,-1.067e+06,13,0.0024189,-0.023644,-0.021225,-82080
C750,Berthoud,city_centre,CH,CH021,independent,9.187e+07,5.74e+05,-3.5782e+06,-3.0042e+06,55,0.0062479,-0.038949,-0.032701,-54622
C751,Langenthal,city_centre,CH,CH021,chain,1.3654e+08,1.3455e+06,-7.6467e+06,-6.3012e+06,33,0.0098543,-0.056004,-0.046149,-1.9095e+05
C751,Langenthal,city_centre,CH,CH021,independent,1.2252e+08,1.4095e+06,-7.5149e+06,-6.1054e+06,58,0.011504,-0.061334,-0.04983,-1.0526e+05
C752,Zofingen,city_centre,CH,CH033,chain,5.1477e+07,5.2991e+05,-3.3684e+06,-2.8385e+06,11,0.010294,-0.065434,-0.05514,-2.5804e+05
C752,Zofingen,city_centre,CH,CH033,independent,5.5969e+07,1.3366e+06,-5.2736e+06,-3.937e+06,32,0.023881,-0.094224,-0.070344,-1.2303e+05
C753,Olten,city_centre,CH,CH023,chain,2.1621e+08,2.816e+06,-1.5973e+07,-1.3157e+07,42,0.013025,-0.073876,-0.060852,-3.1325e+05
C753,Olten,city_centre,CH,CH023,independent,2.7885e+08,4.7781e+06,-2.3126e+07,-1.8348e+07,84,0.017135,-0.082934,-0.0658,-2.1843e+05
C754,Oftringen,city_centre,CH,CH023,chain,1.1985e+08,2.5626e+06,-1.0618e+07,-8.0559e+06,25,0.021381,-0.088597,-0.067216,-3.2223e+05
C754,Oftringen,city_centre,CH,CH023,independent,6.1533e+07,2.4538e+06,-7.8569e+06,-5.4031e+06,17,0.039879,-0.12769,-0.087808,-3.1783e+05
C755,Aesch BL,city_centre,CH,CH023,chain,4.7309e+07,3.2962e+06,-8.834e+06,-5.5378e+06,5,0.069674,-0.18673,-0.11706,-1.1076e+06
C755,Aesch BL,city_centre,CH,CH023,independent,4.3282e+07,3.1951e+06,-8.3032e+06,-5.108e+06,10,0.073821,-0.19184,-0.11802,-5.108e+05
C756,Therwil,city_centre,CH,CH023,chain,8.078e+07,6.1764e+06,-1.4722e+07,-8.5456e+06,8,0.076459,-0.18225,-0.10579,-1.0682e+06
C756,Therwil,city_centre,CH,CH023,independent,4.6142e+07,3.9668e+06,-9.0775e+06,-5.1106e+06,15,0.085971,-0.19673,-0.11076,-3.4071e+05
C757,Reinach BL,city_centre,CH,CH023,chain,9.226e+07,7.2247e+06,-1.7912e+07,-1.0688e+07,10,0.078308,-0.19415,-0.11584,-1.0688e+06
C757,Reinach BL,city_centre,CH,CH023,independent,1.3628e+08,1.3916e+07,-3.0539e+07,-1.6623e+07,28,0.10211,-0.22409,-0.12198,-5.9368e+05
C758,Liestal,city_centre,CH,CH032,chain,1.7893e+08,1.3481e+07,-3.7852e+07,-2.437e+07,19,0.075345,-0.21155,-0.1362,-1.2826e+06
C758,Liestal,city_centre,CH,CH032,independent,1.5626e+08,1.3396e+07,-3.4057e+07,-2.0661e+07,42,0.085728,-0.21795,-0.13222,-4.9192e+05
C759,Allschwil,city_centre,CH,CH031,chain,1.1282e+07,1.6948e+06,-2.2455e+06,-5.5067e+05,1,0.15021,-0.19902,-0.048807,-5.5067e+05
C759,Allschwil,city_centre,CH,CH031,independent,3.4566e+07,5.4237e+06,-7.3779e+06,-1.9541e+06,14,0.15691,-0.21344,-0.056534,-1.3958e+05
C76,les Escaldes,city_centre,AD,AD,chain,2.4458e+07,5.3875e+06,-62182,5.3253e+06,14,0.22027,-0.0025424,0.21773,3.8038e+05
C76,les Escaldes,city_centre,AD,AD,independent,1.2733e+08,2.9268e+07,-3.5753e+05,2.8911e+07,47,0.22987,-0.002808,0.22706,6.1513e+05
C760,Oberwil BL,city_centre,CH,CH032,chain,5.6112e+07,5.1402e+06,-1.0689e+07,-5.5484e+06,7,0.091606,-0.19049,-0.098882,-7.9263e+05
C760,Oberwil BL,city_centre,CH,CH032,independent,5.0744e+07,6.4529e+06,-1.2467e+07,-6.0137e+06,18,0.12717,-0.24568,-0.11851,-3.3409e+05
C761,Binningen,city_centre,CH,CH031,chain,7.858e+07,7.917e+06,-1.5344e+07,-7.4267e+06,7,0.10075,-0.19526,-0.094511,-1.061e+06
C761,Binningen,city_centre,CH,CH031,independent,4.6658e+07,5.0154e+06,-9.5277e+06,-4.5123e+06,10,0.10749,-0.20421,-0.096711,-4.5123e+05
C762,Bâle,city_centre,CH,CH031,chain,1.0831e+09,1.381e+08,-2.3575e+08,-9.7642e+07,162,0.1275,-0.21765,-0.090148,-6.0273e+05
C762,Bâle,city_centre,CH,CH031,independent,1.6457e+09,2.2143e+08,-3.7309e+08,-1.5167e+08,434,0.13454,-0.2267,-0.092157,-3.4946e+05
C764,Muttenz,city_centre,CH,CH032,chain,9.4854e+07,8.6903e+06,-1.9737e+07,-1.1046e+07,12,0.091618,-0.20807,-0.11645,-9.2052e+05
C764,Muttenz,city_centre,CH,CH032,independent,9.4835e+07,9.277e+06,-2.0312e+07,-1.1035e+07,24,0.097822,-0.21419,-0.11636,-4.5981e+05
C766,Saint-Louis,city_centre,FR,FRF12,chain,1.7742e+07,1.32e+07,-8.6611e+06,4.5391e+06,10,0.744,-0.48816,0.25584,4.5391e+05
C766,Saint-Louis,city_centre,FR,FRF12,independent,1.0093e+08,6.1781e+07,-5.5565e+07,6.2164e+06,28,0.6121,-0.55051,0.061589,2.2201e+05
C767,Wil-sur-le-Rhin,city_centre,DE,DE139,chain,1.5056e+08,1.8704e+08,-3.9161e+07,1.4788e+08,40,1.2423,-0.26011,0.98223,3.697e+06
C767,Wil-sur-le-Rhin,city_centre,DE,DE139,independent,9.6888e+07,1.023e+08,-2.7521e+07,7.4784e+07,34,1.0559,-0.28405,0.77186,2.1995e+06
C768,Riehen,city_centre,CH,CH031,chain,4.4843e+07,6.6227e+06,-9.8243e+06,-3.2016e+06,5,0.14769,-0.21908,-0.071397,-6.4033e+05
C768,Riehen,city_centre,CH,CH031,independent,3.0635e+07,4.7766e+06,-6.9954e+06,-2.2189e+06,10,0.15592,-0.22835,-0.072429,-2.2189e+05
C769,Pratteln,city_centre,CH,CH032,chain,5.6905e+07,4.7545e+06,-1.1995e+07,-7.241e+06,5,0.08355,-0.2108,-0.12725,-1.4482e+06
C769,Pratteln,city_centre,CH,CH032,independent,3.2215e+07,3.2081e+06,-7.1767e+06,-3.9686e+06,13,0.099585,-0.22278,-0.12319,-3.0528e+05
C77,La Massana,city_centre,AD,AD,chain,2.6486e+07,3.9027e+06,-41118,3.8616e+06,3,0.14735,-0.0015524,0.1458,1.2872e+06
C77,La Massana,city_centre,AD,AD,independent,3.1176e+07,4.983e+06,-57754,4.9252e+06,15,0.15983,-0.0018525,0.15798,3.2835e+05
C770,Lörrach,city_centre,DE,DE139,chain,1.6052e+08,1.1846e+08,-4.0244e+07,7.8216e+07,44,0.73797,-0.25071,0.48726,1.7776e+06
C770,Lörrach,city_centre,DE,DE139,independent,3.23e+08,2.3961e+08,-7.9218e+07,1.604e+08,127,0.74184,-0.24526,0.49658,1.263e+06
C771,Rheinfelden,city_centre,CH,CH033,chain,5.3905e+07,5.1748e+06,-1.3169e+07,-7.9946e+06,4,0.095999,-0.24431,-0.14831,-1.9986e+06
C771,Rheinfelden,city_centre,CH,CH033,independent,1.4728e+08,1.8194e+07,-3.6779e+07,-1.8584e+07,62,0.12354,-0.24972,-0.12619,-2.9975e+05
C772,Rheinfelden (Baden),city_centre,DE,DE139,chain,8.1553e+07,8.1062e+07,-1.8145e+07,6.2917e+07,21,0.99398,-0.22249,0.77148,2.9961e+06
C772,Rheinfelden (Baden),city_centre,DE,DE139,independent,1.7287e+08,1.6395e+08,-4.1889e+07,1.2206e+08,73,0.94838,-0.24231,0.70607,1.6721e+06
C774,Bad Säckingen,city_centre,DE,DE13A,chain,1.0218e+08,6.0788e+07,-1.9204e+07,4.1585e+07,28,0.59492,-0.18794,0.40698,1.4852e+06
C774,Bad Säckingen,city_centre,DE,DE13A,independent,1.3115e+08,7.7285e+07,-2.6571e+07,5.0714e+07,73,0.58929,-0.2026,0.38669,6.9471e+05
C775,Kandern,city_centre,DE,DE139,chain,7.1308e+06,1.7075e+06,-1.2646e+06,4.4285e+05,1,0.23945,-0.17734,0.062104,4.4285e+05
C775,Kandern,city_centre,DE,DE139,independent,2.3117e+07,7.3223e+06,-5.025e+06,2.2973e+06,18,0.31675,-0.21737,0.099377,1.2763e+05
C776,Neuchâtel-sur-le-Rhin,city_centre,DE,DE132,chain,4.6819e+07,2.6516e+07,-7.2333e+06,1.9283e+07,9,0.56634,-0.15449,0.41185,2.1425e+06
C776,Neuchâtel-sur-le-Rhin,city_centre,DE,DE132,independent,4.0629e+07,2.2972e+07,-6.6448e+06,1.6327e+07,13,0.5654,-0.16355,0.40186,1.2559e+06
C777,Müllheim im Markgräflerland,city_centre,DE,DE132,chain,4.9801e+07,1.514e+07,-7.567e+06,7.5727e+06,12,0.304,-0.15194,0.15206,6.3106e+05
C777,Müllheim im Markgräflerland,city_centre,DE,DE132,independent,6.7845e+07,2.2355e+07,-1.1447e+07,1.0908e+07,31,0.3295,-0.16872,0.16078,3.5188e+05
C778,Schopfheim,city_centre,DE,DE139,chain,3.3183e+07,8.4715e+06,-5.244e+06,3.2275e+06,10,0.25529,-0.15803,0.097263,3.2275e+05
C778,Schopfheim,city_centre,DE,DE139,independent,1.0718e+08,2.9007e+07,-1.8235e+07,1.0772e+07,45,0.27064,-0.17014,0.1005,2.3938e+05
C780,Wehr,city_centre,DE,DE139,chain,2.7277e+07,6.0363e+06,-3.0274e+06,3.0089e+06,7,0.22129,-0.11099,0.11031,4.2984e+05
C780,Wehr,city_centre,DE,DE139,independent,3.0412e+07,8.5103e+06,-5.3346e+06,3.1757e+06,26,0.27984,-0.17541,0.10442,1.2214e+05
C782,Todtnau,city_centre,DE,DE139,chain,1.4073e+07,3.6376e+05,-7.2044e+05,-3.5668e+05,5,0.025848,-0.051192,-0.025344,-71336
C782,Todtnau,city_centre,DE,DE139,independent,1.5527e+07,5.3346e+05,-9.8456e+05,-4.511e+05,11,0.034358,-0.063411,-0.029053,-41009
C783,Heitersheim,city_centre,DE,DE132,chain,2.9118e+07,4.6104e+06,-2.8233e+06,1.787e+06,4,0.15834,-0.096963,0.061373,4.4676e+05
C783,Heitersheim,city_centre,DE,DE132,independent,2.5811e+07,5.7231e+06,-3.8297e+06,1.8934e+06,19,0.22173,-0.14837,0.073356,99653
C785,Staufen im Breisgau,city_centre,DE,DE132,chain,1.8106e+06,3.7283e+05,-3.4159e+05,31238,2,0.20591,-0.18866,0.017253,15619
C785,Staufen im Breisgau,city_centre,DE,DE132,independent,7.8525e+07,1.1173e+07,-9.5325e+06,1.6405e+06,60,0.14229,-0.12139,0.020891,27341
C786,Krotzingue-les-Bains,city_centre,DE,DE132,chain,3.8889e+07,5.2681e+06,-2.9592e+06,2.3089e+06,9,0.13546,-0.076092,0.05937,2.5654e+05
C786,Krotzingue-les-Bains,city_centre,DE,DE132,independent,9.3778e+07,1.3428e+07,-7.9117e+06,5.5161e+06,27,0.14319,-0.084366,0.05882,2.043e+05
C787,Fribourg-en-Brisgau,city_centre,DE,DE131,chain,7.974e+08,6.2414e+07,-6.0193e+07,2.2216e+06,138,0.078272,-0.075486,0.002786,16098
C787,Fribourg-en-Brisgau,city_centre,DE,DE131,independent,1.4764e+09,1.2491e+08,-1.2386e+08,1.0455e+06,526,0.084605,-0.083897,0.00070817,1987.7
C788,Kirchzarten,city_centre,DE,DE132,chain,3.6104e+07,1.3616e+06,-1.146e+06,2.1557e+05,9,0.037713,-0.031742,0.0059707,23952
C788,Kirchzarten,city_centre,DE,DE132,independent,4.0804e+07,2.6583e+06,-2.9606e+06,-3.0232e+05,29,0.065148,-0.072557,-0.0074091,-10425
C789,Vieux Brisach,city_centre,DE,DE132,chain,1.305e+07,6.0839e+06,-1.5718e+06,4.5121e+06,8,0.4662,-0.12044,0.34575,5.6402e+05
C789,Vieux Brisach,city_centre,DE,DE132,independent,2.5622e+07,1.2384e+07,-2.6728e+06,9.7114e+06,16,0.48334,-0.10432,0.37902,6.0696e+05
C790,Endingen am Kaiserstuhl,city_centre,DE,DE133,chain,1.0472e+07,1.547e+06,-7.8401e+05,7.6297e+05,3,0.14772,-0.074866,0.072857,2.5432e+05
C790,Endingen am Kaiserstuhl,city_centre,DE,DE133,independent,6.5035e+07,1.0346e+07,-6.8915e+06,3.4542e+06,42,0.15908,-0.10597,0.053113,82243
C791,Emmendingen,city_centre,DE,DE133,chain,8.5039e+07,5.321e+06,-5.2441e+06,76822,23,0.062571,-0.061667,0.00090337,3340.1
C791,Emmendingen,city_centre,DE,DE133,independent,1.8554e+08,1.4958e+07,-1.6529e+07,-1.5716e+06,70,0.080617,-0.089088,-0.0084705,-22452
C792,Gondelfingue (Bade-Wurtemberg),city_centre,DE,DE131,chain,7.0621e+07,3.1057e+06,-2.2437e+06,8.6198e+05,9,0.043977,-0.031771,0.012206,95776
C792,Gondelfingue (Bade-Wurtemberg),city_centre,DE,DE131,independent,1.0826e+08,8.2371e+06,-8.3584e+06,-1.2133e+05,39,0.076087,-0.077208,-0.0011207,-3111
C793,Denzlingen,city_centre,DE,DE132,chain,3.3451e+07,1.2898e+06,-9.7682e+05,3.1301e+05,6,0.038559,-0.029201,0.0093573,52169
C793,Denzlingen,city_centre,DE,DE132,independent,4.9893e+07,3.7722e+06,-4.1402e+06,-3.68e+05,24,0.075606,-0.082982,-0.0073758,-15333
C794,Waldkirch,city_centre,DE,DE133,chain,1.9442e+07,9.733e+05,-1.0827e+06,-1.0936e+05,8,0.050062,-0.055686,-0.0056247,-13669
C794,Waldkirch,city_centre,DE,DE133,independent,1.7873e+08,1.2533e+07,-1.5502e+07,-2.9694e+06,68,0.070122,-0.086736,-0.016614,-43668
C795,Kenzingen,city_centre,DE,DE133,chain,3.5842e+07,2.4936e+06,-1.9613e+06,5.3229e+05,7,0.069571,-0.05472,0.014851,76042
C795,Kenzingen,city_centre,DE,DE133,independent,4.8292e+07,4.3165e+06,-4.1477e+06,1.6879e+05,24,0.089383,-0.085888,0.0034953,7033.1
C796,Herbolzheim,city_centre,DE,DE133,chain,1.7709e+07,1.0879e+06,-1.103e+06,-15046,3,0.061432,-0.062281,-0.00084963,-5015.4
C796,Herbolzheim,city_centre,DE,DE133,independent,4.2682e+07,3.8389e+06,-4.5393e+06,-7.0043e+05,27,0.089941,-0.10635,-0.01641,-25942
C797,Benfeld,city_centre,FR,FRF11,chain,1.2494e+07,7.9967e+05,-1.2816e+06,-4.8197e+05,4,0.064005,-0.10258,-0.038577,-1.2049e+05
C797,Benfeld,city_centre,FR,FRF11,independent,6.6713e+07,4.0546e+06,-6.7178e+06,-2.6632e+06,27,0.060777,-0.1007,-0.039921,-98638
C798,Erstein,city_centre,FR,FRF11,chain,2.3998e+07,2.3463e+06,-2.5614e+06,-2.1511e+05,7,0.097768,-0.10673,-0.0089636,-30730
C798,Erstein,city_centre,FR,FRF11,independent,4.9117e+07,6.0862e+06,-5.8016e+06,2.8468e+05,30,0.12391,-0.11812,0.0057961,9489.4
C799,Ettenheim,city_centre,DE,DE134,chain,2.3238e+07,1.0901e+06,-1.6206e+06,-5.3059e+05,3,0.046908,-0.069741,-0.022833,-1.7686e+05
C799,Ettenheim,city_centre,DE,DE134,independent,5.2833e+07,4.1491e+06,-6.099e+06,-1.9499e+06,32,0.078534,-0.11544,-0.036907,-60933
C8,Eibar,city_centre,ES,ES212,chain,3.8274e+06,2.1938e+05,-93320,1.2606e+05,23,0.057317,-0.024382,0.032935,5480.7
C8,Eibar,city_centre,ES,ES212,independent,1.9186e+07,1.4596e+06,-7.0708e+05,7.5248e+05,192,0.076075,-0.036854,0.039221,3919.1
C80,Canillo,city_centre,AD,AD,chain,1.3009e+07,2.3725e+06,-91074,2.2814e+06,4,0.18237,-0.0070007,0.17537,5.7035e+05
C80,Canillo,city_centre,AD,AD,independent,1.0943e+07,2.4246e+06,-71469,2.3532e+06,11,0.22156,-0.0065308,0.21503,2.1392e+05
C800,Lahr/Schwarzwald,city_centre,DE,DE134,chain,1.2075e+08,7.2257e+06,-1.3077e+07,-5.8515e+06,24,0.05984,-0.1083,-0.048459,-2.4381e+05
C800,Lahr/Schwarzwald,city_centre,DE,DE134,independent,2.1789e+08,1.3303e+07,-2.4027e+07,-1.0725e+07,50,0.061051,-0.11027,-0.04922,-2.145e+05
C801,Offenbourg,city_centre,DE,DE134,chain,2.3225e+08,3.1419e+07,-4.1669e+07,-1.025e+07,49,0.13528,-0.17942,-0.044135,-2.0919e+05
C801,Offenbourg,city_centre,DE,DE134,independent,3.7614e+08,4.5907e+07,-6.2719e+07,-1.6812e+07,89,0.12205,-0.16675,-0.044698,-1.889e+05
C803,Illkirch-Graffenstaden,city_centre,FR,FRF11,chain,1.7776e+07,1.5471e+06,-1.6792e+06,-1.3211e+05,3,0.087032,-0.094463,-0.0074316,-44036
C803,Illkirch-Graffenstaden,city_centre,FR,FRF11,independent,6.0855e+07,7.6267e+06,-6.8646e+06,7.6213e+05,19,0.12533,-0.1128,0.012524,40112
C805,Strasbourg,city_centre,FR,FRF11,chain,8.9481e+08,1.3855e+08,-1.0855e+08,2.9997e+07,276,0.15483,-0.12131,0.033524,1.0869e+05
C805,Strasbourg,city_centre,FR,FRF11,independent,1.8158e+09,2.5953e+08,-2.1043e+08,4.9104e+07,596,0.14293,-0.11588,0.027042,82389
C806,Schiltigheim,city_centre,FR,FRF11,chain,3.3841e+07,2.7924e+06,-3.2463e+06,-4.5394e+05,6,0.082515,-0.095928,-0.013414,-75656
C806,Schiltigheim,city_centre,FR,FRF11,independent,1.7894e+08,1.7793e+07,-1.8618e+07,-8.25e+05,42,0.09944,-0.10405,-0.0046106,-19643
C807,Bischheim,city_centre,FR,FRF11,chain,1.9021e+07,1.5459e+06,-1.8927e+06,-3.4677e+05,4,0.081272,-0.099502,-0.01823,-86692
C807,Bischheim,city_centre,FR,FRF11,independent,4.2476e+07,4.0439e+06,-4.5066e+06,-4.6264e+05,16,0.095204,-0.1061,-0.010892,-28915
C809,Kehl,city_centre,DE,DE134,chain,1.1053e+08,7.0243e+07,-2.8968e+07,4.1274e+07,35,0.63549,-0.26208,0.37341,1.1793e+06
C809,Kehl,city_centre,DE,DE134,independent,2.0035e+08,1.2806e+08,-5.2616e+07,7.5447e+07,80,0.63918,-0.26261,0.37657,9.4309e+05
C81,Foix,city_centre,FR,FRJ21,chain,2.5991e+07,9324.6,-5.5137e+05,-5.4204e+05,12,0.00035877,-0.021214,-0.020855,-45170
C81,Foix,city_centre,FR,FRJ21,independent,1.1569e+08,44819,-2.4766e+06,-2.4318e+06,55,0.00038742,-0.021408,-0.02102,-44214
C810,Brumath,city_centre,FR,FRF11,chain,1.2143e+07,8.8612e+05,-1.412e+06,-5.2586e+05,7,0.072972,-0.11628,-0.043305,-75123
C810,Brumath,city_centre,FR,FRF11,independent,4.4475e+07,2.8874e+06,-4.9004e+06,-2.0129e+06,24,0.064922,-0.11018,-0.04526,-83872
C812,Haguenau,city_centre,FR,FRF11,chain,9.4395e+07,6.6208e+06,-1.2365e+07,-5.7438e+06,34,0.070139,-0.13099,-0.060849,-1.6894e+05
C812,Haguenau,city_centre,FR,FRF11,independent,3.0453e+08,1.7386e+07,-3.6805e+07,-1.9419e+07,93,0.057092,-0.12086,-0.063768,-2.0881e+05
C813,Wissembourg,city_centre,FR,FRF11,chain,1.7755e+07,4.8383e+06,-4.2816e+06,5.5678e+05,5,0.27251,-0.24115,0.031359,1.1136e+05
C813,Wissembourg,city_centre,FR,FRF11,independent,6.5563e+07,2.1557e+07,-1.7229e+07,4.3282e+06,53,0.32881,-0.26279,0.066016,81664
C814,Pirmasens,city_centre,DE,DEB37,chain,9.5041e+07,3.1064e+06,-2.0484e+06,1.058e+06,17,0.032685,-0.021553,0.011132,62234
C814,Pirmasens,city_centre,DE,DEB37,independent,1.3846e+08,4.2751e+06,-2.7697e+06,1.5054e+06,41,0.030876,-0.020004,0.010872,36716
C815,Dahn,city_centre,DE,DEB3K,chain,1.0473e+07,3.4529e+05,-6.0308e+05,-2.5779e+05,2,0.032968,-0.057582,-0.024614,-1.2889e+05
C815,Dahn,city_centre,DE,DEB3K,independent,4.4392e+07,1.7526e+06,-2.4733e+06,-7.2067e+05,27,0.03948,-0.055714,-0.016234,-26692
C816,Annweiler am Trifels,city_centre,DE,DEB3H,chain,1.5053e+07,2.8198e+05,-4.43e+05,-1.6102e+05,5,0.018733,-0.02943,-0.010697,-32204
C816,Annweiler am Trifels,city_centre,DE,DEB3H,independent,2.1456e+07,4.3551e+05,-6.4671e+05,-2.1121e+05,10,0.020298,-0.030142,-0.0098438,-21121
C817,Landstuhl,city_centre,DE,DEB3F,chain,4.743e+07,8.9113e+05,-4.5004e+05,4.4109e+05,7,0.018788,-0.0094885,0.0092998,63013
C817,Landstuhl,city_centre,DE,DEB3F,independent,3.0241e+07,1.089e+06,-8.3794e+05,2.5109e+05,19,0.036012,-0.027709,0.0083029,13215
C819,Kaiserslautern,city_centre,DE,DEB32,chain,2.5353e+08,2.7552e+06,-2.5787e+06,1.7656e+05,82,0.010867,-0.010171,0.00069638,2153.1
C819,Kaiserslautern,city_centre,DE,DEB32,independent,5.3387e+08,7.7129e+06,-7.8576e+06,-1.4471e+05,251,0.014447,-0.014718,-0.00027106,-576.53
C82,Pamiers,city_centre,FR,FRJ21,chain,3.0606e+06,0,-58068,-58068,5,0,-0.018973,-0.018973,-11614
C82,Pamiers,city_centre,FR,FRJ21,independent,1.6192e+07,0,-3.1737e+05,-3.1737e+05,37,0,-0.0196,-0.0196,-8577.5
C820,Bad Bergzabern,city_centre,DE,DEB3H,chain,1.8242e+07,1.9134e+06,-1.6741e+06,2.3925e+05,5,0.10489,-0.091772,0.013115,47850
C820,Bad Bergzabern,city_centre,DE,DEB3H,independent,4.4272e+07,4.6943e+06,-3.6236e+06,1.0707e+06,30,0.10603,-0.081848,0.024185,35690
C821,Otterberg,city_centre,DE,DEB32,chain,2.8415e+06,13791,-9892.2,3898.9,1,0.0048535,-0.0034814,0.0013721,3898.9
C821,Otterberg,city_centre,DE,DEB32,independent,9.0292e+06,1.1436e+05,-1.3975e+05,-25388,17,0.012665,-0.015477,-0.0028118,-1493.4
C823,Lauterecken,city_centre,DE,DEB3G,chain,1.2071e+06,2010.5,-8421.8,-6411.3,4,0.0016655,-0.0069767,-0.0053112,-1602.8
C823,Lauterecken,city_centre,DE,DEB3G,independent,1.8691e+06,7663.8,-34205,-26542,11,0.0041001,-0.0183,-0.0142,-2412.9
C826,Bad Sobernheim,city_centre,DE,DEB14,chain,1.7523e+05,0,-1692.5,-1692.5,7,0,-0.0096585,-0.0096585,-241.78
C826,Bad Sobernheim,city_centre,DE,DEB14,independent,5.2743e+05,0,-6775.8,-6775.8,24,0,-0.012847,-0.012847,-282.32
C828,Imperia,city_centre,IT,ITC31,chain,6.6458e+07,1.6373e+06,-5.0279e+06,-3.3906e+06,33,0.024636,-0.075656,-0.051019,-1.0275e+05
C828,Imperia,city_centre,IT,ITC31,independent,3.1747e+08,7.8067e+06,-2.3953e+07,-1.6146e+07,198,0.02459,-0.075449,-0.050859,-81547
C829,Diano Marina,city_centre,IT,ITC31,chain,8.181e+06,1.0517e+05,-4.1383e+05,-3.0866e+05,4,0.012855,-0.050584,-0.037729,-77164
C829,Diano Marina,city_centre,IT,ITC31,independent,1.4316e+08,2.0221e+06,-8.2827e+06,-6.2606e+06,107,0.014125,-0.057855,-0.043731,-58510
C830,Alassio,city_centre,IT,ITC32,chain,8.6104e+06,31006,-2.1474e+05,-1.8373e+05,6,0.003601,-0.02494,-0.021339,-30622
C830,Alassio,city_centre,IT,ITC32,independent,3.705e+07,1.7562e+05,-1.3157e+06,-1.1401e+06,42,0.0047401,-0.035511,-0.030771,-27144
C831,Albenga,city_centre,IT,ITC32,chain,4.532e+07,87205,-3.1977e+05,-2.3257e+05,10,0.0019242,-0.0070559,-0.0051317,-23257
C831,Albenga,city_centre,IT,ITC32,independent,6.2314e+07,2.8538e+05,-1.7985e+06,-1.5131e+06,45,0.0045798,-0.028862,-0.024282,-33625
C832,Loano,city_centre,IT,ITC32,chain,1.4881e+07,20192,-96295,-76103,6,0.0013569,-0.0064712,-0.0051143,-12684
C832,Loano,city_centre,IT,ITC32,independent,3.6393e+07,1.3114e+05,-1.1689e+06,-1.0377e+06,50,0.0036033,-0.032118,-0.028514,-20754
C833,Finale Ligure,city_centre,IT,ITC32,chain,4.3794e+06,3919.4,-16800,-12881,3,0.00089498,-0.0038362,-0.0029412,-4293.5
C833,Finale Ligure,city_centre,IT,ITC32,independent,2.3953e+07,57028,-9.5543e+05,-8.984e+05,56,0.0023809,-0.039888,-0.037507,-16043
C836,Savone,city_centre,IT,ITC32,chain,1.3825e+07,1770.4,-4.411e+05,-4.3933e+05,32,0.00012806,-0.031907,-0.031779,-13729
C836,Savone,city_centre,IT,ITC32,independent,6.6957e+07,9875.3,-2.585e+06,-2.5751e+06,208,0.00014749,-0.038606,-0.038459,-12380
C837,Alba,city_centre,IT,ITC16,chain,5.755e+06,0,-1560.8,-1560.8,19,0,-0.00027121,-0.00027121,-82.149
C837,Alba,city_centre,IT,ITC16,independent,1.3965e+07,0,-2926.7,-2926.7,56,0,-0.00020957,-0.00020957,-52.262
C838,Sursee,city_centre,CH,CH061,chain,2.5694e+07,5.4044e+05,-2.4376e+06,-1.8971e+06,25,0.021033,-0.094868,-0.073835,-75886
C838,Sursee,city_centre,CH,CH061,independent,7.6763e+07,2.5536e+06,-9.6417e+06,-7.0882e+06,84,0.033266,-0.1256,-0.092338,-84383
C839,Aarau,city_centre,CH,CH023,chain,1.1712e+08,3.7187e+06,-1.4222e+07,-1.0503e+07,44,0.031752,-0.12143,-0.089678,-2.387e+05
C839,Aarau,city_centre,CH,CH023,independent,2.0048e+08,7.1216e+06,-2.5325e+07,-1.8203e+07,133,0.035523,-0.12632,-0.090798,-1.3687e+05
C84,Calais,city_centre,FR,FRE12,chain,2.7194e+07,9.3821e+05,-1.2526e+06,-3.1438e+05,23,0.0345,-0.046061,-0.011561,-13669
C84,Calais,city_centre,FR,FRE12,independent,9.3993e+07,3.8101e+06,-4.8207e+06,-1.0106e+06,90,0.040536,-0.051288,-0.010752,-11229
C840,Suhr,city_centre,CH,CH033,chain,4.3158e+07,7.1524e+05,-4.2745e+06,-3.5593e+06,12,0.016573,-0.099044,-0.082472,-2.9661e+05
C840,Suhr,city_centre,CH,CH033,independent,3.5721e+07,1.2264e+06,-4.4196e+06,-3.1932e+06,20,0.034332,-0.12372,-0.089392,-1.5966e+05
C841,Wohlen,city_centre,CH,CH033,chain,1.6094e+07,7.573e+05,-2.4475e+06,-1.6902e+06,17,0.047055,-0.15208,-0.10502,-99424
C841,Wohlen,city_centre,CH,CH033,independent,2.8436e+07,1.6215e+06,-4.5959e+06,-2.9744e+06,39,0.057021,-0.16162,-0.1046,-76267
C842,Lenzburg,city_centre,CH,CH033,chain,1.2466e+07,2.9509e+05,-1.5548e+06,-1.2597e+06,5,0.023672,-0.12473,-0.10105,-2.5194e+05
C842,Lenzburg,city_centre,CH,CH033,independent,5.6504e+07,2.8465e+06,-8.4765e+06,-5.6301e+06,54,0.050376,-0.15002,-0.09964,-1.0426e+05
C843,Bremgarten AG,city_centre,CH,CH033,chain,6.8202e+06,2.5049e+05,-1.0478e+06,-7.9729e+05,16,0.036727,-0.15363,-0.1169,-49831
C843,Bremgarten AG,city_centre,CH,CH033,independent,3.0034e+07,1.9491e+06,-5.3686e+06,-3.4195e+06,60,0.064894,-0.17875,-0.11385,-56992
C844,Brugg,city_centre,CH,CH033,chain,3.9703e+07,2.7462e+06,-8.5961e+06,-5.8499e+06,28,0.069167,-0.21651,-0.14734,-2.0893e+05
C844,Brugg,city_centre,CH,CH033,independent,3.046e+07,2.4144e+06,-6.5482e+06,-4.1339e+06,40,0.079263,-0.21498,-0.13572,-1.0335e+05
C845,Spreitenbach,city_centre,CH,CH033,chain,3.5087e+07,2.67e+06,-6.9556e+06,-4.2856e+06,53,0.076096,-0.19824,-0.12214,-80861
C845,Spreitenbach,city_centre,CH,CH033,independent,2.3321e+07,2.0452e+06,-4.67e+06,-2.6248e+06,31,0.0877,-0.20025,-0.11255,-84670
C846,Baden,city_centre,CH,CH033,chain,4.6792e+07,3.5959e+06,-9.2669e+06,-5.6711e+06,41,0.076848,-0.19805,-0.1212,-1.3832e+05
C846,Baden,city_centre,CH,CH033,independent,6.1126e+07,4.3868e+06,-1.2063e+07,-7.6764e+06,84,0.071767,-0.19735,-0.12558,-91386
C847,Wettingen,city_centre,CH,CH033,chain,2.0578e+07,1.3046e+06,-4.0407e+06,-2.736e+06,16,0.0634,-0.19636,-0.13296,-1.71e+05
C847,Wettingen,city_centre,CH,CH033,independent,3.003e+07,2.2406e+06,-5.9467e+06,-3.7061e+06,45,0.074612,-0.19802,-0.12341,-82357
C848,Urdorf,city_centre,CH,CH040,chain,3.4615e+06,1.3487e+05,-6.6467e+05,-5.298e+05,7,0.038963,-0.19202,-0.15306,-75686
C848,Urdorf,city_centre,CH,CH040,independent,5.5974e+06,4.548e+05,-1.1223e+06,-6.6753e+05,8,0.081251,-0.20051,-0.11926,-83441
C849,Dietikon,city_centre,CH,CH033,chain,1.4594e+07,6.6866e+05,-2.8184e+06,-2.1497e+06,19,0.045817,-0.19312,-0.1473,-1.1314e+05
C849,Dietikon,city_centre,CH,CH033,independent,2.8982e+07,2.0286e+06,-5.7275e+06,-3.6989e+06,55,0.069995,-0.19762,-0.12763,-67252
C850,Schlieren,city_centre,CH,CH040,chain,9.3918e+06,4.3977e+05,-1.818e+06,-1.3782e+06,16,0.046825,-0.19357,-0.14675,-86137
C850,Schlieren,city_centre,CH,CH040,independent,2.2689e+07,1.9145e+06,-4.5684e+06,-2.6539e+06,42,0.084381,-0.20135,-0.11697,-63188
C851,Regensdorf,city_centre,CH,CH040,chain,6.4942e+06,4.1789e+05,-1.286e+06,-8.6809e+05,16,0.064349,-0.19802,-0.13367,-54256
C851,Regensdorf,city_centre,CH,CH040,independent,1.0188e+07,9.0208e+05,-2.0728e+06,-1.1707e+06,25,0.088543,-0.20346,-0.11491,-46830
C855,Waldshut,city_centre,DE,DE13A,chain,1.5458e+07,7.5375e+06,-2.5441e+06,4.9934e+06,26,0.48762,-0.16458,0.32304,1.9205e+05
C855,Waldshut,city_centre,DE,DE13A,independent,2.0498e+07,1.0293e+07,-4.005e+06,6.2876e+06,48,0.50213,-0.19538,0.30674,1.3099e+05
C856,Tiengen,city_centre,DE,DE13A,chain,4.5138e+06,2.3011e+06,-4.4847e+05,1.8526e+06,7,0.50979,-0.099355,0.41043,2.6466e+05
C856,Tiengen,city_centre,DE,DE13A,independent,1.8635e+07,1.0149e+07,-4.0531e+06,6.0962e+06,52,0.54464,-0.2175,0.32714,1.1723e+05
C857,Bonndorf,city_centre,DE,DE13A,chain,7.4803e+05,10253,-24961,-14708,4,0.013707,-0.033369,-0.019662,-3676.9
C857,Bonndorf,city_centre,DE,DE13A,independent,1.7421e+06,35655,-1.5862e+05,-1.2296e+05,18,0.020466,-0.091047,-0.070581,-6831.2
C858,Neustadt,city_centre,DE,DE132,chain,6.0536e+06,63675,-2.2634e+05,-1.6266e+05,7,0.010518,-0.037389,-0.02687,-23238
C858,Neustadt,city_centre,DE,DE132,independent,1.4425e+07,2.2586e+05,-8.8205e+05,-6.5619e+05,25,0.015657,-0.061148,-0.04549,-26248
C859,Löffingen,city_centre,DE,DE132,chain,1.2686e+06,3027,-32491,-29464,3,0.0023862,-0.025613,-0.023227,-9821.4
C859,Löffingen,city_centre,DE,DE132,independent,1.9719e+06,7863.7,-1.4596e+05,-1.381e+05,14,0.0039878,-0.074019,-0.070032,-9864.1
C86,Vic,city_centre,ES,ES511,chain,2.0555e+07,0,-58386,-58386,34,0,-0.0028404,-0.0028404,-1717.2
C86,Vic,city_centre,ES,ES511,independent,1.159e+08,0,-3.058e+05,-3.058e+05,209,0,-0.0026386,-0.0026386,-1463.2
C860,Bräunlingen,city_centre,DE,DE136,chain,0,0,0,0,0,,,,
C860,Bräunlingen,city_centre,DE,DE136,independent,1.0987e+06,1948.6,-86917,-84968,19,0.0017735,-0.079108,-0.077334,-4472
C862,Donaueschingen,city_centre,DE,DE136,chain,1.4159e+06,2137.1,-64704,-62567,17,0.0015094,-0.045699,-0.044189,-3680.4
C862,Donaueschingen,city_centre,DE,DE136,independent,3.3203e+06,6094.7,-2.7607e+05,-2.6998e+05,35,0.0018356,-0.083146,-0.081311,-7713.7
C863,Elzach,city_centre,DE,DE133,chain,7.5684e+06,1.9202e+05,-3.6575e+05,-1.7373e+05,3,0.025372,-0.048326,-0.022954,-57909
C863,Elzach,city_centre,DE,DE133,independent,6.0981e+07,2.5606e+06,-4.9129e+06,-2.3523e+06,39,0.041989,-0.080564,-0.038575,-60317
C864,Furtwangen,city_centre,DE,DE136,chain,6.938e+06,7727,-92205,-84478,9,0.0011137,-0.01329,-0.012176,-9386.4
C864,Furtwangen,city_centre,DE,DE136,independent,9.2729e+06,21236,-5.1006e+05,-4.8882e+05,31,0.0022901,-0.055005,-0.052715,-15768
C865,Triberg,city_centre,DE,DE136,chain,5.9416e+06,13878,-1.2434e+05,-1.1046e+05,4,0.0023357,-0.020927,-0.018591,-27616
C865,Triberg,city_centre,DE,DE136,independent,5.7599e+06,79655,-4.8353e+05,-4.0387e+05,18,0.013829,-0.083947,-0.070117,-22437
C866,St. Georgen,city_centre,DE,DE136,chain,4.5667e+06,160.58,-1.0477e+05,-1.0461e+05,9,3.5163e-05,-0.022942,-0.022907,-11623
C866,St. Georgen,city_centre,DE,DE136,independent,8.6278e+06,1091.2,-6.5265e+05,-6.5156e+05,38,0.00012647,-0.075645,-0.075519,-17146
C868,Schramberg,city_centre,DE,DE135,chain,8.3133e+05,7128,-73878,-66750,3,0.0085742,-0.088867,-0.080293,-22250
C868,Schramberg,city_centre,DE,DE135,independent,1.2605e+07,92691,-9.8451e+05,-8.9182e+05,34,0.0073534,-0.078104,-0.07075,-26230
C870,Zell am Harmersbach,city_centre,DE,DE134,chain,2.8558e+07,5.8757e+05,-1.9524e+06,-1.3648e+06,4,0.020575,-0.068367,-0.047793,-3.4121e+05
C870,Zell am Harmersbach,city_centre,DE,DE134,independent,1.8141e+07,9.7998e+05,-2.4084e+06,-1.4284e+06,17,0.054021,-0.13276,-0.078738,-84022
C871,Haslach im Kinzigtal,city_centre,DE,DE134,chain,5.5639e+07,8.8811e+05,-2.977e+06,-2.0888e+06,9,0.015962,-0.053505,-0.037543,-2.3209e+05
C871,Haslach im Kinzigtal,city_centre,DE,DE134,independent,3.9304e+07,1.6834e+06,-4.4116e+06,-2.7282e+06,28,0.042829,-0.11224,-0.069415,-97437
C873,Gengenbach,city_centre,DE,DE134,chain,2.0415e+07,1.3956e+06,-2.6353e+06,-1.2398e+06,6,0.068361,-0.12909,-0.06073,-2.0663e+05
C873,Gengenbach,city_centre,DE,DE134,independent,6.1754e+07,5.1854e+06,-9.2185e+06,-4.0332e+06,31,0.083968,-0.14928,-0.06531,-1.301e+05
C877,Alpirsbach,city_centre,DE,DE12C,chain,2.8548e+06,4646.6,-92707,-88060,4,0.0016276,-0.032474,-0.030846,-22015
C877,Alpirsbach,city_centre,DE,DE12C,independent,5.958e+06,48125,-6.3181e+05,-5.8368e+05,15,0.0080773,-0.10604,-0.097966,-38912
C878,Freudenstadt,city_centre,DE,DE12C,chain,2.3295e+07,2.3971e+05,-1.2805e+06,-1.0408e+06,24,0.010291,-0.054971,-0.044681,-43367
C878,Freudenstadt,city_centre,DE,DE12C,independent,6.0788e+07,6.2935e+05,-3.3572e+06,-2.7279e+06,77,0.010353,-0.055228,-0.044875,-35427
C879,Oberkirch,city_centre,DE,DE134,chain,5.3499e+07,4.8752e+06,-8.3629e+06,-3.4877e+06,17,0.091127,-0.15632,-0.065192,-2.0516e+05
C879,Oberkirch,city_centre,DE,DE134,independent,9.4747e+07,1.0043e+07,-1.6063e+07,-6.0201e+06,40,0.106,-0.16953,-0.063539,-1.505e+05
C88,Prats de Lluçanès,city_centre,ES,ES511,chain,5.1642e+06,1153.2,-3174.1,-2020.9,3,0.00022331,-0.00061464,-0.00039134,-673.65
C88,Prats de Lluçanès,city_centre,ES,ES511,independent,3.4004e+07,1.108e+05,-7.5294e+05,-6.4214e+05,54,0.0032584,-0.022142,-0.018884,-11892
C880,Renchen,city_centre,DE,DE134,chain,2.2889e+07,2.067e+06,-3.0393e+06,-9.7227e+05,3,0.090306,-0.13278,-0.042478,-3.2409e+05
C880,Renchen,city_centre,DE,DE134,independent,1.7777e+07,2.0408e+06,-2.8222e+06,-7.8143e+05,12,0.1148,-0.15876,-0.043957,-65119
C881,Achern,city_centre,DE,DE134,chain,8.5387e+07,7.0857e+06,-9.7548e+06,-2.6692e+06,24,0.082983,-0.11424,-0.031259,-1.1121e+05
C881,Achern,city_centre,DE,DE134,independent,1.9128e+08,1.8526e+07,-2.5436e+07,-6.9095e+06,73,0.096856,-0.13298,-0.036123,-94651
C882,Baiersbronn,city_centre,DE,DE12C,chain,5.8162e+06,16695,-1.2547e+05,-1.0877e+05,3,0.0028704,-0.021572,-0.018701,-36257
C882,Baiersbronn,city_centre,DE,DE12C,independent,1.9526e+07,1.2828e+05,-8.4165e+05,-7.1337e+05,28,0.0065696,-0.043105,-0.036535,-25478
C883,Bühl,city_centre,DE,DE124,chain,8.3503e+07,5.9922e+06,-8.2089e+06,-2.2167e+06,27,0.07176,-0.098307,-0.026547,-82101
C883,Bühl,city_centre,DE,DE124,independent,1.7348e+08,1.3026e+07,-1.8105e+07,-5.0796e+06,65,0.075084,-0.10436,-0.02928,-78147
C884,Baden-Baden,city_centre,DE,DE121,chain,9.2957e+07,6.7834e+06,-7.0277e+06,-2.443e+05,34,0.072974,-0.075602,-0.0026281,-7185.4
C884,Baden-Baden,city_centre,DE,DE121,independent,2.0153e+08,1.5713e+07,-1.8021e+07,-2.308e+06,120,0.077968,-0.08942,-0.011453,-19234
C885,Gernsbach,city_centre,DE,DE124,chain,5.0404e+07,9.7644e+05,-1.0151e+06,-38686,9,0.019372,-0.02014,-0.00076751,-4298.4
C885,Gernsbach,city_centre,DE,DE124,independent,5.049e+07,1.48e+06,-2.2422e+06,-7.623e+05,27,0.029312,-0.04441,-0.015098,-28233
C887,Rastatt,city_centre,DE,DE124,chain,1.0725e+08,7.6317e+06,-6.8186e+06,8.1313e+05,27,0.071156,-0.063575,0.0075814,30116
C887,Rastatt,city_centre,DE,DE124,independent,1.9602e+08,1.3367e+07,-9.9076e+06,3.4596e+06,43,0.068192,-0.050543,0.017649,80456
C888,Gaggenau,city_centre,DE,DE124,chain,6.6101e+07,2.3795e+06,-2.8594e+06,-4.7989e+05,15,0.035999,-0.043258,-0.0072599,-31992
C888,Gaggenau,city_centre,DE,DE124,independent,9.2684e+07,3.4019e+06,-4.1739e+06,-7.7199e+05,29,0.036704,-0.045033,-0.0083293,-26620
C890,Bad Herrenalb,city_centre,DE,DE123,chain,1.5268e+06,6426.2,-8024.9,-1598.7,1,0.004209,-0.0052561,-0.0010471,-1598.7
C890,Bad Herrenalb,city_centre,DE,DE123,independent,2.6367e+07,2.4109e+05,-5.7664e+05,-3.3555e+05,20,0.0091438,-0.02187,-0.012726,-16778
C891,Waldbronn,city_centre,DE,DE122,chain,3.6945e+07,3.7807e+05,-3.2448e+05,53588,5,0.010233,-0.008783,0.0014505,10718
C891,Waldbronn,city_centre,DE,DE122,independent,3.1397e+07,5.0974e+05,-8.245e+05,-3.1476e+05,18,0.016236,-0.026261,-0.010025,-17486
C892,Ettlingen,city_centre,DE,DE122,chain,1.094e+08,1.7753e+06,-1.7403e+06,34955,18,0.016227,-0.015907,0.0003195,1941.9
C892,Ettlingen,city_centre,DE,DE122,independent,1.5995e+08,3.2989e+06,-4.4454e+06,-1.1465e+06,55,0.020624,-0.027792,-0.007168,-20846
C893,Kandel,city_centre,DE,DEB3E,chain,3.321e+07,2.1763e+06,-9.1092e+05,1.2654e+06,6,0.065532,-0.027429,0.038102,2.109e+05
C893,Kandel,city_centre,DE,DEB3E,independent,7.2455e+07,4.941e+06,-2.6266e+06,2.3145e+06,39,0.068194,-0.036251,0.031943,59345
C894,Wörth am Rhein,city_centre,DE,DEB3E,chain,2.334e+07,9.3077e+05,-3.0472e+05,6.2605e+05,2,0.039878,-0.013056,0.026823,3.1302e+05
C894,Wörth am Rhein,city_centre,DE,DEB3E,independent,4.7274e+07,2.1415e+06,-1.5978e+06,5.4371e+05,14,0.045299,-0.033798,0.011501,38836
C895,Landau in der Pfalz,city_centre,DE,DEB33,chain,1.1711e+08,4.0881e+06,-3.4744e+06,6.1378e+05,36,0.03491,-0.029668,0.0052412,17049
C895,Landau in der Pfalz,city_centre,DE,DEB33,independent,2.1375e+08,7.6272e+06,-6.5036e+06,1.1236e+06,105,0.035684,-0.030427,0.0052569,10701
C896,Edenkoben,city_centre,DE,DEB3H,chain,1.0554e+06,31840,-37325,-5485.4,2,0.030167,-0.035365,-0.0051973,-2742.7
C896,Edenkoben,city_centre,DE,DEB3H,independent,5.0328e+07,6.5515e+05,-7.0174e+05,-46598,34,0.013017,-0.013943,-0.00092589,-1370.5
C897,Herxheim bei Landau/Pfalz,city_centre,DE,DEB3H,chain,1.1929e+07,3.5857e+05,-2.2537e+05,1.3321e+05,2,0.030058,-0.018892,0.011166,66603
C897,Herxheim bei Landau/Pfalz,city_centre,DE,DEB3H,independent,6.1842e+07,2.2468e+06,-1.6475e+06,5.9927e+05,35,0.036331,-0.02664,0.0096905,17122
C898,Germersheim,city_centre,DE,DE123,chain,1.009e+07,1.931e+05,-2.7698e+05,-83877,9,0.019137,-0.02745,-0.0083125,-9319.6
C898,Germersheim,city_centre,DE,DE123,independent,5.8363e+07,6.4302e+05,-7.1581e+05,-72796,23,0.011018,-0.012265,-0.0012473,-3165
C899,Neustadt an der Weinstraße,city_centre,DE,DEB36,chain,5.0805e+07,7.8612e+05,-9.1903e+05,-1.3292e+05,23,0.015473,-0.01809,-0.0026162,-5779
C899,Neustadt an der Weinstraße,city_centre,DE,DEB36,independent,1.5799e+08,2.4544e+06,-2.8718e+06,-4.174e+05,114,0.015536,-0.018178,-0.002642,-3661.4
C9,Elgoibar,city_centre,ES,ES212,chain,2.9611e+06,1.2408e+05,-31499,92580,6,0.041903,-0.010638,0.031265,15430
C9,Elgoibar,city_centre,ES,ES212,independent,1.046e+07,7.2074e+05,-2.6724e+05,4.535e+05,49,0.068904,-0.025549,0.043355,9255
C90,Ripoll,city_centre,ES,ES512,chain,1.6563e+07,33684,-4244.3,29440,2,0.0020336,-0.00025624,0.0017774,14720
C90,Ripoll,city_centre,ES,ES512,independent,5.2418e+07,1.5138e+05,-1.4412e+05,7261.3,26,0.002888,-0.0027495,0.00013852,279.28
C900,Bad Dürkheim,city_centre,DE,DEB3C,chain,6.508e+06,63573,-1.0182e+05,-38249,11,0.0097684,-0.015646,-0.0058772,-3477.2
C900,Bad Dürkheim,city_centre,DE,DEB3C,independent,3.6088e+07,4.0185e+05,-7.2986e+05,-3.2801e+05,70,0.011135,-0.020225,-0.0090891,-4685.8
C901,Haßloch,city_centre,DE,DEB3C,chain,7.964e+06,1.0879e+05,-1.3016e+05,-21372,8,0.013661,-0.016344,-0.0026836,-2671.5
C901,Haßloch,city_centre,DE,DEB3C,independent,4.5041e+07,6.744e+05,-8.4e+05,-1.656e+05,38,0.014973,-0.01865,-0.0036767,-4357.9
C902,Schifferstadt,city_centre,DE,DEB3I,chain,5.9453e+05,2910.3,-3135.8,-225.56,1,0.0048951,-0.0052744,-0.00037939,-225.56
C902,Schifferstadt,city_centre,DE,DEB3I,independent,2.0761e+07,1.6902e+05,-3.6109e+05,-1.9207e+05,35,0.0081409,-0.017392,-0.0092515,-5487.8
C903,Mutterstadt,city_centre,DE,DEB34,chain,9.6317e+06,92905,-1.0988e+05,-16974,8,0.0096457,-0.011408,-0.0017623,-2121.8
C903,Mutterstadt,city_centre,DE,DEB34,independent,1.9322e+07,2.0134e+05,-2.5585e+05,-54504,25,0.01042,-0.013241,-0.0028208,-2180.1
C904,Karlsruhe,city_centre,DE,DE122,chain,8.9844e+08,1.7663e+07,-2.5176e+07,-7.5132e+06,171,0.019659,-0.028022,-0.0083625,-43937
C904,Karlsruhe,city_centre,DE,DE122,independent,1.5982e+09,2.9595e+07,-3.9192e+07,-9.5971e+06,369,0.018518,-0.024523,-0.0060051,-26008
C906,Spire,city_centre,DE,DE128,chain,6.7981e+07,5.5616e+05,-1.2132e+06,-6.5699e+05,45,0.0081812,-0.017845,-0.0096643,-14600
C906,Spire,city_centre,DE,DE128,independent,1.3149e+08,1.0862e+06,-2.3783e+06,-1.2921e+06,121,0.0082607,-0.018087,-0.0098263,-10678
C907,Ludwigshafen am Rhein,city_centre,DE,DE126,chain,1.9786e+07,1.0622e+05,-1.4388e+05,-37666,18,0.0053682,-0.0072719,-0.0019037,-2092.6
C907,Ludwigshafen am Rhein,city_centre,DE,DE126,independent,2.6209e+07,1.7823e+05,-3.4751e+05,-1.6928e+05,46,0.0068003,-0.013259,-0.0064588,-3680
C908,Mannheim,city_centre,DE,DE126,chain,1.3393e+08,8.6505e+05,-2.4117e+06,-1.5467e+06,161,0.0064589,-0.018007,-0.011549,-9606.8
C908,Mannheim,city_centre,DE,DE126,independent,3.237e+08,2.1994e+06,-6.4881e+06,-4.2887e+06,573,0.0067946,-0.020044,-0.013249,-7484.6
C909,Eisenberg (Pfalz),city_centre,DE,DEB3C,chain,2.4004e+06,16864,-27828,-10964,5,0.0070254,-0.011593,-0.0045675,-2192.7
C909,Eisenberg (Pfalz),city_centre,DE,DEB3C,independent,9.0978e+06,95257,-1.8263e+05,-87374,29,0.01047,-0.020074,-0.0096038,-3012.9
C91,Olot,city_centre,ES,ES512,chain,3.8831e+07,1.1231e+05,-85219,27091,15,0.0028923,-0.0021946,0.00069765,1806
C91,Olot,city_centre,ES,ES512,independent,2.1762e+08,9.0718e+05,-8.7771e+05,29474,147,0.0041687,-0.0040333,0.00013544,200.5
C910,Grünstadt,city_centre,DE,DEB3C,chain,2.0207e+06,9317.4,-10683,-1365.8,3,0.004611,-0.0052869,-0.00067593,-455.28
C910,Grünstadt,city_centre,DE,DEB3C,independent,6.7331e+06,62615,-1.2211e+05,-59499,14,0.0092996,-0.018136,-0.0088367,-4249.9
C911,Kirchheimbolanden,city_centre,DE,DEB3D,chain,2.9662e+06,11810,-18334,-6524.3,5,0.0039814,-0.0061809,-0.0021995,-1304.9
C911,Kirchheimbolanden,city_centre,DE,DEB3D,independent,7.7935e+06,72289,-1.6528e+05,-92987,27,0.0092756,-0.021207,-0.011931,-3444
C912,Frankenthal (Pfalz),city_centre,DE,DEB31,chain,2.0683e+07,1.6731e+05,-2.9941e+05,-1.321e+05,31,0.0080892,-0.014476,-0.0063868,-4261.2
C912,Frankenthal (Pfalz),city_centre,DE,DEB31,independent,4.3059e+07,3.8846e+05,-7.9365e+05,-4.0519e+05,68,0.0090215,-0.018432,-0.00941,-5958.7
C914,Albisola Superiore,city_centre,IT,ITC32,chain,1.5539e+06,65.657,-3134.9,-3069.3,3,4.2253e-05,-0.0020174,-0.0019752,-1023.1
C914,Albisola Superiore,city_centre,IT,ITC32,independent,5.6063e+06,993.97,-2.5879e+05,-2.578e+05,26,0.0001773,-0.046162,-0.045984,-9915.4
C916,Bad Dürrheim,city_centre,DE,DE136,chain,3.4982e+05,157.67,-9384.8,-9227.1,4,0.00045072,-0.026828,-0.026377,-2306.8
C916,Bad Dürrheim,city_centre,DE,DE136,independent,1.9436e+06,1223.1,-1.4328e+05,-1.4205e+05,28,0.00062929,-0.073716,-0.073087,-5073.3
C917,Rottweil,city_centre,DE,DE135,chain,3.5826e+05,0,-22829,-22829,10,0,-0.063722,-0.063722,-2282.9
C917,Rottweil,city_centre,DE,DE135,independent,1.7667e+06,0,-1.4927e+05,-1.4927e+05,69,0,-0.084489,-0.084489,-2163.3
C918,Oberndorf am Neckar,city_centre,DE,DE135,chain,2.4054e+05,0,-13648,-13648,3,0,-0.056739,-0.056739,-4549.3
C918,Oberndorf am Neckar,city_centre,DE,DE135,independent,8.2376e+05,0,-51210,-51210,15,0,-0.062165,-0.062165,-3414
C92,Prades,city_centre,FR,FRJ15,chain,1.0685e+07,32797,-4.2618e+05,-3.9338e+05,5,0.0030693,-0.039884,-0.036815,-78676
C92,Prades,city_centre,FR,FRJ15,independent,4.2568e+07,2.6413e+05,-2.1457e+06,-1.8816e+06,34,0.0062049,-0.050407,-0.044202,-55341
C920,Sulz am Neckar,city_centre,DE,DE135,chain,3.6935e+05,0,-15397,-15397,7,0,-0.041686,-0.041686,-2199.5
C920,Sulz am Neckar,city_centre,DE,DE135,independent,4.7223e+05,0,-24793,-24793,10,0,-0.052502,-0.052502,-2479.3
C921,Horb am Neckar,city_centre,DE,DE12C,chain,2.3244e+06,0,-1.2157e+05,-1.2157e+05,14,0,-0.0523,-0.0523,-8683.4
C921,Horb am Neckar,city_centre,DE,DE12C,independent,3.0098e+06,0,-1.7141e+05,-1.7141e+05,26,0,-0.056951,-0.056951,-6592.7
C924,Nagold,city_centre,DE,DE12A,chain,1.0986e+06,0,-17123,-17123,11,0,-0.015586,-0.015586,-1556.6
C924,Nagold,city_centre,DE,DE12A,independent,5.4842e+06,0,-1.5664e+05,-1.5664e+05,59,0,-0.028563,-0.028563,-2655
C925,Altensteig,city_centre,DE,DE12A,chain,1.5585e+06,0,-3216.7,-3216.7,1,0,-0.0020639,-0.0020639,-3216.7
C925,Altensteig,city_centre,DE,DE12A,independent,5.9648e+06,0,-1.1904e+05,-1.1904e+05,17,0,-0.019957,-0.019957,-7002.4
C928,Herrenberg,city_centre,DE,DE112,chain,3.462e+06,0,-57152,-57152,23,0,-0.016508,-0.016508,-2484.9
C928,Herrenberg,city_centre,DE,DE112,independent,1.1555e+07,0,-2.5371e+05,-2.5371e+05,68,0,-0.021957,-0.021957,-3731.1
C929,Bad Wildbad,city_centre,DE,DE12A,chain,6.7734e+06,2117.6,-4649.6,-2532,2,0.00031263,-0.00068645,-0.00037382,-1266
C929,Bad Wildbad,city_centre,DE,DE12A,independent,1.7588e+07,18877,-2.6195e+05,-2.4307e+05,25,0.0010733,-0.014894,-0.013821,-9722.9
C93,Quillan,city_centre,FR,FRJ11,chain,1.1545e+06,0,-32496,-32496,2,0,-0.028148,-0.028148,-16248
C93,Quillan,city_centre,FR,FRJ11,independent,1.3411e+07,0,-3.7519e+05,-3.7519e+05,18,0,-0.027975,-0.027975,-20844
C931,Calw,city_centre,DE,DE12A,chain,8.5609e+06,3006.2,-64672,-61666,13,0.00035115,-0.0075543,-0.0072032,-4743.5
C931,Calw,city_centre,DE,DE12A,independent,3.056e+07,17721,-5.3065e+05,-5.1293e+05,51,0.00057986,-0.017364,-0.016784,-10057
C932,Bad Liebenzell,city_centre,DE,DE12A,chain,0,0,0,0,0,,,,
C932,Bad Liebenzell,city_centre,DE,DE12A,independent,1.5119e+07,11765,-75686,-63922,18,0.00077813,-0.005006,-0.0042279,-3551.2
C933,Pforzheim,city_centre,DE,DE129,chain,3.1503e+08,2.0053e+06,-4.7543e+06,-2.749e+06,69,0.0063655,-0.015092,-0.0087261,-39840
C933,Pforzheim,city_centre,DE,DE129,independent,5.7968e+08,3.4423e+06,-7.9312e+06,-4.489e+06,167,0.0059382,-0.013682,-0.0077439,-26880
C935,Weil der Stadt,city_centre,DE,DE112,chain,4.2889e+06,4688.9,-22480,-17791,7,0.0010933,-0.0052414,-0.0041481,-2541.5
C935,Weil der Stadt,city_centre,DE,DE112,independent,9.6379e+06,14567,-1.5287e+05,-1.383e+05,30,0.0015115,-0.015861,-0.01435,-4610
C936,Renningen,city_centre,DE,DE112,chain,2.8535e+06,5585.7,-27584,-21998,6,0.0019575,-0.0096666,-0.0077091,-3666.4
C936,Renningen,city_centre,DE,DE112,independent,1.3651e+07,38029,-3.9885e+05,-3.6082e+05,28,0.0027858,-0.029218,-0.026432,-12886
C938,Rutesheim,city_centre,DE,DE112,chain,2.455e+06,6030.6,-29580,-23549,4,0.0024565,-0.012049,-0.0095923,-5887.3
C938,Rutesheim,city_centre,DE,DE112,independent,5.8504e+06,15927,-1.0409e+05,-88160,14,0.0027224,-0.017791,-0.015069,-6297.1
C939,Mühlacker,city_centre,DE,DE12B,chain,1.8188e+07,53223,-1.2246e+05,-69240,9,0.0029262,-0.0067331,-0.0038069,-7693.3
C939,Mühlacker,city_centre,DE,DE12B,independent,2.9295e+07,1.306e+05,-5.0304e+05,-3.7244e+05,24,0.0044582,-0.017171,-0.012713,-15518
C94,Limoux,city_centre,FR,FRJ11,chain,3.834e+05,0,-3850.2,-3850.2,5,0,-0.010042,-0.010042,-770.04
C94,Limoux,city_centre,FR,FRJ11,independent,1.5089e+06,0,-15165,-15165,27,0,-0.01005,-0.01005,-561.66
C940,Vaihingen an der Enz,city_centre,DE,DE115,chain,3.6858e+05,1014.3,-11759,-10744,1,0.002752,-0.031903,-0.029151,-10744
C940,Vaihingen an der Enz,city_centre,DE,DE115,independent,2.2524e+07,49117,-4.4928e+05,-4.0017e+05,43,0.0021807,-0.019947,-0.017766,-9306.2
C941,Bretten,city_centre,DE,DE123,chain,7.4829e+07,2.1062e+05,-5.6882e+05,-3.5819e+05,23,0.0028147,-0.0076016,-0.0047868,-15574
C941,Bretten,city_centre,DE,DE123,independent,1.3543e+08,6.6311e+05,-2.5874e+06,-1.9243e+06,70,0.0048963,-0.019105,-0.014209,-27489
C943,Oberderdingen,city_centre,DE,DE123,chain,1.0458e+07,8205.4,-10950,-2744.5,4,0.00078457,-0.001047,-0.00026242,-686.12
C943,Oberderdingen,city_centre,DE,DE123,independent,1.6095e+07,22083,-1.5154e+05,-1.2946e+05,23,0.001372,-0.0094155,-0.0080435,-5628.7
C944,Bruchsal,city_centre,DE,DE123,chain,7.7088e+07,3.9542e+05,-8.2884e+05,-4.3342e+05,24,0.0051295,-0.010752,-0.0056224,-18059
C944,Bruchsal,city_centre,DE,DE123,independent,1.7083e+08,1.394e+06,-3.5154e+06,-2.1214e+06,77,0.0081603,-0.020578,-0.012418,-27550
C946,Wiesloch,city_centre,DE,DE128,chain,2.1746e+07,91367,-4.5771e+05,-3.6634e+05,17,0.0042016,-0.021048,-0.016847,-21550
C946,Wiesloch,city_centre,DE,DE128,independent,3.5718e+07,1.5622e+05,-8.1031e+05,-6.541e+05,40,0.0043735,-0.022686,-0.018313,-16352
C949,Hockenheim,city_centre,DE,DE128,chain,8.2206e+05,1333.2,-2155.5,-822.34,1,0.0016218,-0.0026221,-0.0010003,-822.34
C949,Hockenheim,city_centre,DE,DE128,independent,2.8688e+07,74913,-3.2209e+05,-2.4718e+05,29,0.0026113,-0.011228,-0.0086162,-8523.4
C95,Auchel,city_centre,FR,FRE12,chain,8.9122e+06,16107,-51756,-35649,1,0.0018073,-0.0058073,-0.004,-35649
C95,Auchel,city_centre,FR,FRE12,independent,2.076e+07,1.4026e+05,-4.3839e+05,-2.9814e+05,16,0.0067559,-0.021117,-0.014361,-18634
C950,Brühl,city_centre,DE,DE126,chain,2.2273e+06,3440,-5922.6,-2482.7,2,0.0015444,-0.0026591,-0.0011146,-1241.3
C950,Brühl,city_centre,DE,DE126,independent,9.3217e+06,23936,-1.3823e+05,-1.1429e+05,18,0.0025678,-0.014829,-0.012261,-6349.5
C951,Schwetzingen,city_centre,DE,DE128,chain,1.7636e+07,55179,-2.951e+05,-2.3993e+05,23,0.0031287,-0.016733,-0.013604,-10432
C951,Schwetzingen,city_centre,DE,DE128,independent,5.334e+07,1.9741e+05,-1.196e+06,-9.9863e+05,89,0.003701,-0.022423,-0.018722,-11221
C952,Walldorf,city_centre,DE,DE128,chain,1.6585e+07,49394,-93659,-44264,7,0.0029782,-0.0056471,-0.0026689,-6323.5
C952,Walldorf,city_centre,DE,DE128,independent,2.6993e+07,1.3967e+05,-5.7961e+05,-4.3993e+05,29,0.0051744,-0.021472,-0.016298,-15170
C953,Sandhausen,city_centre,DE,DE125,chain,8.3562e+06,20099,-48337,-28238,8,0.0024053,-0.0057846,-0.0033793,-3529.8
C953,Sandhausen,city_centre,DE,DE125,independent,1.1764e+07,45270,-2.7925e+05,-2.3398e+05,27,0.0038481,-0.023737,-0.019889,-8666.1
C954,Leimen,city_centre,DE,DE125,chain,3.3536e+06,5624.6,-7976.5,-2351.9,3,0.0016772,-0.0023785,-0.0007013,-783.97
C954,Leimen,city_centre,DE,DE125,independent,9.6581e+06,23979,-1.9318e+05,-1.692e+05,22,0.0024828,-0.020002,-0.017519,-7690.9
C955,Eppelheim,city_centre,DE,DE125,chain,6.3982e+05,1796,-11413,-9616.8,2,0.002807,-0.017838,-0.015031,-4808.4
C955,Eppelheim,city_centre,DE,DE125,independent,8.0357e+06,21634,-1.3021e+05,-1.0858e+05,21,0.0026922,-0.016204,-0.013512,-5170.3
C956,Neckargemünd,city_centre,DE,DE125,chain,2.3215e+06,1529.3,-10958,-9428.5,6,0.00065876,-0.00472,-0.0040613,-1571.4
C956,Neckargemünd,city_centre,DE,DE125,independent,5.5325e+06,4735.2,-1.1539e+05,-1.1065e+05,30,0.00085589,-0.020856,-0.020001,-3688.4
C957,Heidelberg,city_centre,DE,DE125,chain,7.5927e+07,2.2814e+05,-1.3954e+06,-1.1673e+06,84,0.0030047,-0.018378,-0.015373,-13896
C957,Heidelberg,city_centre,DE,DE125,independent,1.9825e+08,6.7275e+05,-4.6978e+06,-4.0251e+06,349,0.0033935,-0.023697,-0.020303,-11533
C958,Dossenheim,city_centre,DE,DE125,chain,1.6702e+06,2740.1,-4422.1,-1682,3,0.0016406,-0.0026476,-0.0010071,-560.68
C958,Dossenheim,city_centre,DE,DE125,independent,1.4575e+07,39941,-3.1804e+05,-2.781e+05,30,0.0027404,-0.021821,-0.019081,-9269.9
C959,Ladenburg,city_centre,DE,DE126,chain,4.2322e+06,6593.2,-28344,-21751,10,0.0015579,-0.0066973,-0.0051394,-2175.1
C959,Ladenburg,city_centre,DE,DE126,independent,1.1158e+07,27847,-2.738e+05,-2.4595e+05,43,0.0024958,-0.024539,-0.022043,-5719.7
C960,Schriesheim,city_centre,DE,DE128,chain,3.0938e+06,5044.7,-17688,-12643,5,0.0016306,-0.0057172,-0.0040866,-2528.6
C960,Schriesheim,city_centre,DE,DE128,independent,9.6631e+06,22230,-2.2409e+05,-2.0186e+05,32,0.0023005,-0.02319,-0.02089,-6308.1
C961,Eppingen,city_centre,DE,DE118,chain,6.1114e+06,1977.1,-40052,-38075,14,0.00032352,-0.0065537,-0.0062302,-2719.6
C961,Eppingen,city_centre,DE,DE118,independent,1.534e+07,7751.2,-2.7071e+05,-2.6295e+05,45,0.0005053,-0.017647,-0.017142,-5843.4
C962,Sinsheim,city_centre,DE,DE128,chain,1.5352e+07,35642,-2.4666e+05,-2.1102e+05,28,0.0023217,-0.016067,-0.013745,-7536.3
C962,Sinsheim,city_centre,DE,DE128,independent,3.2198e+07,81986,-6.7148e+05,-5.8949e+05,65,0.0025463,-0.020855,-0.018308,-9069.1
C966,Viernheim,city_centre,DE,DE128,chain,7.4954e+06,24345,-1.678e+05,-1.4345e+05,9,0.003248,-0.022387,-0.019139,-15939
C966,Viernheim,city_centre,DE,DE128,independent,1.6609e+07,50117,-3.2169e+05,-2.7157e+05,55,0.0030174,-0.019368,-0.016351,-4937.7
C967,Holzgerlingen,city_centre,DE,DE112,chain,4.9406e+05,164.5,-4955,-4790.5,3,0.00033295,-0.010029,-0.0096963,-1596.8
C967,Holzgerlingen,city_centre,DE,DE112,independent,4.9132e+06,2048.4,-1.3225e+05,-1.302e+05,26,0.00041692,-0.026918,-0.026501,-5007.8
C968,Böblingen,city_centre,DE,DE112,chain,1.9191e+07,33505,-4.7719e+05,-4.4368e+05,44,0.0017459,-0.024865,-0.023119,-10084
C968,Böblingen,city_centre,DE,DE112,independent,3.1398e+07,53164,-7.1276e+05,-6.596e+05,92,0.0016932,-0.0227,-0.021007,-7169.5
C969,Sindelfingen,city_centre,DE,DE112,chain,1.2727e+07,13145,-2.6979e+05,-2.5664e+05,37,0.0010328,-0.021197,-0.020164,-6936.2
C969,Sindelfingen,city_centre,DE,DE112,independent,1.8068e+07,19334,-4.3062e+05,-4.1129e+05,54,0.0010701,-0.023834,-0.022764,-7616.5
C97,Saint-Omer,city_centre,FR,FRE12,chain,5.4295e+07,8.6347e+05,-1.3141e+06,-4.5067e+05,19,0.015903,-0.024204,-0.0083005,-23720
C97,Saint-Omer,city_centre,FR,FRE12,independent,1.6738e+08,2.4621e+06,-3.7694e+06,-1.3073e+06,69,0.01471,-0.022521,-0.0078104,-18946
C970,Leonberg,city_centre,DE,DE112,chain,1.8872e+06,5990.4,-65780,-59790,5,0.0031743,-0.034856,-0.031682,-11958
C970,Leonberg,city_centre,DE,DE112,independent,3.3894e+07,95434,-8.7657e+05,-7.8113e+05,50,0.0028157,-0.025862,-0.023047,-15623
C971,Gerlingen,city_centre,DE,DE111,chain,1.9561e+06,3399.4,-10916,-7516.4,6,0.0017378,-0.0055804,-0.0038425,-1252.7
C971,Gerlingen,city_centre,DE,DE111,independent,6.7268e+06,15018,-1.3355e+05,-1.1854e+05,33,0.0022326,-0.019854,-0.017621,-3592
C972,Ditzingen,city_centre,DE,DE111,chain,5.6734e+06,12328,-74534,-62206,15,0.0021729,-0.013138,-0.010965,-4147.1
C972,Ditzingen,city_centre,DE,DE111,independent,1.4355e+07,35557,-3.07e+05,-2.7145e+05,36,0.002477,-0.021387,-0.01891,-7540.2
C973,Schwieberdingen,city_centre,DE,DE115,chain,7.0066e+05,532.38,-6118.5,-5586.1,3,0.00075983,-0.0087324,-0.0079726,-1862
C973,Schwieberdingen,city_centre,DE,DE115,independent,1.8342e+06,1746.7,-40188,-38441,13,0.00095231,-0.021911,-0.020958,-2957
C974,Markgröningen,city_centre,DE,DE115,chain,1.0604e+06,415.96,-9528.5,-9112.6,5,0.00039226,-0.0089856,-0.0085933,-1822.5
C974,Markgröningen,city_centre,DE,DE115,independent,2.3327e+06,1086,-40701,-39615,21,0.00046555,-0.017448,-0.016983,-1886.5
C976,Asperg,city_centre,DE,DE115,chain,5.8023e+05,137.14,-763.48,-626.34,3,0.00023636,-0.0013158,-0.0010795,-208.78
C976,Asperg,city_centre,DE,DE115,independent,1.6793e+06,552.31,-33249,-32697,17,0.00032889,-0.019799,-0.01947,-1923.3
C977,Bietigheim-Bissingen,city_centre,DE,DE115,chain,1.1497e+06,567.53,-19866,-19298,7,0.00049363,-0.017279,-0.016786,-2756.9
C977,Bietigheim-Bissingen,city_centre,DE,DE115,independent,1.4119e+06,751.79,-32081,-31329,11,0.00053247,-0.022722,-0.022189,-2848.1
C978,Besigheim,city_centre,DE,DE115,chain,8.806e+05,0,-3640.7,-3640.7,7,0,-0.0041343,-0.0041343,-520.09
C978,Besigheim,city_centre,DE,DE115,independent,3.4269e+06,0,-63384,-63384,36,0,-0.018496,-0.018496,-1760.7
C979,Brackenheim,city_centre,DE,DE118,chain,9.8604e+05,0,-2106.4,-2106.4,6,0,-0.0021362,-0.0021362,-351.06
C979,Brackenheim,city_centre,DE,DE118,independent,3.5325e+06,0,-48348,-48348,41,0,-0.013687,-0.013687,-1179.2
C980,Bönnigheim,city_centre,DE,DE115,chain,97427,0,-2026.1,-2026.1,1,0,-0.020796,-0.020796,-2026.1
C980,Bönnigheim,city_centre,DE,DE115,independent,1.5382e+06,0,-25339,-25339,19,0,-0.016473,-0.016473,-1333.6
C981,Lauffen am Neckar,city_centre,DE,DE117,chain,5.2358e+05,0,-3960.5,-3960.5,8,0,-0.0075644,-0.0075644,-495.07
C981,Lauffen am Neckar,city_centre,DE,DE117,independent,1.4596e+06,0,-18446,-18446,31,0,-0.012638,-0.012638,-595.03
C982,Schwaigern,city_centre,DE,DE118,chain,0,0,0,0,0,,,,
C982,Schwaigern,city_centre,DE,DE118,independent,3.1939e+06,0,-51964,-51964,25,0,-0.01627,-0.01627,-2078.6
C983,Leingarten,city_centre,DE,DE117,chain,6.3609e+05,0,-1735.4,-1735.4,6,0,-0.0027282,-0.0027282,-289.23
C983,Leingarten,city_centre,DE,DE117,independent,1.4308e+06,0,-18422,-18422,23,0,-0.012875,-0.012875,-800.96
C99,Aire-sur-la-Lys,city_centre,FR,FRE12,chain,1.4769e+07,1.7527e+05,-2.3066e+05,-55394,4,0.011867,-0.015618,-0.0037506,-13849
C99,Aire-sur-la-Lys,city_centre,FR,FRE12,independent,7.5021e+07,1.3008e+06,-1.9582e+06,-6.5737e+05,50,0.017339,-0.026101,-0.0087624,-13147
Z0,Zone commerciale Ludwigsbourg,commercial_zone,DE,DE115,chain,3.4686e+05,228.29,-569.84,-341.55,2,0.00065817,-0.0016429,-0.00098471,-170.78
Z0,Zone commerciale Ludwigsbourg,commercial_zone,DE,DE115,independent,3.3666e+05,335.72,-10368,-10032,3,0.00099723,-0.030797,-0.0298,-3344.1
Z1,SchwabenGalerie – Oberaichen,commercial_zone,DE,DE111,chain,7.6049e+06,14817,-1.088e+05,-93981,22,0.0019483,-0.014306,-0.012358,-4271.9
Z1,SchwabenGalerie – Oberaichen,commercial_zone,DE,DE111,independent,2.6572e+07,61877,-6.7924e+05,-6.1736e+05,52,0.0023287,-0.025563,-0.023234,-11872
Z10,Zone commerciale Viernheim,commercial_zone,DE,DE126,chain,3.7146e+06,9026.8,-26530,-17504,7,0.0024301,-0.0071422,-0.0047121,-2500.5
Z10,Zone commerciale Viernheim,commercial_zone,DE,DE126,independent,1.9231e+06,7852.4,-49060,-41208,7,0.0040832,-0.025511,-0.021428,-5886.8
Z100,Centre commercial Carrefour – Dorlisheim,commercial_zone,FR,FRF11,chain,4.1386e+07,1.804e+06,-3.2524e+06,-1.4484e+06,9,0.043589,-0.078586,-0.034997,-1.6093e+05
Z100,Centre commercial Carrefour – Dorlisheim,commercial_zone,FR,FRF11,independent,6.8069e+07,5.0413e+06,-6.9913e+06,-1.95e+06,18,0.074062,-0.10271,-0.028647,-1.0833e+05
Z101,"Zone de loisirs ""Le Trèfle"" – Dorlisheim",commercial_zone,FR,FRF11,chain,1.356e+07,1.4998e+06,-1.7553e+06,-2.5549e+05,10,0.1106,-0.12945,-0.018841,-25549
Z101,"Zone de loisirs ""Le Trèfle"" – Dorlisheim",commercial_zone,FR,FRF11,independent,2.0406e+06,2.8459e+05,-3.0943e+05,-24843,2,0.13947,-0.15164,-0.012174,-12421
Z102,Zone commerciale Hésingue,commercial_zone,FR,FRF12,chain,2.8174e+07,1.3983e+07,-1.6189e+07,-2.2057e+06,4,0.49632,-0.5746,-0.078287,-5.5142e+05
Z102,Zone commerciale Hésingue,commercial_zone,FR,FRF12,independent,4.7617e+06,2.9012e+06,-2.511e+06,3.902e+05,3,0.60927,-0.52733,0.081945,1.3007e+05
Z103,Zone artisanale du Wittholz – Ingwiller,commercial_zone,FR,FRF11,chain,3.0619e+07,91835,-2.2612e+06,-2.1693e+06,3,0.0029993,-0.073849,-0.07085,-7.2311e+05
Z103,Zone artisanale du Wittholz – Ingwiller,commercial_zone,FR,FRF11,independent,6.7765e+06,3.4873e+05,-1.523e+06,-1.1743e+06,10,0.051462,-0.22475,-0.17329,-1.1743e+05
Z104,Parc d'Activités Sud – Obernai,commercial_zone,FR,FRF11,chain,1.9772e+07,5.6469e+05,-1.3783e+06,-8.136e+05,3,0.02856,-0.069709,-0.041149,-2.712e+05
Z104,Parc d'Activités Sud – Obernai,commercial_zone,FR,FRF11,independent,2.3053e+06,2.9828e+05,-3.5574e+05,-57461,3,0.12939,-0.15431,-0.024926,-19154
Z107,Espace Atrium – Dorlisheim,commercial_zone,FR,FRF11,chain,1.3005e+07,4.2746e+05,-9.1529e+05,-4.8783e+05,3,0.03287,-0.070381,-0.037511,-1.6261e+05
Z107,Espace Atrium – Dorlisheim,commercial_zone,FR,FRF11,independent,1.616e+06,2.1076e+05,-2.3946e+05,-28700,2,0.13042,-0.14818,-0.01776,-14350
Z108,I Viali – Borgaretto,commercial_zone,IT,ITC11,chain,2.719e+07,45048,-1.6912e+05,-1.2407e+05,10,0.0016568,-0.00622,-0.0045632,-12407
Z108,I Viali – Borgaretto,commercial_zone,IT,ITC11,independent,2.1516e+07,63522,-1.1935e+05,-55824,6,0.0029524,-0.005547,-0.0025946,-9304
Z109,Zone commerciale Blotzheim,commercial_zone,FR,FRF12,chain,1.7429e+07,6.3478e+06,-8.895e+06,-2.5472e+06,4,0.36422,-0.51037,-0.14615,-6.368e+05
Z109,Zone commerciale Blotzheim,commercial_zone,FR,FRF12,independent,3.7056e+06,1.1318e+06,-1.9843e+06,-8.5253e+05,1,0.30543,-0.53549,-0.23007,-8.5253e+05
Z11,Rhein-Neckar-Zentrum – Viernheim,commercial_zone,DE,DE126,chain,3.6258e+07,1.3052e+05,-8.657e+05,-7.3518e+05,59,0.0035998,-0.023876,-0.020276,-12461
Z11,Rhein-Neckar-Zentrum – Viernheim,commercial_zone,DE,DE126,independent,1.7402e+07,61588,-4.027e+05,-3.4112e+05,35,0.0035391,-0.023141,-0.019602,-9746.2
Z112,Mondojuve - Galleria Artemisia – Garino,commercial_zone,IT,ITC11,chain,1.0402e+07,19281,-53391,-34110,12,0.0018535,-0.0051326,-0.003279,-2842.5
Z112,Mondojuve - Galleria Artemisia – Garino,commercial_zone,IT,ITC11,independent,3.2213e+07,49324,-1.7532e+05,-1.26e+05,5,0.0015312,-0.0054426,-0.0039114,-25200
Z113,Zone commerciale Sélestat,commercial_zone,FR,FRF11,chain,6.5049e+07,3.496e+06,-6.6436e+06,-3.1476e+06,19,0.053744,-0.10213,-0.048388,-1.6566e+05
Z113,Zone commerciale Sélestat,commercial_zone,FR,FRF11,independent,3.2688e+07,2.2131e+06,-3.6795e+06,-1.4664e+06,13,0.067703,-0.11256,-0.044861,-1.128e+05
Z114,Shopville Le Gru – Grugliasco,commercial_zone,IT,ITC11,chain,3.2217e+07,43237,-1.979e+05,-1.5466e+05,23,0.0013421,-0.0061427,-0.0048006,-6724.3
Z114,Shopville Le Gru – Grugliasco,commercial_zone,IT,ITC11,independent,5.4023e+07,92613,-3.0924e+05,-2.1663e+05,14,0.0017143,-0.0057243,-0.00401,-15474
Z116,Zweibrücken Fashion Outlet – Contwig,commercial_zone,DE,DEB3A,chain,5.844e+07,5.7809e+06,-3.0753e+06,2.7056e+06,55,0.098921,-0.052624,0.046297,49193
Z116,Zweibrücken Fashion Outlet – Contwig,commercial_zone,DE,DEB3A,independent,5.9813e+07,5.9179e+06,-3.1501e+06,2.7679e+06,44,0.098941,-0.052666,0.046275,62906
Z118,Le Fornaci – Fornaci,commercial_zone,IT,ITC11,chain,2.1353e+07,29800,-1.2932e+05,-99520,7,0.0013956,-0.0060564,-0.0046608,-14217
Z118,Le Fornaci – Fornaci,commercial_zone,IT,ITC11,independent,4.7033e+07,1.3703e+05,-2.5601e+05,-1.1898e+05,7,0.0029136,-0.0054432,-0.0025296,-16997
Z119,Zone d'Activité Sud – Sélestat,commercial_zone,FR,FRF11,chain,5.2402e+07,1.8774e+06,-4.8992e+06,-3.0218e+06,11,0.035827,-0.093492,-0.057665,-2.7471e+05
Z119,Zone d'Activité Sud – Sélestat,commercial_zone,FR,FRF11,independent,4.73e+07,2.2704e+06,-4.8215e+06,-2.5511e+06,12,0.048,-0.10193,-0.053934,-2.1259e+05
Z12,Zone commerciale Karlsdorf,commercial_zone,DE,DE123,chain,2.1482e+07,1.4451e+05,-2.7411e+05,-1.296e+05,9,0.0067271,-0.01276,-0.0060326,-14399
Z12,Zone commerciale Karlsdorf,commercial_zone,DE,DE123,independent,9.1209e+06,81770,-1.7668e+05,-94910,6,0.0089651,-0.019371,-0.010406,-15818
Z120,Shoppyland – Moosseedorf,commercial_zone,CH,CH021,chain,8.4952e+07,7.58e+05,-4.0723e+06,-3.3143e+06,31,0.0089227,-0.047937,-0.039014,-1.0691e+05
Z120,Shoppyland – Moosseedorf,commercial_zone,CH,CH021,independent,4.8433e+07,4.4106e+05,-2.3613e+06,-1.9202e+06,20,0.0091065,-0.048754,-0.039647,-96012
Z122,Zone d'Activités du Tiergarten – Waltenheim,commercial_zone,FR,FRF12,chain,2.3596e+07,7.0025e+06,-9.5032e+06,-2.5007e+06,8,0.29677,-0.40275,-0.10598,-3.1259e+05
Z122,Zone d'Activités du Tiergarten – Waltenheim,commercial_zone,FR,FRF12,independent,7.7764e+06,3.5086e+06,-2.7656e+06,7.4292e+05,7,0.45118,-0.35564,0.095535,1.0613e+05
Z123,Manor – Noës,commercial_zone,CH,CH012,chain,2.8515e+07,29180,-1.9873e+05,-1.6955e+05,13,0.0010233,-0.0069696,-0.0059463,-13043
Z123,Manor – Noës,commercial_zone,CH,CH012,independent,3.0863e+07,62364,-4.49e+05,-3.8664e+05,13,0.0020207,-0.014548,-0.012528,-29741
Z125,Centro Commerciale Grande Cuneo – Madonna delle Grazie,commercial_zone,IT,ITC16,chain,3.6282e+07,1.577e+05,-2459.9,1.5524e+05,27,0.0043465,-6.7798e-05,0.0042787,5749.6
Z125,Centro Commerciale Grande Cuneo – Madonna delle Grazie,commercial_zone,IT,ITC16,independent,2.0109e+07,83845,-1481.1,82364,6,0.0041696,-7.3656e-05,0.004096,13727
Z127,Zone commerciale Pasta,commercial_zone,IT,ITC11,chain,1.2674e+07,7728.5,-58451,-50722,5,0.00060977,-0.0046117,-0.0040019,-10144
Z127,Zone commerciale Pasta,commercial_zone,IT,ITC11,independent,4.1267e+06,3369.3,-19088,-15719,3,0.00081647,-0.0046255,-0.003809,-5239.6
Z128,Zone commerciale Hombourg,commercial_zone,DE,DEC05,chain,1.0476e+07,7.1194e+05,-3.5951e+05,3.5242e+05,7,0.067959,-0.034318,0.033641,50346
Z128,Zone commerciale Hombourg,commercial_zone,DE,DEC05,independent,1.0478e+06,92733,-58935,33799,1,0.088502,-0.056245,0.032256,33799
Z129,Zone commerciale Deux-Ponts,commercial_zone,DE,DEB3A,chain,6.0108e+06,6.3597e+05,-3.4643e+05,2.8954e+05,5,0.1058,-0.057635,0.048169,57907
Z129,Zone commerciale Deux-Ponts,commercial_zone,DE,DEB3A,independent,7.1807e+06,5.4332e+05,-1.3212e+05,4.112e+05,2,0.075664,-0.018399,0.057265,2.056e+05
Z13,Kurpfalz Center – Viernheim,commercial_zone,DE,DE126,chain,1.1393e+07,42184,-2.5169e+05,-2.0951e+05,13,0.0037026,-0.022092,-0.018389,-16116
Z13,Kurpfalz Center – Viernheim,commercial_zone,DE,DE126,independent,1.2958e+07,52834,-3.3932e+05,-2.8648e+05,10,0.0040773,-0.026186,-0.022108,-28648
Z130,Leclerc – Thal-Marmoutier,commercial_zone,FR,FRF11,chain,1.6111e+07,4.1117e+05,-1.7464e+06,-1.3352e+06,7,0.025522,-0.1084,-0.082876,-1.9074e+05
Z130,Leclerc – Thal-Marmoutier,commercial_zone,FR,FRF11,independent,1.3554e+07,9.9616e+05,-2.6925e+06,-1.6964e+06,4,0.073497,-0.19865,-0.12516,-4.2409e+05
Z131,Horbourg-Wihr – Horbourg-Wihr,commercial_zone,FR,FRF12,chain,2.0338e+07,1.4697e+06,-3.0195e+06,-1.5498e+06,7,0.072266,-0.14847,-0.076202,-2.214e+05
Z131,Horbourg-Wihr – Horbourg-Wihr,commercial_zone,FR,FRF12,independent,4.6314e+06,4.9475e+05,-7.5782e+05,-2.6307e+05,3,0.10683,-0.16363,-0.056802,-87691
Z135,Zone commerciale Horbourg-Wihr,commercial_zone,FR,FRF12,chain,1.618e+07,9.4564e+05,-2.0146e+06,-1.069e+06,4,0.058445,-0.12452,-0.06607,-2.6725e+05
Z135,Zone commerciale Horbourg-Wihr,commercial_zone,FR,FRF12,independent,1.5804e+07,1.3476e+06,-2.2349e+06,-8.8726e+05,9,0.085266,-0.14141,-0.05614,-98585
Z136,Zone d'activités Pôle 201 – Sausheim,commercial_zone,FR,FRF12,chain,1.49e+07,1.7694e+06,-2.9339e+06,-1.1645e+06,2,0.11875,-0.19691,-0.078155,-5.8225e+05
Z136,Zone d'activités Pôle 201 – Sausheim,commercial_zone,FR,FRF12,independent,5.9599e+06,7.0776e+05,-1.1736e+06,-4.658e+05,2,0.11875,-0.19691,-0.078155,-2.329e+05
Z138,Zone commerciale Ile Napoléon – Sausheim,commercial_zone,FR,FRF12,chain,1.0948e+08,2.363e+07,-2.3796e+07,-1.6572e+05,31,0.21585,-0.21736,-0.0015137,-5345.7
Z138,Zone commerciale Ile Napoléon – Sausheim,commercial_zone,FR,FRF12,independent,5.6939e+07,1.3279e+07,-1.2577e+07,7.0257e+05,21,0.23322,-0.22088,0.012339,33456
Z139,Zone d'Activités Commerciales de Buehlfeld – Houssen,commercial_zone,FR,FRF12,chain,7.9262e+07,5.7792e+06,-1.0264e+07,-4.485e+06,27,0.072913,-0.1295,-0.056585,-1.6611e+05
Z139,Zone d'Activités Commerciales de Buehlfeld – Houssen,commercial_zone,FR,FRF12,independent,1.354e+07,1.1834e+06,-1.8926e+06,-7.0924e+05,7,0.0874,-0.13978,-0.052383,-1.0132e+05
Z14,Zone commerciale Kirrlach,commercial_zone,DE,DE123,chain,6.1067e+06,12950,-13487,-537.1,2,0.0021206,-0.0022085,-8.7952e-05,-268.55
Z14,Zone commerciale Kirrlach,commercial_zone,DE,DE123,independent,7.3462e+06,40657,-1.5094e+05,-1.1029e+05,10,0.0055344,-0.020547,-0.015013,-11029
Z140,Sole D'Oro – Orbassano,commercial_zone,IT,ITC11,chain,1.428e+06,3732.9,-7001.5,-3268.6,2,0.002614,-0.004903,-0.0022889,-1634.3
Z140,Sole D'Oro – Orbassano,commercial_zone,IT,ITC11,independent,3.0278e+07,57082,-1.458e+05,-88713,5,0.0018853,-0.0048152,-0.00293,-17743
Z141,Centro Commerciale Rivoli – Rivoli,commercial_zone,IT,ITC11,chain,1.3718e+07,61025,-1.6356e+05,-1.0254e+05,3,0.0044485,-0.011923,-0.0074746,-34179
Z141,Centro Commerciale Rivoli – Rivoli,commercial_zone,IT,ITC11,independent,1.3387e+07,1.6799e+05,-1.0289e+05,65098,2,0.012549,-0.007686,0.0048629,32549
Z143,Zone commerciale San Rocco Castagnaretta,commercial_zone,IT,ITC16,chain,2.6193e+07,2.0936e+05,-2133.9,2.0722e+05,4,0.0079928,-8.1466e-05,0.0079113,51806
Z143,Zone commerciale San Rocco Castagnaretta,commercial_zone,IT,ITC16,independent,2.0149e+06,16104,-164.14,15940,1,0.0079928,-8.1466e-05,0.0079113,15940
Z145,Zone commerciale San Rocco Castagnaretta,commercial_zone,IT,ITC16,chain,1.3317e+07,99659,-1136.4,98523,4,0.0074834,-8.5333e-05,0.007398,24631
Z145,Zone commerciale San Rocco Castagnaretta,commercial_zone,IT,ITC16,independent,2.7683e+07,1.5943e+05,-2570.6,1.5686e+05,12,0.0057591,-9.2857e-05,0.0056662,13072
Z146,Zone commerciale Wettolsheim,commercial_zone,FR,FRF12,chain,4.6747e+07,1.153e+06,-3.9917e+06,-2.8387e+06,8,0.024664,-0.085389,-0.060725,-3.5484e+05
Z146,Zone commerciale Wettolsheim,commercial_zone,FR,FRF12,independent,1.3156e+07,6.4521e+05,-1.409e+06,-7.6374e+05,8,0.049043,-0.10709,-0.058052,-95467
Z148,Zone commerciale Rosta,commercial_zone,IT,ITC11,chain,0,0,0,0,0,,,,
Z148,Zone commerciale Rosta,commercial_zone,IT,ITC11,independent,1.094e+07,1.0247e+05,-91962,10511,11,0.0093667,-0.0084059,0.00096076,955.53
Z152,Zone d'aménagement commercial de Wintzenheim-Logelbach – Ingersheim,commercial_zone,FR,FRF12,chain,4.3399e+07,9.2995e+05,-3.2527e+06,-2.3227e+06,7,0.021428,-0.074948,-0.053521,-3.3182e+05
Z152,Zone d'aménagement commercial de Wintzenheim-Logelbach – Ingersheim,commercial_zone,FR,FRF12,independent,4.5994e+06,2.6734e+05,-5.0877e+05,-2.4143e+05,3,0.058125,-0.11062,-0.052491,-80477
Z154,Zone commerciale Kingersheim,commercial_zone,FR,FRF12,chain,2.1307e+08,2.9413e+07,-3.7768e+07,-8.3553e+06,50,0.13804,-0.17726,-0.039213,-1.6711e+05
Z154,Zone commerciale Kingersheim,commercial_zone,FR,FRF12,independent,8.2787e+07,1.4825e+07,-1.5956e+07,-1.1306e+06,31,0.17908,-0.19273,-0.013657,-36471
Z155,Zone commerciale Wittenheim,commercial_zone,FR,FRF12,chain,6.0873e+07,7.0403e+06,-1.017e+07,-3.1292e+06,15,0.11566,-0.16706,-0.051406,-2.0861e+05
Z155,Zone commerciale Wittenheim,commercial_zone,FR,FRF12,independent,3.5619e+07,4.5084e+06,-6.1069e+06,-1.5984e+06,10,0.12657,-0.17145,-0.044876,-1.5984e+05
Z157,Zone commerciale Ludwigsthal,commercial_zone,DE,DEC03,chain,2.7934e+07,1.7156e+06,-5.6376e+05,1.1518e+06,5,0.061415,-0.020182,0.041233,2.3036e+05
Z157,Zone commerciale Ludwigsthal,commercial_zone,DE,DEC03,independent,5.7877e+06,3.3744e+05,-99623,2.3782e+05,2,0.058303,-0.017213,0.04109,1.1891e+05
Z16,Zone commerciale Zimmern ob Rottweil,commercial_zone,DE,DE135,chain,1.5809e+06,0,-1.1457e+05,-1.1457e+05,14,0,-0.072473,-0.072473,-8183.7
Z16,Zone commerciale Zimmern ob Rottweil,commercial_zone,DE,DE135,independent,4.3277e+05,0,-35332,-35332,10,0,-0.081642,-0.081642,-3533.2
Z161,Centre commercial l'Arche – Morschwiller-le-Bas,commercial_zone,FR,FRF12,chain,1.5636e+08,1.4987e+07,-2.4863e+07,-9.8753e+06,26,0.09585,-0.15901,-0.063156,-3.7982e+05
Z161,Centre commercial l'Arche – Morschwiller-le-Bas,commercial_zone,FR,FRF12,independent,2.6794e+07,4.5678e+06,-5.0943e+06,-5.2652e+05,11,0.17048,-0.19013,-0.019651,-47866
Z164,Saarpark Center – Neunkirchen (Saar),commercial_zone,DE,DEC03,chain,1.6663e+08,1.456e+07,-7.9644e+06,6.5957e+06,63,0.087379,-0.047796,0.039582,1.0469e+05
Z164,Saarpark Center – Neunkirchen (Saar),commercial_zone,DE,DEC03,independent,9.8007e+07,8.2366e+06,-4.3937e+06,3.8428e+06,31,0.084041,-0.044831,0.03921,1.2396e+05
Z166,Zone commerciale Hirsingue,commercial_zone,FR,FRF12,chain,2.4745e+07,1.1439e+06,-7.6519e+06,-6.508e+06,4,0.046227,-0.30923,-0.263,-1.627e+06
Z166,Zone commerciale Hirsingue,commercial_zone,FR,FRF12,independent,9.8881e+06,5.8574e+05,-3.0477e+06,-2.4619e+06,5,0.059236,-0.30821,-0.24898,-4.9239e+05
Z167,Zone commerciale Issenheim,commercial_zone,FR,FRF12,chain,2.2697e+07,7.5664e+05,-2.2597e+06,-1.503e+06,6,0.033336,-0.099556,-0.06622,-2.505e+05
Z167,Zone commerciale Issenheim,commercial_zone,FR,FRF12,independent,2.8589e+06,1.715e+05,-3.4639e+05,-1.7489e+05,2,0.059988,-0.12116,-0.061174,-87444
Z168,Forum des Alpes – Plan-Conthey,commercial_zone,CH,CH012,chain,1.6232e+08,1.5296e+05,-8.085e+05,-6.5554e+05,36,0.00094235,-0.0049809,-0.0040386,-18209
Z168,Forum des Alpes – Plan-Conthey,commercial_zone,CH,CH012,independent,1.7539e+08,4.3569e+05,-2.093e+06,-1.6573e+06,60,0.0024841,-0.011933,-0.0094488,-27621
Z169,Zone commerciale Gunsbach,commercial_zone,FR,FRF12,chain,1.0299e+07,64220,-3.6408e+05,-2.9986e+05,2,0.0062353,-0.035349,-0.029114,-1.4993e+05
Z169,Zone commerciale Gunsbach,commercial_zone,FR,FRF12,independent,2.533e+06,1.2192e+05,-2.5422e+05,-1.323e+05,4,0.048131,-0.10036,-0.052231,-33076
Z17,Zone commerciale Brühl,commercial_zone,DE,DE126,chain,1.4749e+07,49670,-3.0172e+05,-2.5205e+05,12,0.0033678,-0.020458,-0.01709,-21004
Z17,Zone commerciale Brühl,commercial_zone,DE,DE126,independent,1.7093e+06,7643.5,-54501,-46857,4,0.0044718,-0.031886,-0.027414,-11714
Z170,Zone de loisirs des étoiles – Cernay,commercial_zone,FR,FRF12,chain,5.9642e+07,4.4436e+06,-7.7226e+06,-3.2791e+06,16,0.074504,-0.12948,-0.054979,-2.0494e+05
Z170,Zone de loisirs des étoiles – Cernay,commercial_zone,FR,FRF12,independent,8.7888e+07,4.0267e+06,-9.788e+06,-5.7613e+06,12,0.045816,-0.11137,-0.065554,-4.8011e+05
Z171,Zone commerciale de Neunkirch – Sarreguemines,commercial_zone,FR,FRF33,chain,1.5553e+08,2.0312e+07,-7.1174e+07,-5.0862e+07,30,0.1306,-0.45762,-0.32702,-1.6954e+06
Z171,Zone commerciale de Neunkirch – Sarreguemines,commercial_zone,FR,FRF33,independent,9.6907e+07,2.3834e+07,-4.4866e+07,-2.1032e+07,15,0.24595,-0.46298,-0.21704,-1.4022e+06
Z173,Zone d'Activités Ariane – Buhl-Lorraine,commercial_zone,FR,FRF33,chain,1.3585e+06,1.0287e+05,-3.3874e+05,-2.3587e+05,3,0.075723,-0.24935,-0.17362,-78623
Z173,Zone d'Activités Ariane – Buhl-Lorraine,commercial_zone,FR,FRF33,independent,3.2356e+06,1.4296e+05,-6.2879e+05,-4.8583e+05,5,0.044182,-0.19433,-0.15015,-97166
Z174,Zone économique Les Rives De La Bièvre – Sarrebourg,commercial_zone,FR,FRF33,chain,2.3062e+07,5.2306e+05,-3.6183e+06,-3.0953e+06,16,0.022681,-0.1569,-0.13421,-1.9345e+05
Z174,Zone économique Les Rives De La Bièvre – Sarrebourg,commercial_zone,FR,FRF33,independent,8.7383e+06,1.7349e+05,-1.3263e+06,-1.1528e+06,8,0.019854,-0.15178,-0.13193,-1.441e+05
Z176,Zone Commerciale Grosbliederstroff – Auersmacher,commercial_zone,FR,FRF33,chain,5.8612e+07,7.3623e+06,-2.9162e+07,-2.1799e+07,8,0.12561,-0.49754,-0.37193,-2.7249e+06
Z176,Zone Commerciale Grosbliederstroff – Auersmacher,commercial_zone,FR,FRF33,independent,7.6933e+06,1.711e+06,-3.7391e+06,-2.0281e+06,4,0.2224,-0.48603,-0.26362,-5.0703e+05
Z177,Saarbasar – Sarrebruck,commercial_zone,DE,DEC01,chain,1.2823e+08,3.4488e+07,-7.5167e+06,2.6972e+07,28,0.26895,-0.058617,0.21033,9.6328e+05
Z177,Saarbasar – Sarrebruck,commercial_zone,DE,DEC01,independent,5.1843e+07,1.3339e+07,-3.4903e+06,9.8492e+06,11,0.2573,-0.067324,0.18998,8.9538e+05
Z178,Zone commerciale Fischbach,commercial_zone,DE,DEC01,chain,1.6013e+07,2.4668e+06,-4.9394e+05,1.9729e+06,2,0.15405,-0.030845,0.1232,9.8643e+05
Z178,Zone commerciale Fischbach,commercial_zone,DE,DEC01,independent,5.0022e+06,7.836e+05,-1.995e+05,5.841e+05,2,0.15665,-0.039882,0.11677,2.9205e+05
Z179,Zone commerciale Sarrebruck,commercial_zone,DE,DEC01,chain,2.73e+07,9.8329e+06,-1.0463e+06,8.7865e+06,3,0.36018,-0.038327,0.32185,2.9288e+06
Z179,Zone commerciale Sarrebruck,commercial_zone,DE,DEC01,independent,1.8482e+07,6.3011e+06,-8.5832e+05,5.4428e+06,8,0.34093,-0.046441,0.29449,6.8035e+05
Z18,Hockenheim Center – Hockenheim,commercial_zone,DE,DE128,chain,8.6074e+06,27997,-1.3164e+05,-1.0364e+05,11,0.0032527,-0.015294,-0.012041,-9422.2
Z18,Hockenheim Center – Hockenheim,commercial_zone,DE,DE128,independent,3.0446e+07,1.5153e+05,-8.8595e+05,-7.3442e+05,10,0.004977,-0.029099,-0.024122,-73442
Z180,Les Terrasses – Imling,commercial_zone,FR,FRF33,chain,6.1887e+06,3.2296e+05,-1.3632e+06,-1.0403e+06,12,0.052185,-0.22028,-0.16809,-86690
Z180,Les Terrasses – Imling,commercial_zone,FR,FRF33,independent,1.4512e+07,5.4375e+05,-2.7635e+06,-2.2198e+06,10,0.037468,-0.19043,-0.15296,-2.2198e+05
Z181,Centre Agy – Granges-Paccot,commercial_zone,CH,CH022,chain,2.5484e+07,16049,-1.592e+05,-1.4315e+05,9,0.00062974,-0.0062468,-0.0056171,-15905
Z181,Centre Agy – Granges-Paccot,commercial_zone,CH,CH022,independent,2.8271e+07,65024,-5.9787e+05,-5.3284e+05,8,0.0023,-0.021147,-0.018847,-66605
Z183,Zone Cap Ouest – Imling,commercial_zone,FR,FRF33,chain,6.1653e+06,30085,-7.4916e+05,-7.1907e+05,3,0.0048797,-0.12151,-0.11663,-2.3969e+05
Z183,Zone Cap Ouest – Imling,commercial_zone,FR,FRF33,independent,4.2321e+06,38480,-5.5976e+05,-5.2128e+05,4,0.0090925,-0.13227,-0.12317,-1.3032e+05
Z184,Gewerbepark Römerstraße – Abtei,commercial_zone,DE,DEB22,chain,6.3488e+06,3.5078e+05,-1.712e+05,1.7958e+05,3,0.055252,-0.026966,0.028286,59861
Z184,Gewerbepark Römerstraße – Abtei,commercial_zone,DE,DEB22,independent,3.1744e+06,1.7539e+05,-85600,89792,3,0.055252,-0.026966,0.028286,29931
Z186,Zone commerciale Lüxem,commercial_zone,DE,DEB22,chain,2.5159e+06,6.7037e+05,-1.4409e+05,5.2628e+05,5,0.26646,-0.057271,0.20918,1.0526e+05
Z186,Zone commerciale Lüxem,commercial_zone,DE,DEB22,independent,4.1499e+06,2.068e+06,-4.5704e+05,1.611e+06,5,0.49832,-0.11013,0.38819,3.2219e+05
Z188,Zone commerciale Sainte-Marguerite,commercial_zone,FR,FRF34,chain,9.0345e+06,17097,-3.5209e+05,-3.35e+05,17,0.0018924,-0.038972,-0.03708,-19706
Z188,Zone commerciale Sainte-Marguerite,commercial_zone,FR,FRF34,independent,2.6307e+06,10431,-1.6326e+05,-1.5282e+05,9,0.0039653,-0.062058,-0.058093,-16980
Z189,La Tourre – Colomars,commercial_zone,FR,FRL03,chain,1.5784e+07,1.3569e+05,-3.2759e+05,-1.9191e+05,3,0.0085964,-0.020755,-0.012158,-63970
Z189,La Tourre – Colomars,commercial_zone,FR,FRL03,independent,0,0,0,0,0,,,,
Z19,Zone commerciale Langensteinbach,commercial_zone,DE,DE123,chain,3.8622e+07,3.475e+05,-3.4828e+05,-779.99,6,0.0089975,-0.0090177,-2.0195e-05,-130
Z19,Zone commerciale Langensteinbach,commercial_zone,DE,DE123,independent,3.8152e+07,5.2058e+05,-8.5939e+05,-3.388e+05,18,0.013645,-0.022525,-0.0088804,-18822
Z190,Cap 3000 – Saint-Laurent-du-Var,commercial_zone,FR,FRL03,chain,1.9208e+08,9.9798e+06,-7.0055e+06,2.9742e+06,126,0.051956,-0.036472,0.015484,23605
Z190,Cap 3000 – Saint-Laurent-du-Var,commercial_zone,FR,FRL03,independent,9.9187e+07,4.6359e+06,-3.4686e+06,1.1673e+06,49,0.046739,-0.03497,0.011768,23822
Z191,IKEA – La Gaude,commercial_zone,FR,FRL03,chain,1.8587e+07,6.7356e+05,-6.302e+05,43355,10,0.036238,-0.033906,0.0023326,4335.5
Z191,IKEA – La Gaude,commercial_zone,FR,FRL03,independent,1.8214e+07,4.9508e+05,-5.8642e+05,-91335,8,0.027181,-0.032196,-0.0050145,-11417
Z192,Saint-Isidore – La Gaude,commercial_zone,FR,FRL03,chain,2.5423e+07,5.5272e+05,-8.1331e+05,-2.6059e+05,7,0.021741,-0.031992,-0.010251,-37228
Z192,Saint-Isidore – La Gaude,commercial_zone,FR,FRL03,independent,8.3548e+06,3.382e+05,-2.9342e+05,44788,6,0.04048,-0.03512,0.0053607,7464.6
Z194,Centre commercial Nice Lingostière – La Gaude,commercial_zone,FR,FRL03,chain,4.0747e+07,9.0695e+05,-1.1814e+06,-2.7442e+05,14,0.022258,-0.028992,-0.0067347,-19602
Z194,Centre commercial Nice Lingostière – La Gaude,commercial_zone,FR,FRL03,independent,4.1647e+06,1.4819e+05,-1.2979e+05,18401,3,0.035583,-0.031165,0.0044184,6133.7
Z195,Zone commerciale Morsbach,commercial_zone,FR,FRF33,chain,1.2656e+08,1.8939e+07,-6.6287e+07,-4.7348e+07,16,0.14965,-0.52378,-0.37413,-2.9592e+06
Z195,Zone commerciale Morsbach,commercial_zone,FR,FRF33,independent,9.8874e+07,1.2825e+07,-5.2276e+07,-3.9451e+07,10,0.12971,-0.52871,-0.399,-3.9451e+06
Z196,Centre B'Est – Farébersviller,commercial_zone,FR,FRF33,chain,6.2085e+07,7.6661e+06,-2.867e+07,-2.1004e+07,15,0.12348,-0.46179,-0.33831,-1.4003e+06
Z196,Centre B'Est – Farébersviller,commercial_zone,FR,FRF33,independent,2.141e+07,6.1597e+06,-9.2552e+06,-3.0955e+06,2,0.28771,-0.43229,-0.14458,-1.5477e+06
Z197,Zone commerciale Bessoncourt,commercial_zone,FR,FRC24,chain,6.5034e+07,3.0334e+06,-4.0734e+06,-1.0399e+06,12,0.046644,-0.062635,-0.015991,-86661
Z197,Zone commerciale Bessoncourt,commercial_zone,FR,FRC24,independent,1.4911e+07,1.1155e+06,-1.3337e+06,-2.1822e+05,7,0.07481,-0.089444,-0.014634,-31174
Z198,Espace 2 - Les Rives – Villeneuve-Loubet,commercial_zone,FR,FRL03,chain,1.0482e+08,1.6864e+06,-2.2913e+06,-6.0495e+05,31,0.016089,-0.02186,-0.0057715,-19515
Z198,Espace 2 - Les Rives – Villeneuve-Loubet,commercial_zone,FR,FRL03,independent,1.3889e+07,4.4862e+05,-3.899e+05,58720,10,0.0323,-0.028072,0.0042277,5872
Z2,Zone commerciale Gerlingen,commercial_zone,DE,DE111,chain,6.6673e+05,1124.4,-6029.7,-4905.3,3,0.0016864,-0.0090437,-0.0073573,-1635.1
Z2,Zone commerciale Gerlingen,commercial_zone,DE,DE111,independent,2.5725e+05,520.66,-5237.1,-4716.5,2,0.0020239,-0.020358,-0.018334,-2358.2
Z20,Schwarzwald-Baar-Center – Weilersbach,commercial_zone,DE,DE136,chain,1.5076e+06,0,-1.1098e+05,-1.1098e+05,24,0,-0.073612,-0.073612,-4624.1
Z20,Schwarzwald-Baar-Center – Weilersbach,commercial_zone,DE,DE136,independent,1.2174e+06,0,-1.244e+05,-1.244e+05,8,0,-0.10218,-0.10218,-15549
Z200,Einkaufscenter Bous EKC – Bous,commercial_zone,DE,DEC04,chain,4.9857e+07,1.2422e+07,-3.5369e+06,8.8852e+06,12,0.24915,-0.070941,0.17821,7.4044e+05
Z200,Einkaufscenter Bous EKC – Bous,commercial_zone,DE,DEC04,independent,4.8338e+07,1.2665e+07,-4.0361e+06,8.629e+06,5,0.26201,-0.083497,0.17851,1.7258e+06
Z201,Ochsner Sport / Let's Go Fitness – Collombey,commercial_zone,CH,CH011,chain,9.1489e+07,8.9619e+05,-8.8619e+05,10001,10,0.0097957,-0.0096864,0.00010931,1000.1
Z201,Ochsner Sport / Let's Go Fitness – Collombey,commercial_zone,CH,CH011,independent,5.6125e+07,7.9697e+05,-1.913e+06,-1.116e+06,15,0.0142,-0.034084,-0.019885,-74402
Z202,Espace Antibes – Vallauris,commercial_zone,FR,FRL03,chain,1.0412e+08,1.7654e+06,-2.1085e+06,-3.4307e+05,42,0.016956,-0.020251,-0.003295,-8168.3
Z202,Espace Antibes – Vallauris,commercial_zone,FR,FRL03,independent,6.258e+07,1.6954e+06,-1.5622e+06,1.3323e+05,25,0.027092,-0.024963,0.002129,5329.4
Z203,Zone commerciale Holzmühle,commercial_zone,DE,DEC04,chain,2.5723e+07,7.0991e+06,-2.0942e+06,5.005e+06,7,0.27599,-0.081414,0.19457,7.1499e+05
Z203,Zone commerciale Holzmühle,commercial_zone,DE,DEC04,independent,0,0,0,0,0,,,,
Z204,Centre commercial Rocville – Villeneuve,commercial_zone,CH,CH011,chain,1.3428e+07,1.9425e+05,-4.4215e+05,-2.479e+05,10,0.014466,-0.032927,-0.018461,-24790
Z204,Centre commercial Rocville – Villeneuve,commercial_zone,CH,CH011,independent,6.0935e+07,1.0216e+06,-2.4258e+06,-1.4042e+06,15,0.016766,-0.039809,-0.023043,-93610
Z205,Zone commerciale Andelnans,commercial_zone,FR,FRC24,chain,3.4477e+07,1.6867e+06,-1.5555e+06,1.3121e+05,4,0.048922,-0.045117,0.0038058,32803
Z205,Zone commerciale Andelnans,commercial_zone,FR,FRC24,independent,1.7607e+07,1.2153e+06,-1.1802e+06,35121,8,0.069025,-0.067031,0.0019947,4390.1
Z206,Zone commerciale Andelnans,commercial_zone,FR,FRC24,chain,2.9485e+07,2.9431e+06,-3.0624e+06,-1.1927e+05,19,0.099817,-0.10386,-0.004045,-6277.1
Z206,Zone commerciale Andelnans,commercial_zone,FR,FRC24,independent,1.9151e+07,2.0213e+06,-2.1059e+06,-84629,13,0.10554,-0.10996,-0.0044189,-6509.9
Z207,Chablais Centre – Illarsaz,commercial_zone,CH,CH011,chain,5.3856e+07,4.2886e+05,-7.55e+05,-3.2614e+05,11,0.0079631,-0.014019,-0.0060558,-29649
Z207,Chablais Centre – Illarsaz,commercial_zone,CH,CH011,independent,2.7718e+07,3.9828e+05,-9.3593e+05,-5.3765e+05,9,0.014369,-0.033766,-0.019397,-59738
Z208,Zone commerciale Roche,commercial_zone,CH,CH011,chain,1.2597e+07,1.0424e+05,-1.7352e+05,-69283,3,0.0082748,-0.013775,-0.0055001,-23094
Z208,Zone commerciale Roche,commercial_zone,CH,CH011,independent,2.2733e+07,2.8609e+05,-5.8516e+05,-2.9907e+05,3,0.012585,-0.02574,-0.013156,-99689
Z209,ZAIC du Grand Bois – Danjoutin,commercial_zone,FR,FRC24,chain,2.3267e+06,2.7379e+05,-3.0129e+05,-27501,2,0.11767,-0.12949,-0.01182,-13751
Z209,ZAIC du Grand Bois – Danjoutin,commercial_zone,FR,FRC24,independent,3.4901e+06,4.1068e+05,-4.5193e+05,-41252,3,0.11767,-0.12949,-0.01182,-13751
Z21,Lilienthal-Center – Scharhof,commercial_zone,DE,DE126,chain,9.7584e+06,61232,-1.8766e+05,-1.2643e+05,11,0.0062748,-0.01923,-0.012956,-11493
Z21,Lilienthal-Center – Scharhof,commercial_zone,DE,DE126,independent,6.8659e+06,48960,-1.7176e+05,-1.228e+05,9,0.0071308,-0.025016,-0.017885,-13644
Z210,Riviera Centre – Rennaz,commercial_zone,CH,CH011,chain,6.1625e+07,4.5947e+05,-7.0788e+05,-2.4841e+05,7,0.007456,-0.011487,-0.0040309,-35487
Z210,Riviera Centre – Rennaz,commercial_zone,CH,CH011,independent,3.142e+07,4.1147e+05,-8.8082e+05,-4.6935e+05,9,0.013096,-0.028033,-0.014938,-52150
Z213,Fugueiré – Vallauris,commercial_zone,FR,FRL03,chain,2.7224e+07,3.6999e+05,-4.8927e+05,-1.1928e+05,15,0.013591,-0.017972,-0.0043813,-7951.7
Z213,Fugueiré – Vallauris,commercial_zone,FR,FRL03,independent,2.8368e+07,2.7273e+05,-4.5324e+05,-1.8051e+05,13,0.0096138,-0.015977,-0.006363,-13885
Z214,Zone commerciale Exincourt,commercial_zone,FR,FRC21,chain,6.6234e+07,2.5193e+06,-2.607e+06,-87734,12,0.038036,-0.03936,-0.0013246,-7311.2
Z214,Zone commerciale Exincourt,commercial_zone,FR,FRC21,independent,5.3006e+06,2.3332e+05,-2.4937e+05,-16044,2,0.044018,-0.047045,-0.0030268,-8021.9
Z217,Zone commerciale Saint-Avold,commercial_zone,FR,FRF33,chain,3.4272e+07,2.5512e+06,-1.4832e+07,-1.2281e+07,5,0.074439,-0.43278,-0.35834,-2.4562e+06
Z217,Zone commerciale Saint-Avold,commercial_zone,FR,FRF33,independent,9.6294e+06,9.2109e+05,-4.1531e+06,-3.232e+06,3,0.095654,-0.4313,-0.33564,-1.0773e+06
Z218,ZAC du Pied des Gouttes – Arbouans,commercial_zone,FR,FRC21,chain,4.5388e+07,2.0504e+06,-2.5632e+06,-5.1275e+05,15,0.045176,-0.056472,-0.011297,-34183
Z218,ZAC du Pied des Gouttes – Arbouans,commercial_zone,FR,FRC21,independent,1.5486e+07,1.0194e+06,-1.2932e+06,-2.7381e+05,9,0.065826,-0.083507,-0.017681,-30424
Z219,Zone commerciale Saint-Avold,commercial_zone,FR,FRF33,chain,3.8936e+07,3.0283e+06,-1.7079e+07,-1.405e+07,6,0.077775,-0.43863,-0.36085,-2.3417e+06
Z219,Zone commerciale Saint-Avold,commercial_zone,FR,FRF33,independent,0,0,0,0,0,,,,
Z22,Dotterbind – Hüfingen,commercial_zone,DE,DE136,chain,2.3224e+06,7559.7,-1.8478e+05,-1.7722e+05,14,0.0032552,-0.079563,-0.076308,-12658
Z22,Dotterbind – Hüfingen,commercial_zone,DE,DE136,independent,1.2415e+05,388.73,-8896.5,-8507.8,2,0.0031312,-0.071661,-0.06853,-4253.9
Z222,Zone commerciale Diesen,commercial_zone,FR,FRF33,chain,7.5807e+07,9.2288e+06,-3.5896e+07,-2.6667e+07,13,0.12174,-0.47352,-0.35178,-2.0513e+06
Z222,Zone commerciale Diesen,commercial_zone,FR,FRF33,independent,8.6639e+06,1.3105e+06,-4.0573e+06,-2.7468e+06,3,0.15126,-0.4683,-0.31705,-9.1562e+05
Z223,Zone artisanale du Rain Brice – Le Tholy,commercial_zone,FR,FRF34,chain,0,0,0,0,0,,,,
Z223,Zone artisanale du Rain Brice – Le Tholy,commercial_zone,FR,FRF34,independent,65667,0,-1080.3,-1080.3,5,0,-0.016452,-0.016452,-216.07
Z224,Zone commerciale Bethoncourt,commercial_zone,FR,FRC21,chain,1.2283e+07,3.1864e+05,-3.8191e+05,-63270,2,0.025941,-0.031092,-0.005151,-31635
Z224,Zone commerciale Bethoncourt,commercial_zone,FR,FRC21,independent,6.5462e+06,1.9189e+05,-2.339e+05,-42011,3,0.029313,-0.035731,-0.0064176,-14004
Z226,Zone Commerciale du Heckenwald – Saint-Avold,commercial_zone,FR,FRF33,chain,7.8996e+06,5.5794e+05,-3.341e+06,-2.7831e+06,2,0.070629,-0.42294,-0.35231,-1.3915e+06
Z226,Zone Commerciale du Heckenwald – Saint-Avold,commercial_zone,FR,FRF33,independent,1.0101e+07,1.132e+06,-4.2588e+06,-3.1268e+06,4,0.11206,-0.42161,-0.30955,-7.8171e+05
Z227,Zone commerciale Voujeaucourt,commercial_zone,FR,FRC21,chain,7.8977e+07,1.6203e+06,-2.46e+06,-8.3969e+05,7,0.020517,-0.031149,-0.010632,-1.1996e+05
Z227,Zone commerciale Voujeaucourt,commercial_zone,FR,FRC21,independent,9.921e+06,5.5315e+05,-7.7364e+05,-2.2049e+05,8,0.055755,-0.07798,-0.022225,-27561
Z228,Zone commerciale Héricourt,commercial_zone,FR,FRC23,chain,2.5574e+07,8.9562e+05,-9.1447e+05,-18848,6,0.035021,-0.035758,-0.000737,-3141.3
Z228,Zone commerciale Héricourt,commercial_zone,FR,FRC23,independent,1.1166e+07,3.7847e+05,-3.8346e+05,-4984.6,5,0.033896,-0.034343,-0.00044643,-996.93
Z229,Eplatures Centre – La Chaux-de-Fonds,commercial_zone,CH,CH024,chain,4.4609e+07,2.1718e+06,-1.882e+06,2.8974e+05,6,0.048685,-0.04219,0.0064952,48291
Z229,Eplatures Centre – La Chaux-de-Fonds,commercial_zone,CH,CH024,independent,1.5277e+07,1.0053e+06,-7.2139e+05,2.8389e+05,7,0.065803,-0.04722,0.018582,40555
Z23,Fachmarktzentrum – Scharhof,commercial_zone,DE,DE126,chain,1.8627e+06,14099,-51761,-37662,6,0.0075692,-0.027788,-0.020219,-6277
Z23,Fachmarktzentrum – Scharhof,commercial_zone,DE,DE126,independent,6.4231e+05,4861.8,-17849,-12987,2,0.0075692,-0.027788,-0.020219,-6493.5
Z230,ZA des Fades – Le Cannet,commercial_zone,FR,FRL03,chain,2.9208e+06,48559,-55072,-6512.8,3,0.016625,-0.018855,-0.0022298,-2170.9
Z230,ZA des Fades – Le Cannet,commercial_zone,FR,FRL03,independent,2.3595e+06,86898,-73284,13614,4,0.036828,-0.031058,0.0057698,3403.5
Z231,Arc-en-ciel – Châtillens,commercial_zone,CH,CH011,chain,3.0783e+07,30804,-1.5395e+05,-1.2314e+05,4,0.0010007,-0.005001,-0.0040003,-30785
Z231,Arc-en-ciel – Châtillens,commercial_zone,CH,CH011,independent,1.2673e+07,1.0297e+05,-5.5988e+05,-4.569e+05,5,0.0081258,-0.04418,-0.036054,-91380
Z234,La Roubine – Mandelieu-la-Napoule,commercial_zone,FR,FRL03,chain,1.0392e+07,65745,-1.2717e+05,-61425,6,0.0063267,-0.012238,-0.0059109,-10237
Z234,La Roubine – Mandelieu-la-Napoule,commercial_zone,FR,FRL03,independent,4.0212e+06,1.0219e+05,-1.0109e+05,1093,8,0.025412,-0.02514,0.00027182,136.63
Z235,Saint-Marc – Mouans-Sartoux,commercial_zone,FR,FRL03,chain,9.5836e+06,1.2031e+05,-1.5538e+05,-35071,8,0.012553,-0.016213,-0.0036595,-4383.9
Z235,Saint-Marc – Mouans-Sartoux,commercial_zone,FR,FRL03,independent,4.5917e+06,1.403e+05,-1.3481e+05,5493.8,9,0.030556,-0.029359,0.0011965,610.42
Z237,Les Tourrades – Mandelieu-la-Napoule,commercial_zone,FR,FRL03,chain,2.331e+07,5.1696e+05,-5.2209e+05,-5128.3,26,0.022177,-0.022397,-0.00022,-197.24
Z237,Les Tourrades – Mandelieu-la-Napoule,commercial_zone,FR,FRL03,independent,1.3282e+07,3.4433e+05,-3.2716e+05,17171,18,0.025925,-0.024632,0.0012928,953.95
Z238,Espace d'activités de la route de Cannes – Plascassier,commercial_zone,FR,FRL03,chain,1.4936e+07,53454,-1.4393e+05,-90476,7,0.0035788,-0.0096363,-0.0060574,-12925
Z238,Espace d'activités de la route de Cannes – Plascassier,commercial_zone,FR,FRL03,independent,2.9813e+06,18170,-33981,-15811,3,0.0060948,-0.011398,-0.0053032,-5270.2
Z239,Mr.Bricolage – Grasse,commercial_zone,FR,FRL03,chain,6.1525e+06,51483,-81246,-29762,5,0.0083679,-0.013205,-0.0048374,-5952.5
Z239,Mr.Bricolage – Grasse,commercial_zone,FR,FRL03,independent,8.2383e+05,23368,-23842,-473.31,2,0.028365,-0.02894,-0.00057453,-236.66
Z24,Gewerbegebiet Auestraße – Spire,commercial_zone,DE,DE128,chain,2.1788e+07,1.0246e+05,-2.3076e+05,-1.283e+05,16,0.0047025,-0.010591,-0.0058884,-8018.7
Z24,Gewerbegebiet Auestraße – Spire,commercial_zone,DE,DE128,independent,1.6768e+07,97115,-2.5663e+05,-1.5952e+05,22,0.0057917,-0.015305,-0.0095132,-7250.8
Z240,Zone commerciale Grasse,commercial_zone,FR,FRL03,chain,5.8261e+06,19980,-54657,-34677,3,0.0034294,-0.0093814,-0.005952,-11559
Z240,Zone commerciale Grasse,commercial_zone,FR,FRL03,independent,7.0162e+05,20115,-20370,-255.38,2,0.028669,-0.029033,-0.00036399,-127.69
Z241,Cabesto – Mandelieu-la-Napoule,commercial_zone,FR,FRL03,chain,1.7506e+07,2.591e+05,-3.1499e+05,-55888,14,0.014801,-0.017993,-0.0031926,-3992
Z241,Cabesto – Mandelieu-la-Napoule,commercial_zone,FR,FRL03,independent,1.0095e+07,3.7571e+05,-3.1674e+05,58969,6,0.037216,-0.031374,0.0058411,9828.2
Z242,Zone commerciale La Galerie - Géant Mandelieu – Mandelieu-la-Napoule,commercial_zone,FR,FRL03,chain,9.8662e+06,2.144e+05,-2.1844e+05,-4039.4,12,0.021731,-0.02214,-0.00040942,-336.62
Z242,Zone commerciale La Galerie - Géant Mandelieu – Mandelieu-la-Napoule,commercial_zone,FR,FRL03,independent,9.5178e+06,48000,-1.1618e+05,-68184,6,0.0050432,-0.012207,-0.0071638,-11364
Z243,ZAC des Alpins – Bourg-Saint-Maurice,commercial_zone,FR,FRK27,chain,8.2821e+05,7798.4,-1314.2,6484.3,2,0.0094161,-0.0015868,0.0078293,3242.1
Z243,ZAC des Alpins – Bourg-Saint-Maurice,commercial_zone,FR,FRK27,independent,3.138e+06,8618.7,-1378.3,7240.3,3,0.0027466,-0.00043924,0.0023073,2413.4
Z244,Zone d'Activités de la Chaume – Saint-Étienne-lès-Remiremont,commercial_zone,FR,FRF34,chain,4.1467e+05,0,-36950,-36950,9,0,-0.089106,-0.089106,-4105.5
Z244,Zone d'Activités de la Chaume – Saint-Étienne-lès-Remiremont,commercial_zone,FR,FRF34,independent,2.2391e+05,0,-21303,-21303,6,0,-0.09514,-0.09514,-3550.5
Z245,Éco-Quartier de La Filature – Saint-Étienne-lès-Remiremont,commercial_zone,FR,FRF34,chain,5.8323e+05,0,-35273,-35273,11,0,-0.060479,-0.060479,-3206.6
Z245,Éco-Quartier de La Filature – Saint-Étienne-lès-Remiremont,commercial_zone,FR,FRF34,independent,4.62e+05,0,-53103,-53103,10,0,-0.11494,-0.11494,-5310.3
Z246,Zone d'Activités de Moulin – Remiremont,commercial_zone,FR,FRF34,chain,2.0762e+05,0,-8407.6,-8407.6,6,0,-0.040495,-0.040495,-1401.3
Z246,Zone d'Activités de Moulin – Remiremont,commercial_zone,FR,FRF34,independent,1.0923e+05,0,-8980.7,-8980.7,4,0,-0.082218,-0.082218,-2245.2
Z249,Zone commerciale de la Pallud – Passy,commercial_zone,FR,FRK28,chain,1.6219e+07,1.0044e+06,-8.1973e+05,1.8464e+05,7,0.061924,-0.05054,0.011384,26377
Z249,Zone commerciale de la Pallud – Passy,commercial_zone,FR,FRK28,independent,8.8603e+06,2.9828e+05,-3.8605e+05,-87778,2,0.033665,-0.043571,-0.0099069,-43889
Z25,Durlach Center – Karlsruhe,commercial_zone,DE,DE122,chain,1.5944e+08,2.0992e+06,-2.0969e+06,2265.1,25,0.013166,-0.013152,1.4207e-05,90.602
Z25,Durlach Center – Karlsruhe,commercial_zone,DE,DE122,independent,4.3887e+07,9.3015e+05,-1.5744e+06,-6.4425e+05,8,0.021194,-0.035874,-0.01468,-80531
Z250,Zone commerciale Montagny-près-Yverdon,commercial_zone,CH,CH011,chain,7.5638e+07,5.1404e+05,-2.5558e+06,-2.0418e+06,10,0.0067961,-0.03379,-0.026994,-2.0418e+05
Z250,Zone commerciale Montagny-près-Yverdon,commercial_zone,CH,CH011,independent,4.2475e+07,5.9287e+05,-1.9186e+06,-1.3257e+06,10,0.013958,-0.045171,-0.031213,-1.3257e+05
Z253,Zone commerciale Romanel-sur-Lausanne,commercial_zone,CH,CH011,chain,4.8549e+07,3.3173e+05,-1.1994e+06,-8.6767e+05,9,0.0068328,-0.024705,-0.017872,-96407
Z253,Zone commerciale Romanel-sur-Lausanne,commercial_zone,CH,CH011,independent,2.633e+07,2.348e+05,-8.5521e+05,-6.2041e+05,7,0.0089175,-0.03248,-0.023562,-88629
Z254,Lotissement du Haut Peyron – Saint-Raphaël,commercial_zone,FR,FRL05,chain,9.811e+05,3801.6,-13954,-10153,7,0.0038748,-0.014223,-0.010348,-1450.4
Z254,Lotissement du Haut Peyron – Saint-Raphaël,commercial_zone,FR,FRL05,independent,47316,94.069,-500.36,-406.29,1,0.0019881,-0.010575,-0.0085867,-406.29
Z255,ZA Vincent – Montauroux,commercial_zone,FR,FRL05,chain,4.2482e+06,23309,-61456,-38147,13,0.0054867,-0.014466,-0.0089797,-2934.4
Z255,ZA Vincent – Montauroux,commercial_zone,FR,FRL05,independent,5.2172e+06,35842,-86083,-50241,21,0.0068699,-0.0165,-0.0096298,-2392.4
Z256,Z.A.des Cloyes – Roye,commercial_zone,FR,FRC23,chain,1.2823e+07,3.4335e+05,-5.8087e+05,-2.3752e+05,15,0.026775,-0.045298,-0.018523,-15835
Z256,Z.A.des Cloyes – Roye,commercial_zone,FR,FRC23,independent,8.9564e+06,2.4905e+05,-4.2423e+05,-1.7518e+05,13,0.027808,-0.047367,-0.019559,-13475
Z257,Le Warens – Sallanches,commercial_zone,FR,FRK28,chain,6.3364e+07,4.2529e+06,-3.8803e+06,3.7268e+05,26,0.06712,-0.061238,0.0058815,14334
Z257,Le Warens – Sallanches,commercial_zone,FR,FRK28,independent,6.8842e+07,1.5012e+07,-6.78e+06,8.2316e+06,18,0.21806,-0.098487,0.11957,4.5731e+05
Z259,Z.A.de la Saline – Roye,commercial_zone,FR,FRC23,chain,1.1529e+07,1.5635e+05,-2.2421e+05,-67857,7,0.013562,-0.019447,-0.0058857,-9693.9
Z259,Z.A.de la Saline – Roye,commercial_zone,FR,FRC23,independent,2.624e+06,85654,-1.5437e+05,-68719,5,0.032643,-0.058832,-0.026189,-13744
Z26,Zone commerciale Spire,commercial_zone,DE,DEB38,chain,9.3804e+06,43582,-81718,-38136,9,0.0046461,-0.0087116,-0.0040655,-4237.3
Z26,Zone commerciale Spire,commercial_zone,DE,DEB38,independent,2.3288e+06,17036,-43871,-26836,4,0.0073151,-0.018838,-0.011523,-6708.9
Z261,ZAC Saint-Jean – Courcelles-Chaussy,commercial_zone,FR,FRF33,chain,1.1522e+07,2.3065e+05,-2.5817e+06,-2.3511e+06,2,0.020018,-0.22406,-0.20404,-1.1755e+06
Z261,ZAC Saint-Jean – Courcelles-Chaussy,commercial_zone,FR,FRF33,independent,5.7415e+05,1.2373e+05,-1.7445e+05,-50715,1,0.2155,-0.30383,-0.088331,-50715
Z262,Centre commercial Ecublens – Chavannes-près-Renens,commercial_zone,CH,CH011,chain,5.7066e+07,3.3954e+05,-1.1969e+06,-8.574e+05,8,0.0059499,-0.020974,-0.015025,-1.0717e+05
Z262,Centre commercial Ecublens – Chavannes-près-Renens,commercial_zone,CH,CH011,independent,3.594e+07,7.0452e+05,-2.5642e+06,-1.8597e+06,6,0.019603,-0.071348,-0.051745,-3.0995e+05
Z264,Zone commerciale Fréjus,commercial_zone,FR,FRL05,chain,1.7163e+06,9808.3,-22303,-12494,3,0.0057147,-0.012994,-0.0072797,-4164.8
Z264,Zone commerciale Fréjus,commercial_zone,FR,FRL05,independent,3.7177e+05,10722,-11566,-843.99,2,0.028841,-0.031111,-0.0022702,-422
Z268,ZA de Villeneuve – Fréjus,commercial_zone,FR,FRL05,chain,3.2935e+06,44967,-87448,-42481,19,0.013653,-0.026552,-0.012898,-2235.9
Z268,ZA de Villeneuve – Fréjus,commercial_zone,FR,FRL05,independent,9.2704e+05,13816,-26244,-12427,6,0.014904,-0.028309,-0.013405,-2071.2
Z269,Zone d'activités commerciales de Rettel – Contz-les-Bains,commercial_zone,FR,FRF33,chain,2.7773e+07,1.1099e+07,-1.0461e+07,6.3719e+05,5,0.39961,-0.37667,0.022942,1.2744e+05
Z269,Zone d'activités commerciales de Rettel – Contz-les-Bains,commercial_zone,FR,FRF33,independent,1.8567e+06,1.9846e+06,-6.5003e+05,1.3345e+06,3,1.0689,-0.3501,0.71876,4.4484e+05
Z27,Gewerbepark Lyautey – Spire,commercial_zone,DE,DEB38,chain,1.7786e+07,79940,-1.2734e+05,-47401,10,0.0044947,-0.0071598,-0.0026651,-4740.1
Z27,Gewerbepark Lyautey – Spire,commercial_zone,DE,DEB38,independent,1.5955e+06,9233.3,-18536,-9302.4,2,0.0057872,-0.011618,-0.0058305,-4651.2
Z271,ZA Lou gabian – Fréjus,commercial_zone,FR,FRL05,chain,7.9671e+05,14067,-24595,-10528,5,0.017656,-0.030871,-0.013215,-2105.6
Z271,ZA Lou gabian – Fréjus,commercial_zone,FR,FRL05,independent,4.9794e+05,8791.8,-15372,-6580.1,3,0.017656,-0.030871,-0.013215,-2193.4
Z272,Zone commerciale Briançon,commercial_zone,FR,FRL02,chain,1.2864e+07,1.2969e+06,-12009,1.2849e+06,4,0.10082,-0.00093354,0.099885,3.2123e+05
Z272,Zone commerciale Briançon,commercial_zone,FR,FRL02,independent,1.0716e+07,9.7347e+05,-88222,8.8525e+05,8,0.090839,-0.0082324,0.082607,1.1066e+05
Z273,Zone d'activité Sud – Villar-Saint-Pancrace,commercial_zone,FR,FRL02,chain,3.0223e+07,2.0582e+06,-66403,1.9918e+06,20,0.068098,-0.0021971,0.065901,99588
Z273,Zone d'activité Sud – Villar-Saint-Pancrace,commercial_zone,FR,FRL02,independent,2.4585e+07,1.6436e+06,-1.4151e+05,1.5021e+06,18,0.066854,-0.0057559,0.061099,83451
Z274,Centre commercial le Val d'Arve – Scionzier,commercial_zone,FR,FRK28,chain,4.8841e+07,5.6902e+06,-4.6751e+06,1.0152e+06,23,0.11651,-0.095721,0.020785,44138
Z274,Centre commercial le Val d'Arve – Scionzier,commercial_zone,FR,FRK28,independent,4.9712e+06,5.9252e+05,-4.7783e+05,1.1469e+05,3,0.11919,-0.09612,0.023071,38230
Z275,Centre Commercial Puget-sur-Argens – Puget-sur-Argens,commercial_zone,FR,FRL05,chain,1.0663e+07,1.4695e+05,-2.662e+05,-1.1925e+05,42,0.013782,-0.024966,-0.011184,-2839.3
Z275,Centre Commercial Puget-sur-Argens – Puget-sur-Argens,commercial_zone,FR,FRL05,independent,8.1604e+06,1.3694e+05,-2.3443e+05,-97491,22,0.016781,-0.028728,-0.011947,-4431.4
Z276,Shop'in Publier – Amphion-les-Bains,commercial_zone,FR,FRK28,chain,6.475e+07,5.3656e+06,-4.6867e+06,6.7894e+05,25,0.082867,-0.072381,0.010486,27158
Z276,Shop'in Publier – Amphion-les-Bains,commercial_zone,FR,FRK28,independent,1.828e+07,3.5551e+06,-2.1873e+06,1.3678e+06,8,0.19449,-0.11966,0.074826,1.7097e+05
Z277,Zone commerciale Mont-Dauphin,commercial_zone,FR,FRL02,chain,1.4568e+07,78895,-1383.5,77512,4,0.0054156,-9.4968e-05,0.0053207,19378
Z277,Zone commerciale Mont-Dauphin,commercial_zone,FR,FRL02,independent,7.284e+06,39448,-691.75,38756,2,0.0054156,-9.4968e-05,0.0053207,19378
Z278,Zone commerciale Dombasle-sur-Meurthe,commercial_zone,FR,FRF31,chain,2.7798e+05,0,-21761,-21761,2,0,-0.078283,-0.078283,-10881
Z278,Zone commerciale Dombasle-sur-Meurthe,commercial_zone,FR,FRF31,independent,1.7738e+05,0,-22537,-22537,4,0,-0.12706,-0.12706,-5634.3
Z279,Shopping Léman – Thonon-les-Bains,commercial_zone,FR,FRK28,chain,3.8565e+07,2.8639e+06,-2.8418e+06,22163,16,0.074262,-0.073688,0.00057468,1385.2
Z279,Shopping Léman – Thonon-les-Bains,commercial_zone,FR,FRK28,independent,1.7837e+07,2.2573e+06,-1.731e+06,5.2634e+05,5,0.12655,-0.097043,0.029508,1.0527e+05
Z28,Zone commerciale Schifferstadt,commercial_zone,DE,DEB38,chain,7.4377e+06,20824,-34389,-13565,7,0.0027999,-0.0046236,-0.0018238,-1937.8
Z28,Zone commerciale Schifferstadt,commercial_zone,DE,DEB38,independent,7.9459e+05,2092.7,-2943.6,-850.95,2,0.0026337,-0.0037046,-0.0010709,-425.47
Z280,Zone artisanale de la Zouzette – Luxeuil-les-Bains,commercial_zone,FR,FRC23,chain,1.2145e+05,3391.9,-8850.1,-5458.3,1,0.027928,-0.072871,-0.044943,-5458.3
Z280,Zone artisanale de la Zouzette – Luxeuil-les-Bains,commercial_zone,FR,FRC23,independent,7.8178e+05,13451,-30055,-16604,6,0.017206,-0.038444,-0.021239,-2767.3
Z282,Zone commerciale Luxeuil-les-Bains,commercial_zone,FR,FRC23,chain,1.7443e+06,24432,-52720,-28288,8,0.014007,-0.030225,-0.016218,-3536
Z282,Zone commerciale Luxeuil-les-Bains,commercial_zone,FR,FRC23,independent,7.4789e+05,12468,-29243,-16775,6,0.016671,-0.039101,-0.02243,-2795.8
Z283,ZA Les Châtaigniers – Roquebrune-sur-Argens,commercial_zone,FR,FRL05,chain,1.401e+06,5341.5,-17836,-12495,4,0.0038127,-0.012731,-0.0089185,-3123.7
Z283,ZA Les Châtaigniers – Roquebrune-sur-Argens,commercial_zone,FR,FRL05,independent,1.481e+06,15688,-33004,-17316,12,0.010593,-0.022284,-0.011692,-1443
Z284,Espace Commercial Metz Métropôle – Vantoux,commercial_zone,FR,FRF33,chain,1.54e+08,9.0125e+06,-2.5952e+07,-1.6939e+07,25,0.058522,-0.16852,-0.10999,-6.7756e+05
Z284,Espace Commercial Metz Métropôle – Vantoux,commercial_zone,FR,FRF33,independent,6.7016e+07,5.1712e+06,-1.1983e+07,-6.8113e+06,15,0.077164,-0.1788,-0.10164,-4.5409e+05
Z285,Centre commercial Carrefour – Anthy-sur-Léman,commercial_zone,FR,FRK28,chain,8.8264e+07,1.1405e+07,-8.8226e+06,2.5821e+06,53,0.12921,-0.099957,0.029254,48719
Z285,Centre commercial Carrefour – Anthy-sur-Léman,commercial_zone,FR,FRK28,independent,7.0384e+07,1.0548e+07,-7.5528e+06,2.9955e+06,38,0.14987,-0.10731,0.04256,78829
Z286,Littoral Parc – Buchillon,commercial_zone,CH,CH011,chain,5.1363e+07,1.0608e+06,-2.9636e+06,-1.9028e+06,9,0.020653,-0.0577,-0.037047,-2.1143e+05
Z286,Littoral Parc – Buchillon,commercial_zone,CH,CH011,independent,2.6473e+07,1.022e+06,-3.0341e+06,-2.0121e+06,22,0.038604,-0.11461,-0.076006,-91459
Z288,Frunshopping St Nicolas de Port – Ville-en-Vermois,commercial_zone,FR,FRF31,chain,3.9705e+05,3554.8,-45192,-41637,5,0.0089532,-0.11382,-0.10487,-8327.4
Z288,Frunshopping St Nicolas de Port – Ville-en-Vermois,commercial_zone,FR,FRF31,independent,4.8927e+05,7977.7,-73561,-65583,8,0.016305,-0.15035,-0.13404,-8197.9
Z29,Globus – Bobenheim-Roxheim,commercial_zone,DE,DEB31,chain,2.6996e+06,15863,-28811,-12948,5,0.0058763,-0.010673,-0.0047964,-2589.6
Z29,Globus – Bobenheim-Roxheim,commercial_zone,DE,DEB31,independent,6.6025e+06,52596,-1.4572e+05,-93122,9,0.0079661,-0.02207,-0.014104,-10347
Z290,Zone d'activité économique Les Cinq Chemins – Margencel,commercial_zone,FR,FRK28,chain,1.155e+07,1.3043e+06,-1.1094e+06,1.9497e+05,5,0.11293,-0.096053,0.016881,38994
Z290,Zone d'activité économique Les Cinq Chemins – Margencel,commercial_zone,FR,FRK28,independent,0,0,0,0,0,,,,
Z291,Zone commerciale Vantoux,commercial_zone,FR,FRF33,chain,1.5887e+07,4.2819e+05,-2.4307e+06,-2.0025e+06,2,0.026952,-0.153,-0.12605,-1.0013e+06
Z291,Zone commerciale Vantoux,commercial_zone,FR,FRF33,independent,4.1664e+06,3.3175e+05,-7.5821e+05,-4.2646e+05,2,0.079625,-0.18198,-0.10236,-2.1323e+05
Z292,Centre Commercial Carrefour Essey-lès-Nancy – Pulnoy,commercial_zone,FR,FRF31,chain,1.2738e+07,5.9416e+05,-2.105e+06,-1.5109e+06,46,0.046644,-0.16525,-0.11861,-32845
Z292,Centre Commercial Carrefour Essey-lès-Nancy – Pulnoy,commercial_zone,FR,FRF31,independent,1.3579e+07,6.8278e+05,-2.3122e+06,-1.6294e+06,41,0.05028,-0.17027,-0.11999,-39742
Z294,Zone commerciale Magnoncourt,commercial_zone,FR,FRC23,chain,6.7172e+05,4100.8,-13129,-9027.7,6,0.006105,-0.019545,-0.01344,-1504.6
Z294,Zone commerciale Magnoncourt,commercial_zone,FR,FRC23,independent,1.755e+05,2122.7,-9323.6,-7200.8,3,0.012096,-0.053127,-0.041031,-2400.3
Z295,Littoral Centre Allaman – Allaman,commercial_zone,CH,CH011,chain,3.0096e+06,1.2786e+05,-3.7116e+05,-2.433e+05,3,0.042482,-0.12332,-0.080842,-81101
Z295,Littoral Centre Allaman – Allaman,commercial_zone,CH,CH011,independent,4.0162e+07,1.4126e+06,-4.0365e+06,-2.6239e+06,4,0.035173,-0.10051,-0.065332,-6.5598e+05
Z296,Zone d'activités À l'Ambouchi – Pontarlier,commercial_zone,FR,FRC21,chain,4.8173e+06,1.1987e+06,-2.4426e+05,9.5447e+05,4,0.24884,-0.050705,0.19813,2.3862e+05
Z296,Zone d'activités À l'Ambouchi – Pontarlier,commercial_zone,FR,FRC21,independent,3.8028e+06,9.6216e+05,-2.3478e+05,7.2738e+05,4,0.25301,-0.061738,0.19127,1.8184e+05
Z297,Zone commerciale Ingeldorf,commercial_zone,LU,LU000,chain,1.4304e+07,5.318e+05,-1.7612e+06,-1.2294e+06,3,0.037178,-0.12312,-0.085945,-4.0979e+05
Z297,Zone commerciale Ingeldorf,commercial_zone,LU,LU000,independent,7.8763e+06,5.5106e+05,-2.4733e+06,-1.9222e+06,5,0.069965,-0.31402,-0.24405,-3.8445e+05
Z3,Zone commerciale Böblingen,commercial_zone,DE,DE112,chain,1.0575e+06,1298.5,-6764.2,-5465.6,4,0.001228,-0.0063965,-0.0051686,-1366.4
Z3,Zone commerciale Böblingen,commercial_zone,DE,DE112,independent,3.6206e+05,520.58,-5581.9,-5061.3,3,0.0014378,-0.015417,-0.013979,-1687.1
Z30,Einkaufspark Oggersheim – Maxdorf,commercial_zone,DE,DEB31,chain,1.0352e+07,1.1777e+05,-1.9374e+05,-75969,15,0.011376,-0.018714,-0.0073382,-5064.6
Z30,Einkaufspark Oggersheim – Maxdorf,commercial_zone,DE,DEB31,independent,1.6204e+06,15337,-20949,-5612.6,3,0.0094651,-0.012929,-0.0034638,-1870.9
Z302,Zone commerciale Valdahon,commercial_zone,FR,FRC21,chain,4.565e+07,2.8466e+05,-9.0629e+05,-6.2164e+05,9,0.0062356,-0.019853,-0.013618,-69071
Z302,Zone commerciale Valdahon,commercial_zone,FR,FRC21,independent,4.5379e+06,1.1032e+05,-2.0332e+05,-93000,5,0.024311,-0.044805,-0.020494,-18600
Z303,Zone Artisanale Talange-Hauconcourt – Hauconcourt,commercial_zone,FR,FRF33,chain,1.2318e+07,2.977e+06,-2.845e+06,1.3203e+05,8,0.24168,-0.23096,0.010719,16504
Z303,Zone Artisanale Talange-Hauconcourt – Hauconcourt,commercial_zone,FR,FRF33,independent,9.9845e+06,2.1861e+06,-2.2123e+06,-26250,6,0.21895,-0.22158,-0.0026291,-4375
Z304,Zone commerciale Tomblaine,commercial_zone,FR,FRF31,chain,1.3347e+06,15592,-1.6122e+05,-1.4563e+05,5,0.011682,-0.12079,-0.10911,-29126
Z304,Zone commerciale Tomblaine,commercial_zone,FR,FRF31,independent,1.1438e+05,5740.7,-23775,-18034,1,0.050189,-0.20786,-0.15767,-18034
Z306,Zone commerciale Doubs,commercial_zone,FR,FRC21,chain,3.1445e+07,5.032e+06,-2.097e+06,2.935e+06,23,0.16003,-0.066689,0.093337,1.2761e+05
Z306,Zone commerciale Doubs,commercial_zone,FR,FRC21,independent,3.0959e+07,4.775e+06,-1.8395e+06,2.9356e+06,23,0.15424,-0.059415,0.09482,1.2763e+05
Z307,Zone commerciale Maizières-lès-Metz,commercial_zone,FR,FRF33,chain,2.5812e+07,1.5577e+06,-3.9189e+06,-2.3612e+06,4,0.060347,-0.15182,-0.091475,-5.903e+05
Z307,Zone commerciale Maizières-lès-Metz,commercial_zone,FR,FRF33,independent,4.1118e+06,1.9655e+05,-6.0203e+05,-4.0548e+05,1,0.047802,-0.14642,-0.098615,-4.0548e+05
Z308,Beweng Security Solutions – Howald,commercial_zone,LU,LU000,chain,5.3339e+06,7.5622e+05,-1.806e+06,-1.0498e+06,2,0.14177,-0.33859,-0.19682,-5.249e+05
Z308,Beweng Security Solutions – Howald,commercial_zone,LU,LU000,independent,3.4789e+07,5.1329e+06,-7.2011e+06,-2.0682e+06,8,0.14754,-0.20699,-0.059449,-2.5852e+05
Z309,ZA Entraigues 1 – Embrun,commercial_zone,FR,FRL02,chain,9.028e+06,1159.4,-860.45,298.99,6,0.00012843,-9.531e-05,3.3118e-05,49.831
Z309,ZA Entraigues 1 – Embrun,commercial_zone,FR,FRL02,independent,9.4375e+06,1289.1,-1027.5,261.55,10,0.00013659,-0.00010888,2.7714e-05,26.155
Z31,Zone commerciale Karlsruhe,commercial_zone,DE,DE122,chain,6.868e+07,1.6223e+06,-2.0307e+06,-4.0836e+05,10,0.023621,-0.029567,-0.0059459,-40836
Z31,Zone commerciale Karlsruhe,commercial_zone,DE,DE122,independent,2.3155e+08,4.3296e+06,-3.2438e+06,1.0857e+06,32,0.018698,-0.014009,0.004689,33929
Z310,Losch Bereldange – Bereldange,commercial_zone,LU,LU000,chain,2.7762e+07,3.0787e+06,-4.1338e+06,-1.0551e+06,4,0.1109,-0.1489,-0.038004,-2.6377e+05
Z310,Losch Bereldange – Bereldange,commercial_zone,LU,LU000,independent,1.8021e+07,2.0957e+06,-4.2643e+06,-2.1687e+06,6,0.11629,-0.23663,-0.12034,-3.6144e+05
Z311,Zone commerciale Entrange Cité,commercial_zone,FR,FRF33,chain,2.7327e+07,1.1101e+07,-7.8197e+06,3.2816e+06,4,0.40623,-0.28615,0.12009,8.2041e+05
Z311,Zone commerciale Entrange Cité,commercial_zone,FR,FRF33,independent,9.059e+05,9.4205e+05,-2.8973e+05,6.5232e+05,1,1.0399,-0.31982,0.72008,6.5232e+05
Z312,ZAC d'Houtaud – Houtaud,commercial_zone,FR,FRC21,chain,3.3566e+07,4.5409e+06,-1.2519e+06,3.289e+06,10,0.13528,-0.037295,0.097987,3.289e+05
Z312,ZAC d'Houtaud – Houtaud,commercial_zone,FR,FRC21,independent,1.2322e+07,1.933e+06,-7.8404e+05,1.1489e+06,11,0.15687,-0.06363,0.093244,1.0445e+05
Z313,Geric – Terville,commercial_zone,FR,FRF33,chain,3.5262e+08,1.1798e+08,-8.4937e+07,3.3039e+07,98,0.33457,-0.24088,0.093697,3.3714e+05
Z313,Geric – Terville,commercial_zone,FR,FRF33,independent,2.0787e+08,8.7822e+07,-5.3124e+07,3.4698e+07,58,0.42248,-0.25556,0.16692,5.9824e+05
Z314,Aushopping Semécourt – Semécourt,commercial_zone,FR,FRF33,chain,9.0734e+07,1.1996e+07,-1.6198e+07,-4.2019e+06,28,0.13221,-0.17852,-0.046309,-1.5007e+05
Z314,Aushopping Semécourt – Semécourt,commercial_zone,FR,FRF33,independent,8.6008e+07,1.5822e+07,-1.7649e+07,-1.8268e+06,12,0.18396,-0.2052,-0.02124,-1.5223e+05
Z315,Topaze Shopping Center – Mersch,commercial_zone,LU,LU000,chain,1.6982e+08,1.1628e+07,-3.2877e+07,-2.125e+07,24,0.068469,-0.1936,-0.12513,-8.8541e+05
Z315,Topaze Shopping Center – Mersch,commercial_zone,LU,LU000,independent,1.6877e+08,1.3955e+07,-4.5793e+07,-3.1838e+07,18,0.082686,-0.27134,-0.18865,-1.7688e+06
Z318,E.Leclerc – Marly,commercial_zone,FR,FRF33,chain,4.2248e+07,3.9675e+06,-6.9532e+06,-2.9857e+06,9,0.093909,-0.16458,-0.070671,-3.3175e+05
Z318,E.Leclerc – Marly,commercial_zone,FR,FRF33,independent,2.91e+07,3.1989e+06,-5.0804e+06,-1.8814e+06,21,0.10993,-0.17458,-0.064655,-89593
Z320,Parc d'Activités Lafayette – Maxéville,commercial_zone,FR,FRF31,chain,1.5003e+06,39691,-1.7991e+05,-1.4021e+05,4,0.026456,-0.11991,-0.093457,-35054
Z320,Parc d'Activités Lafayette – Maxéville,commercial_zone,FR,FRF31,independent,4.2383e+05,44503,-84578,-40074,3,0.105,-0.19955,-0.094552,-13358
Z321,M-Galerie – Weiswampach,commercial_zone,LU,LU000,chain,2.5865e+06,2.8695e+05,-7.8702e+05,-5.0007e+05,14,0.11094,-0.30428,-0.19334,-35719
Z321,M-Galerie – Weiswampach,commercial_zone,LU,LU000,independent,3.7935e+06,4.2813e+05,-1.1318e+06,-7.037e+05,7,0.11286,-0.29836,-0.1855,-1.0053e+05
Z323,La Grosse Haye – Fameck,commercial_zone,FR,FRF33,chain,5.533e+07,4.5662e+06,-1.0517e+07,-5.9512e+06,7,0.082527,-0.19009,-0.10756,-8.5017e+05
Z323,La Grosse Haye – Fameck,commercial_zone,FR,FRF33,independent,1.2153e+06,4.7497e+05,-3.491e+05,1.2587e+05,1,0.39081,-0.28724,0.10357,1.2587e+05
Z324,Zone commerciale Strassen,commercial_zone,LU,LU000,chain,4.4463e+07,6.867e+06,-6.74e+06,1.2693e+05,4,0.15444,-0.15159,0.0028547,31732
Z324,Zone commerciale Strassen,commercial_zone,LU,LU000,independent,1.4359e+07,2.1301e+06,-3.8951e+06,-1.765e+06,5,0.14835,-0.27127,-0.12292,-3.53e+05
Z325,Zone commerciale Albertville,commercial_zone,FR,FRK27,chain,1.2096e+07,8473.5,-17551,-9077.3,3,0.00070051,-0.0014509,-0.00075042,-3025.8
Z325,Zone commerciale Albertville,commercial_zone,FR,FRK27,independent,2.016e+06,1412.3,-2925.1,-1512.9,1,0.00070051,-0.0014509,-0.00075042,-1512.9
Z326,Zone Actisud – Ars-sur-Moselle,commercial_zone,FR,FRF33,chain,2.7418e+08,3.4244e+07,-4.8753e+07,-1.4509e+07,107,0.12489,-0.17781,-0.052916,-1.3559e+05
Z326,Zone Actisud – Ars-sur-Moselle,commercial_zone,FR,FRF33,independent,2.3282e+08,3.3878e+07,-4.4279e+07,-1.0401e+07,97,0.14551,-0.19018,-0.044673,-1.0722e+05
Z327,La Galerie Albertville – Grignon,commercial_zone,FR,FRK27,chain,1.2833e+08,5.6243e+05,-7.6268e+05,-2.0024e+05,60,0.0043827,-0.0059431,-0.0015604,-3337.4
Z327,La Galerie Albertville – Grignon,commercial_zone,FR,FRK27,independent,4.9356e+07,2.5988e+05,-3.4733e+05,-87449,37,0.0052655,-0.0070373,-0.0017718,-2363.5
Z328,Espace commercial Au Grand Air – Bouxières-aux-Dames,commercial_zone,FR,FRF31,chain,1.0196e+07,7.3661e+05,-1.6142e+06,-8.7761e+05,29,0.072244,-0.15832,-0.086073,-30262
Z328,Espace commercial Au Grand Air – Bouxières-aux-Dames,commercial_zone,FR,FRF31,independent,1.5194e+06,2.209e+05,-3.4066e+05,-1.1976e+05,6,0.14539,-0.22421,-0.078822,-19960
Z329,Zone commerciale Dudelange,commercial_zone,LU,LU000,chain,3.7033e+07,9.6256e+06,-6.1149e+06,3.5106e+06,4,0.25992,-0.16512,0.094799,8.7766e+05
Z329,Zone commerciale Dudelange,commercial_zone,LU,LU000,independent,2.7216e+07,4.8679e+06,-9.6707e+06,-4.8028e+06,2,0.17886,-0.35533,-0.17647,-2.4014e+06
Z33,Maximilian Center – Maximiliansau,commercial_zone,DE,DE122,chain,3.9705e+07,1.6794e+06,-1.3143e+06,3.6508e+05,15,0.042297,-0.033102,0.0091948,24339
Z33,Maximilian Center – Maximiliansau,commercial_zone,DE,DE122,independent,3.8464e+07,1.6647e+06,-1.4194e+06,2.4524e+05,7,0.043279,-0.036903,0.0063756,35034
Z330,Centre Commercial City Concorde – Bertrange,commercial_zone,LU,LU000,chain,5.3645e+07,8.7851e+06,-9.4196e+06,-6.3449e+05,5,0.16377,-0.17559,-0.011828,-1.269e+05
Z330,Centre Commercial City Concorde – Bertrange,commercial_zone,LU,LU000,independent,2.414e+08,3.7093e+07,-6.7134e+07,-3.0041e+07,54,0.15366,-0.2781,-0.12445,-5.5632e+05
Z331,La Sapinière – Laxou,commercial_zone,FR,FRF31,chain,4.2095e+06,2.9153e+05,-6.7657e+05,-3.8504e+05,17,0.069255,-0.16073,-0.09147,-22649
Z331,La Sapinière – Laxou,commercial_zone,FR,FRF31,independent,6.4891e+06,8.55e+05,-1.4518e+06,-5.9677e+05,8,0.13176,-0.22373,-0.091965,-74596
Z333,Zone d'activités économiques des Esserts – Loisin,commercial_zone,FR,FRK28,chain,1.2729e+07,2.5777e+06,-1.9516e+06,6.2612e+05,3,0.20251,-0.15332,0.04919,2.0871e+05
Z333,Zone d'activités économiques des Esserts – Loisin,commercial_zone,FR,FRK28,independent,7.6617e+06,1.4968e+06,-1.1751e+06,3.2169e+05,2,0.19536,-0.15337,0.041987,1.6084e+05
Z334,Parc d'activité de la Menoge – Bonne,commercial_zone,FR,FRK28,chain,1.3256e+07,2.5838e+06,-1.9959e+06,5.879e+05,4,0.19492,-0.15057,0.04435,1.4698e+05
Z334,Parc d'activité de la Menoge – Bonne,commercial_zone,FR,FRK28,independent,1.2639e+07,2.357e+06,-1.9086e+06,4.4838e+05,3,0.18649,-0.15102,0.035477,1.4946e+05
Z335,Centre Commercial Belle-Étoile – Bertrange,commercial_zone,LU,LU000,chain,1.7935e+07,2.8703e+06,-5.0722e+06,-2.202e+06,6,0.16003,-0.2828,-0.12277,-3.6699e+05
Z335,Centre Commercial Belle-Étoile – Bertrange,commercial_zone,LU,LU000,independent,2.7993e+08,4.4839e+07,-7.8809e+07,-3.397e+07,79,0.16018,-0.28153,-0.12135,-4.3e+05
Z337,Zone commerciale Villargondran,commercial_zone,FR,FRK27,chain,3.4717e+07,1.5206e+06,-1.0381e+06,4.8245e+05,19,0.043799,-0.029903,0.013896,25392
Z337,Zone commerciale Villargondran,commercial_zone,FR,FRK27,independent,8.9997e+06,4.0843e+05,-3.2285e+05,85576,8,0.045383,-0.035874,0.0095088,10697
Z338,ZA Carrefour des Vallées – Tournon,commercial_zone,FR,FRK27,chain,1.0567e+07,19266,-46173,-26907,6,0.0018232,-0.0043696,-0.0025464,-4484.6
Z338,ZA Carrefour des Vallées – Tournon,commercial_zone,FR,FRK27,independent,7.8345e+05,4855.5,-16174,-11318,2,0.0061976,-0.020645,-0.014447,-5659.2
Z339,La Galerie Annemasse – Ville-la-Grand,commercial_zone,FR,FRK28,chain,1.8136e+08,6.3487e+07,-3.004e+07,3.3447e+07,76,0.35007,-0.16564,0.18443,4.401e+05
Z339,La Galerie Annemasse – Ville-la-Grand,commercial_zone,FR,FRK28,independent,1.2562e+08,4.8717e+07,-2.0131e+07,2.8587e+07,54,0.38782,-0.16025,0.22757,5.2939e+05
Z34,Zone commerciale Oberndorf,commercial_zone,DE,DE124,chain,1.8053e+07,7.3088e+05,-5.8055e+05,1.5033e+05,5,0.040486,-0.032159,0.0083275,30067
Z34,Zone commerciale Oberndorf,commercial_zone,DE,DE124,independent,7.7838e+06,4.2218e+05,-5.5562e+05,-1.3344e+05,6,0.054239,-0.071381,-0.017143,-22239
Z340,Zone commerciale Cranves-Sales,commercial_zone,FR,FRK28,chain,3.55e+07,9.566e+06,-6.0554e+06,3.5106e+06,4,0.26947,-0.17058,0.09889,8.7765e+05
Z340,Zone commerciale Cranves-Sales,commercial_zone,FR,FRK28,independent,2.1882e+07,6.6183e+06,-3.6425e+06,2.9757e+06,9,0.30245,-0.16646,0.13599,3.3063e+05
Z341,Zone commerciale Kennedy – Frotey-lès-Vesoul,commercial_zone,FR,FRC23,chain,1.2168e+06,1346.4,-6132.9,-4786.5,5,0.0011066,-0.0050404,-0.0039338,-957.29
Z341,Zone commerciale Kennedy – Frotey-lès-Vesoul,commercial_zone,FR,FRC23,independent,89252,80.56,-297.25,-216.69,1,0.00090262,-0.0033305,-0.0024279,-216.69
Z343,E. Leclerc – Foetz,commercial_zone,LU,LU000,chain,1.4643e+08,3.1705e+07,-2.9242e+07,2.4629e+06,15,0.21652,-0.1997,0.01682,1.6419e+05
Z343,E. Leclerc – Foetz,commercial_zone,LU,LU000,independent,1.1488e+08,2.0194e+07,-3.6302e+07,-1.6108e+07,19,0.17577,-0.31599,-0.14021,-8.4781e+05
Z344,Zone d'activité des Contamines – Reignier,commercial_zone,FR,FRK28,chain,5.0943e+06,1.1996e+06,-7.9119e+05,4.0843e+05,1,0.23548,-0.15531,0.080174,4.0843e+05
Z344,Zone d'activité des Contamines – Reignier,commercial_zone,FR,FRK28,independent,6.693e+06,1.6384e+06,-1.0342e+06,6.0425e+05,6,0.24479,-0.15451,0.090281,1.0071e+05
Z345,Zone commerciale Pont-à-Mousson,commercial_zone,FR,FRF31,chain,3.8407e+06,3.1123e+05,-6.0883e+05,-2.9761e+05,5,0.081034,-0.15852,-0.077488,-59522
Z345,Zone commerciale Pont-à-Mousson,commercial_zone,FR,FRF31,independent,9.3087e+05,95926,-1.6249e+05,-66563,2,0.10305,-0.17456,-0.071506,-33282
Z346,Zone commerciale de l'Oasis – Pusey,commercial_zone,FR,FRC23,chain,2.0527e+06,4665,-52314,-47649,21,0.0022726,-0.025486,-0.023213,-2269
Z346,Zone commerciale de l'Oasis – Pusey,commercial_zone,FR,FRC23,independent,1.8862e+06,5188.7,-60286,-55098,13,0.0027508,-0.031961,-0.02921,-4238.3
Z347,Espace de la Motte – Vesoul,commercial_zone,FR,FRC23,chain,3.077e+06,7000.5,-61827,-54827,24,0.0022751,-0.020093,-0.017818,-2284.5
Z347,Espace de la Motte – Vesoul,commercial_zone,FR,FRC23,independent,7.6701e+05,2197.2,-20362,-18165,9,0.0028646,-0.026548,-0.023683,-2018.3
Z348,Parc d'activités économiques des Boucheroz – Faverges,commercial_zone,FR,FRK28,chain,1.3213e+07,1.9284e+05,-2.2592e+05,-33080,8,0.014595,-0.017099,-0.0025037,-4135.1
Z348,Parc d'activités économiques des Boucheroz – Faverges,commercial_zone,FR,FRK28,independent,6.8278e+06,62122,-1.0091e+05,-38793,3,0.0090983,-0.01478,-0.0056815,-12931
Z349,Zone commerciale Maidières,commercial_zone,FR,FRF31,chain,7.1839e+06,4.2049e+05,-1.0329e+06,-6.1242e+05,8,0.058532,-0.14378,-0.085249,-76553
Z349,Zone commerciale Maidières,commercial_zone,FR,FRF31,independent,3.8426e+05,74763,-95434,-20671,1,0.19456,-0.24836,-0.053795,-20671
Z35,Zone commerciale Haßloch,commercial_zone,DE,DEB36,chain,1.4743e+07,1.9253e+05,-2.5013e+05,-57600,8,0.013059,-0.016965,-0.0039068,-7200
Z35,Zone commerciale Haßloch,commercial_zone,DE,DEB36,independent,0,0,0,0,0,,,,
Z351,Shopping Etrembières – Étrembières,commercial_zone,FR,FRK28,chain,8.3999e+07,3.7285e+07,-1.4345e+07,2.294e+07,35,0.44388,-0.17078,0.2731,6.5543e+05
Z351,Shopping Etrembières – Étrembières,commercial_zone,FR,FRK28,independent,2.1966e+07,1.102e+07,-3.4425e+06,7.5779e+06,5,0.5017,-0.15672,0.34498,1.5156e+06
Z352,Zone commerciale Sainte-Marie-aux-Chênes,commercial_zone,FR,FRF31,chain,3.2926e+07,1.0742e+06,-3.3957e+06,-2.3215e+06,6,0.032624,-0.10313,-0.070508,-3.8692e+05
Z352,Zone commerciale Sainte-Marie-aux-Chênes,commercial_zone,FR,FRF31,independent,9.349e+05,2.0143e+05,-2.2218e+05,-20748,1,0.21546,-0.23765,-0.022193,-20748
Z353,ZAC de l'Alzette – Audun-le-Tiche,commercial_zone,FR,FRF31,chain,3.5958e+07,1.5302e+07,-1.8067e+07,-2.7655e+06,3,0.42554,-0.50245,-0.07691,-9.2184e+05
Z353,ZAC de l'Alzette – Audun-le-Tiche,commercial_zone,FR,FRF31,independent,6.0802e+06,3.8991e+06,-2.8825e+06,1.0166e+06,3,0.64128,-0.47407,0.1672,3.3888e+05
Z354,Zone commerciale Doussard,commercial_zone,FR,FRK28,chain,0,0,0,0,0,,,,
Z354,Zone commerciale Doussard,commercial_zone,FR,FRK28,independent,3.7048e+06,2.1416e+05,-1.3143e+05,82732,8,0.057806,-0.035474,0.022331,10342
Z355,Zone commerciale Briey,commercial_zone,FR,FRF31,chain,5.1789e+07,3.678e+06,-8.2198e+06,-4.5418e+06,14,0.071019,-0.15872,-0.087698,-3.2441e+05
Z355,Zone commerciale Briey,commercial_zone,FR,FRF31,independent,8.0402e+05,2.2835e+05,-2.1184e+05,16510,1,0.28401,-0.26348,0.020534,16510
Z356,Zone d'activité de la Louvière – Saône,commercial_zone,FR,FRC21,chain,1.1947e+07,34175,-1.0659e+05,-72410,7,0.0028606,-0.0089218,-0.0060611,-10344
Z356,Zone d'activité de la Louvière – Saône,commercial_zone,FR,FRC21,independent,1.9396e+06,23906,-69108,-45203,6,0.012325,-0.03563,-0.023305,-7533.8
Z358,Centre Chavannes – Chavannes-de-Bogis,commercial_zone,CH,CH011,chain,4.378e+06,4.3231e+05,-7.5538e+05,-3.2308e+05,3,0.098746,-0.17254,-0.073796,-1.0769e+05
Z358,Centre Chavannes – Chavannes-de-Bogis,commercial_zone,CH,CH011,independent,3.5326e+07,3.483e+06,-6.945e+06,-3.462e+06,4,0.098595,-0.1966,-0.098002,-8.655e+05
Z359,Cactus – Linger,commercial_zone,LU,LU000,chain,3.3831e+07,1.1434e+07,-5.8465e+06,5.5879e+06,5,0.33798,-0.17282,0.16517,1.1176e+06
Z359,Cactus – Linger,commercial_zone,LU,LU000,independent,4.0967e+07,8.7907e+06,-1.363e+07,-4.839e+06,6,0.21458,-0.3327,-0.11812,-8.0649e+05
Z36,Zone commerciale Rauental,commercial_zone,DE,DE124,chain,4.7771e+07,2.5257e+06,-2.0847e+06,4.4099e+05,12,0.05287,-0.043639,0.0092312,36749
Z36,Zone commerciale Rauental,commercial_zone,DE,DE124,independent,2.734e+07,1.576e+06,-1.6366e+06,-60611,13,0.057645,-0.059862,-0.0022169,-4662.4
Z360,Zone commerciale Grass,commercial_zone,BE,BE341,chain,6.9729e+06,5.8219e+06,-3.8102e+06,2.0117e+06,5,0.83493,-0.54643,0.2885,4.0233e+05
Z360,Zone commerciale Grass,commercial_zone,BE,BE341,independent,4.7225e+06,3.1753e+06,-2.0784e+06,1.0969e+06,2,0.67237,-0.4401,0.23227,5.4844e+05
Z361,Knauf Center – Pommerloch,commercial_zone,LU,LU000,chain,1.1692e+07,2.8714e+06,-2.359e+06,5.1241e+05,7,0.24559,-0.20176,0.043825,73202
Z361,Knauf Center – Pommerloch,commercial_zone,LU,LU000,independent,1.2151e+07,3.0814e+06,-3.2765e+06,-1.9508e+05,8,0.25359,-0.26964,-0.016054,-24385
Z362,Centre Commercial Carrefour Besançon Chalezeule – Chalezeule,commercial_zone,FR,FRC21,chain,5.6479e+06,7896.6,-1.0728e+05,-99388,17,0.0013982,-0.018996,-0.017597,-5846.3
Z362,Centre Commercial Carrefour Besançon Chalezeule – Chalezeule,commercial_zone,FR,FRC21,independent,3.6468e+06,8903.9,-1.2851e+05,-1.1961e+05,5,0.0024416,-0.03524,-0.032798,-23921
Z363,ZAC du Carouge – Châteauneuf,commercial_zone,FR,FRK27,chain,1.2808e+06,12394,-9903.4,2490.5,2,0.0096768,-0.0077323,0.0019445,1245.2
Z363,ZAC du Carouge – Châteauneuf,commercial_zone,FR,FRK27,independent,3.3262e+05,9225.1,-10656,-1430.9,2,0.027735,-0.032037,-0.004302,-715.45
Z364,Centre commercial des Acacias – Athus,commercial_zone,BE,BE341,chain,6.1551e+07,5.2612e+07,-3.0473e+07,2.2139e+07,7,0.85477,-0.49509,0.35968,3.1627e+06
Z364,Centre commercial des Acacias – Athus,commercial_zone,BE,BE341,independent,2.4401e+07,2.0471e+07,-1.1792e+07,8.6788e+06,7,0.83896,-0.48329,0.35568,1.2398e+06
Z365,Espace Candide – Prévessin,commercial_zone,FR,FRK21,chain,2.4285e+07,1.6959e+07,-6.3473e+06,1.0612e+07,5,0.69833,-0.26136,0.43697,2.1224e+06
Z365,Espace Candide – Prévessin,commercial_zone,FR,FRK21,independent,1.0749e+07,8.4236e+06,-2.134e+06,6.2896e+06,2,0.78368,-0.19853,0.58515,3.1448e+06
Z366,Parc des Anneaux de Magny – Prévessin,commercial_zone,FR,FRK21,chain,1.1391e+07,7.6684e+06,-2.9172e+06,4.7512e+06,3,0.67322,-0.25611,0.41711,1.5837e+06
Z366,Parc des Anneaux de Magny – Prévessin,commercial_zone,FR,FRK21,independent,3.1781e+06,2.18e+06,-7.8914e+05,1.3909e+06,2,0.68597,-0.24831,0.43766,6.9545e+05
Z367,Zone commerciale Saint-Julien-en-Genevois,commercial_zone,FR,FRK28,chain,2.7652e+07,1.3652e+07,-5.6046e+06,8.0475e+06,7,0.49371,-0.20268,0.29103,1.1496e+06
Z367,Zone commerciale Saint-Julien-en-Genevois,commercial_zone,FR,FRK28,independent,1.0978e+07,5.4107e+06,-2.2292e+06,3.1815e+06,2,0.49286,-0.20306,0.2898,1.5907e+06
Z368,Parc d'activité des Verts Prés – Annecy,commercial_zone,FR,FRK28,chain,0,0,0,0,0,,,,
Z368,Parc d'activité des Verts Prés – Annecy,commercial_zone,FR,FRK28,independent,5.3453e+06,4.4909e+05,-3.1341e+05,1.3568e+05,4,0.084016,-0.058633,0.025383,33919
Z369,Riantbosson Centre – Meyrin,commercial_zone,CH,CH013,chain,2.8436e+07,3.4836e+06,-5.1487e+06,-1.6651e+06,8,0.12251,-0.18106,-0.058555,-2.0813e+05
Z369,Riantbosson Centre – Meyrin,commercial_zone,CH,CH013,independent,2.4258e+07,2.9111e+06,-5.7294e+06,-2.8183e+06,6,0.12001,-0.23619,-0.11618,-4.6971e+05
Z37,Zone commerciale Tiengen,commercial_zone,DE,DE13A,chain,4.7142e+06,2.5063e+06,-7.2824e+05,1.7781e+06,11,0.53166,-0.15448,0.37718,1.6165e+05
Z37,Zone commerciale Tiengen,commercial_zone,DE,DE13A,independent,2.2065e+06,1.2074e+06,-4.608e+05,7.4659e+05,10,0.54721,-0.20884,0.33837,74659
Z371,Zone commerciale Ségny,commercial_zone,FR,FRK21,chain,1.9159e+07,8.1342e+06,-5.2292e+06,2.905e+06,4,0.42456,-0.27294,0.15163,7.2625e+05
Z371,Zone commerciale Ségny,commercial_zone,FR,FRK21,independent,5.4933e+05,3.7195e+05,-1.0613e+05,2.6582e+05,1,0.6771,-0.1932,0.48391,2.6582e+05
Z372,Zone commerciale Les Rousses,commercial_zone,FR,FRC22,chain,2.8734e+07,6.1222e+06,-3.8601e+06,2.262e+06,5,0.21306,-0.13434,0.078724,4.5241e+05
Z372,Zone commerciale Les Rousses,commercial_zone,FR,FRC22,independent,4.4115e+06,1.0693e+06,-6.9919e+05,3.7014e+05,4,0.2424,-0.15849,0.083904,92536
Z374,Shopping Cora – Turpange,commercial_zone,BE,BE341,chain,1.0172e+08,6.5124e+07,-5.3066e+07,1.2058e+07,47,0.64023,-0.52169,0.11854,2.5655e+05
Z374,Shopping Cora – Turpange,commercial_zone,BE,BE341,independent,7.0536e+07,4.563e+07,-3.7095e+07,8.5345e+06,11,0.6469,-0.5259,0.12099,7.7586e+05
Z375,Triangle des 3 Frontières – Buvange,commercial_zone,BE,BE341,chain,4.8101e+06,2.1609e+06,-1.9711e+06,1.8974e+05,1,0.44924,-0.4098,0.039447,1.8974e+05
Z375,Triangle des 3 Frontières – Buvange,commercial_zone,BE,BE341,independent,2.8353e+07,1.4772e+07,-1.2909e+07,1.8628e+06,7,0.52101,-0.45531,0.065701,2.6612e+05
Z376,Zone commerciale Boncourt,commercial_zone,FR,FRF31,chain,4.9224e+07,1.3841e+06,-4.5905e+06,-3.2064e+06,15,0.028118,-0.093257,-0.065139,-2.1376e+05
Z376,Zone commerciale Boncourt,commercial_zone,FR,FRF31,independent,7.8356e+06,1.732e+05,-6.807e+05,-5.0749e+05,4,0.022104,-0.086873,-0.064768,-1.2687e+05
Z377,La Galerie Val Semnoz – Vieugy,commercial_zone,FR,FRK28,chain,7.9585e+07,8.4368e+06,-5.0058e+06,3.431e+06,42,0.10601,-0.062898,0.043111,81691
Z377,La Galerie Val Semnoz – Vieugy,commercial_zone,FR,FRK28,independent,4.3343e+07,5.3364e+06,-2.8957e+06,2.4407e+06,16,0.12312,-0.066809,0.056312,1.5255e+05
Z378,C.C. Valentin – École-Valentin,commercial_zone,FR,FRC21,chain,2.0813e+07,65027,-3.2788e+05,-2.6285e+05,45,0.0031244,-0.015754,-0.012629,-5841.1
Z378,C.C. Valentin – École-Valentin,commercial_zone,FR,FRC21,independent,1.2907e+07,62535,-3.3134e+05,-2.688e+05,34,0.0048451,-0.025671,-0.020826,-7905.9
Z379,ZA du Journans – Ségny,commercial_zone,FR,FRK21,chain,1.9127e+07,6.8377e+06,-5.2869e+06,1.5508e+06,3,0.35749,-0.27641,0.081078,5.1693e+05
Z379,ZA du Journans – Ségny,commercial_zone,FR,FRK21,independent,6.1781e+06,2.6015e+06,-1.5956e+06,1.0059e+06,5,0.42108,-0.25827,0.16281,2.0117e+05
Z38,Zone commerciale Rastatt,commercial_zone,DE,DE124,chain,1.0278e+08,5.7568e+06,-3.1383e+06,2.6185e+06,15,0.056012,-0.030535,0.025477,1.7457e+05
Z38,Zone commerciale Rastatt,commercial_zone,DE,DE124,independent,1.7042e+07,1.0042e+06,-7.1388e+05,2.9031e+05,4,0.058924,-0.041889,0.017035,72577
Z380,Zone Commerciale des 3 Frontières – Longlaville,commercial_zone,FR,FRF31,chain,2.6443e+07,2.3115e+07,-1.2131e+07,1.0984e+07,17,0.87416,-0.45876,0.4154,6.4613e+05
Z380,Zone Commerciale des 3 Frontières – Longlaville,commercial_zone,FR,FRF31,independent,5.345e+06,2.4159e+06,-2.5619e+06,-1.4596e+05,1,0.452,-0.47931,-0.027307,-1.4596e+05
Z381,Aushopping – Épagny Metz-Tessy,commercial_zone,FR,FRK28,chain,1.7789e+08,2.5266e+07,-1.3825e+07,1.1441e+07,98,0.14203,-0.077714,0.064315,1.1674e+05
Z381,Aushopping – Épagny Metz-Tessy,commercial_zone,FR,FRK28,independent,1.2382e+08,2.1262e+07,-1.0333e+07,1.0929e+07,65,0.17172,-0.083455,0.088263,1.6813e+05
Z382,Zone commerciale Longlaville,commercial_zone,FR,FRF31,chain,5.1597e+07,2.5256e+07,-2.4598e+07,6.5779e+05,8,0.48949,-0.47674,0.012749,82223
Z382,Zone commerciale Longlaville,commercial_zone,FR,FRF31,independent,1.2211e+07,9.5343e+06,-5.6496e+06,3.8847e+06,7,0.7808,-0.46267,0.31813,5.5496e+05
Z383,Zone commerciale Poisy,commercial_zone,FR,FRK28,chain,2.7346e+06,2.6241e+05,-1.8113e+05,81281,2,0.095959,-0.066235,0.029723,40641
Z383,Zone commerciale Poisy,commercial_zone,FR,FRK28,independent,7.2193e+06,5.383e+05,-4.4678e+05,91518,4,0.074564,-0.061887,0.012677,22880
Z384,Zone commerciale Besançon,commercial_zone,FR,FRC21,chain,1.5156e+06,1151.8,-13495,-12343,2,0.00075997,-0.0089037,-0.0081438,-6171.4
Z384,Zone commerciale Besançon,commercial_zone,FR,FRC21,independent,3.7043e+06,10036,-1.4503e+05,-1.35e+05,6,0.0027094,-0.039152,-0.036443,-22499
Z385,Zone commerciale Sougné,commercial_zone,BE,BE332,chain,1.9228e+06,55002,-3.5631e+05,-3.0131e+05,5,0.028606,-0.18531,-0.15671,-60262
Z385,Zone commerciale Sougné,commercial_zone,BE,BE332,independent,36799,651.77,-1900.2,-1248.5,1,0.017712,-0.051638,-0.033927,-1248.5
Z386,Espace commercial Saint-Christophe – Champtercier,commercial_zone,FR,FRL01,chain,5.1498e+05,0,0,0,25,0,0,0,0
Z386,Espace commercial Saint-Christophe – Champtercier,commercial_zone,FR,FRL01,independent,3.7656e+05,0,0,0,26,0,0,0,0
Z388,ZAE Chez Chamoux – Chavanod,commercial_zone,FR,FRK28,chain,1.2888e+06,57949,-61337,-3387.9,1,0.044965,-0.047593,-0.0026288,-3387.9
Z388,ZAE Chez Chamoux – Chavanod,commercial_zone,FR,FRK28,independent,5.4934e+06,3.0826e+05,-2.7601e+05,32251,5,0.056115,-0.050244,0.0058708,6450.2
Z389,Châteaufarine – Avanne-Aveney,commercial_zone,FR,FRC21,chain,2.7542e+07,35416,-8.3165e+05,-7.9623e+05,95,0.0012859,-0.030196,-0.02891,-8381.4
Z389,Châteaufarine – Avanne-Aveney,commercial_zone,FR,FRC21,independent,1.0983e+07,13390,-3.1271e+05,-2.9932e+05,26,0.0012192,-0.028473,-0.027254,-11512
Z39,Hornbachzentrum Bornheim – Bornheim,commercial_zone,DE,DEB33,chain,1.4127e+07,3.0993e+05,-2.7001e+05,39911,8,0.021938,-0.019113,0.0028251,4988.9
Z39,Hornbachzentrum Bornheim – Bornheim,commercial_zone,DE,DEB33,independent,6.5381e+05,26301,-26430,-128.7,1,0.040227,-0.040424,-0.00019685,-128.7
Z390,Espace commercial Saint-Christophe – Champtercier,commercial_zone,FR,FRL01,chain,78919,0,0,0,5,0,0,0,0
Z390,Espace commercial Saint-Christophe – Champtercier,commercial_zone,FR,FRL01,independent,26296,0,0,0,3,0,0,0,0
Z391,Zone commerciale Arbin,commercial_zone,FR,FRK27,chain,2.1614e+05,2121,-1577.7,543.37,1,0.0098134,-0.0072994,0.002514,543.37
Z391,Zone commerciale Arbin,commercial_zone,FR,FRK27,independent,3.1479e+05,21259,-11084,10176,2,0.067535,-0.03521,0.032325,5087.8
Z392,Lexy Park – Lexy,commercial_zone,FR,FRF31,chain,1.3747e+08,3.1698e+07,-5.983e+07,-2.8132e+07,16,0.23059,-0.43523,-0.20464,-1.7582e+06
Z392,Lexy Park – Lexy,commercial_zone,FR,FRF31,independent,3.6209e+07,1.1754e+07,-1.574e+07,-3.9861e+06,12,0.32463,-0.43471,-0.11009,-3.3217e+05
Z393,Zone commerciale Pouilley-les-Vignes,commercial_zone,FR,FRC21,chain,6.4171e+05,158.16,-2094.6,-1936.4,2,0.00024646,-0.0032641,-0.0030176,-968.21
Z393,Zone commerciale Pouilley-les-Vignes,commercial_zone,FR,FRC21,independent,2.2502e+06,2582.6,-64785,-62202,8,0.0011477,-0.028791,-0.027643,-7775.2
Z395,Val Thoiry – Thoiry,commercial_zone,FR,FRK21,chain,6.7175e+07,3.6614e+07,-1.4646e+07,2.1968e+07,58,0.54505,-0.21802,0.32703,3.7876e+05
Z395,Val Thoiry – Thoiry,commercial_zone,FR,FRK21,independent,4.0348e+07,2.1283e+07,-9.0515e+06,1.2231e+07,18,0.52747,-0.22433,0.30314,6.7951e+05
Z396,Zone commerciale Porte-de-Savoie,commercial_zone,FR,FRK27,chain,2.0017e+06,23885,-21125,2760.8,2,0.011933,-0.010553,0.0013792,1380.4
Z396,Zone commerciale Porte-de-Savoie,commercial_zone,FR,FRK27,independent,4.3672e+05,17491,-10343,7147.9,2,0.040051,-0.023684,0.016367,3574
Z399,Centre commercial Grand Val – Pontcharra,commercial_zone,FR,FRK24,chain,3.8886e+06,84822,-56108,28714,10,0.021813,-0.014429,0.007384,2871.4
Z399,Centre commercial Grand Val – Pontcharra,commercial_zone,FR,FRK24,independent,3.6574e+06,2.4898e+05,-1.263e+05,1.2268e+05,9,0.068075,-0.034532,0.033543,13631
Z40,Weinstraßen-Zentrum – Neustadt an der Weinstraße,commercial_zone,DE,DEB36,chain,1.6771e+07,3.2339e+05,-3.3403e+05,-10638,11,0.019283,-0.019917,-0.0006343,-967.06
Z40,Weinstraßen-Zentrum – Neustadt an der Weinstraße,commercial_zone,DE,DEB36,independent,1.6158e+07,2.5355e+05,-2.4986e+05,3684.4,11,0.015691,-0.015463,0.00022802,334.94
Z400,Zone commerciale Saint-Jean,commercial_zone,FR,FRL02,chain,3.3913e+05,0,0,0,6,0,0,0,0
Z400,Zone commerciale Saint-Jean,commercial_zone,FR,FRL02,independent,1.9068e+05,0,0,0,3,0,0,0,0
Z403,Zone commerciale Saint-Jean,commercial_zone,FR,FRL02,chain,1.18e+05,0,0,0,2,0,0,0,0
Z403,Zone commerciale Saint-Jean,commercial_zone,FR,FRL02,independent,73749,0,0,0,2,0,0,0,0
Z406,Centre commercial Les Deux Lacs – Rumilly,commercial_zone,FR,FRK28,chain,1.9927e+07,5.5505e+05,-7.2393e+05,-1.6888e+05,9,0.027854,-0.036329,-0.0084751,-18765
Z406,Centre commercial Les Deux Lacs – Rumilly,commercial_zone,FR,FRK28,independent,6.8014e+06,8.6503e+05,-4.7534e+05,3.8968e+05,3,0.12718,-0.069889,0.057294,1.2989e+05
Z407,Zone commerciale Boncelles,commercial_zone,BE,BE332,chain,5.3138e+06,13320,-1.955e+05,-1.8218e+05,20,0.0025066,-0.036791,-0.034284,-9108.9
Z407,Zone commerciale Boncelles,commercial_zone,BE,BE332,independent,3.5916e+06,11845,-1.9475e+05,-1.829e+05,20,0.0032979,-0.054223,-0.050925,-9145.1
Z408,Centre commercial Carrefour Bassens – Bassens,commercial_zone,FR,FRK27,chain,1.2331e+07,9.632e+05,-5.4296e+05,4.2024e+05,38,0.078114,-0.044033,0.034081,11059
Z408,Centre commercial Carrefour Bassens – Bassens,commercial_zone,FR,FRK27,independent,1.32e+07,1.2987e+06,-6.7028e+05,6.2844e+05,39,0.098384,-0.050777,0.047607,16114
Z409,Les Belles Ouvrières – Saint-Vit,commercial_zone,FR,FRC21,chain,1.2278e+06,0,-6951.3,-6951.3,7,0,-0.0056615,-0.0056615,-993.05
Z409,Les Belles Ouvrières – Saint-Vit,commercial_zone,FR,FRC21,independent,2.3326e+05,0,-2552.3,-2552.3,3,0,-0.010942,-0.010942,-850.78
Z41,Zone commerciale Leimbach AG,commercial_zone,CH,CH033,chain,2.6182e+06,42707,-2.6396e+05,-2.2126e+05,5,0.016311,-0.10082,-0.084508,-44252
Z41,Zone commerciale Leimbach AG,commercial_zone,CH,CH033,independent,4.3085e+05,20202,-68026,-47824,2,0.046888,-0.15789,-0.111,-23912
Z410,Zone commerciale de Grésy-sur-Aix (Aix nord) – Grésy-sur-Aix,commercial_zone,FR,FRK27,chain,1.3812e+07,1.1726e+06,-7.416e+05,4.3096e+05,15,0.084895,-0.053693,0.031202,28730
Z410,Zone commerciale de Grésy-sur-Aix (Aix nord) – Grésy-sur-Aix,commercial_zone,FR,FRK27,independent,1.398e+07,1.5057e+06,-8.3547e+05,6.702e+05,12,0.1077,-0.059762,0.04794,55850
Z411,Zone commerciale Longuyon,commercial_zone,FR,FRF31,chain,4.1097e+07,2.9806e+06,-1.1707e+07,-8.7266e+06,5,0.072527,-0.28487,-0.21234,-1.7453e+06
Z411,Zone commerciale Longuyon,commercial_zone,FR,FRF31,independent,0,0,0,0,0,,,,
Z412,Zone commerciale Flémalle,commercial_zone,BE,BE332,chain,8.1335e+05,0,-10067,-10067,6,0,-0.012377,-0.012377,-1677.8
Z412,Zone commerciale Flémalle,commercial_zone,BE,BE332,independent,7.5433e+05,0,-13220,-13220,7,0,-0.017526,-0.017526,-1888.6
Z414,Zone commerciale de Drumettaz-Clarafond (Aix sud) – Viviers-du-Lac,commercial_zone,FR,FRK27,chain,1.5081e+07,8.215e+05,-6.5296e+05,1.6854e+05,16,0.054472,-0.043296,0.011175,10534
Z414,Zone commerciale de Drumettaz-Clarafond (Aix sud) – Viviers-du-Lac,commercial_zone,FR,FRK27,independent,7.3036e+06,9.1524e+05,-4.6101e+05,4.5423e+05,19,0.12531,-0.063121,0.062193,23907
Z415,Flémalle Shopping – Flémalle,commercial_zone,BE,BE332,chain,1.22e+06,0,-25691,-25691,6,0,-0.021058,-0.021058,-4281.9
Z415,Flémalle Shopping – Flémalle,commercial_zone,BE,BE332,independent,3.0734e+05,0,-9092.7,-9092.7,2,0,-0.029585,-0.029585,-4546.4
Z416,Zone commerciale des Landiers (Nord) – Chambéry-le-Vieux,commercial_zone,FR,FRK27,chain,3.3964e+07,3.5078e+06,-1.8605e+06,1.6473e+06,69,0.10328,-0.05478,0.048502,23874
Z416,Zone commerciale des Landiers (Nord) – Chambéry-le-Vieux,commercial_zone,FR,FRK27,independent,3.2977e+07,4.0222e+06,-1.9868e+06,2.0354e+06,66,0.12197,-0.060247,0.061723,30840
Z417,Zone commerciale Avignon-lès-Saint-Claude,commercial_zone,FR,FRC22,chain,2.8281e+07,2.3309e+05,-5.5588e+05,-3.2279e+05,8,0.0082421,-0.019656,-0.011414,-40349
Z417,Zone commerciale Avignon-lès-Saint-Claude,commercial_zone,FR,FRC22,independent,2.3161e+06,28702,-67513,-38811,2,0.012392,-0.02915,-0.016757,-19405
Z418,Zone de l'Aéroport – Voglans,commercial_zone,FR,FRK27,chain,1.2271e+06,34072,-39770,-5697.8,1,0.027767,-0.03241,-0.0046434,-5697.8
Z418,Zone de l'Aéroport – Voglans,commercial_zone,FR,FRK27,independent,1.0882e+06,1.2231e+05,-63564,58747,5,0.1124,-0.058414,0.053988,11749
Z42,Zone commerciale Titisee,commercial_zone,DE,DE132,chain,3.5718e+05,13485,-48888,-35403,1,0.037753,-0.13687,-0.099119,-35403
Z42,Zone commerciale Titisee,commercial_zone,DE,DE132,independent,7.0898e+06,2.0921e+05,-7.4905e+05,-5.3984e+05,19,0.029508,-0.10565,-0.076143,-28413
Z421,Zone commerciale Crolles,commercial_zone,FR,FRK24,chain,2.8509e+06,4752.1,-49865,-45113,23,0.0016669,-0.017491,-0.015824,-1961.4
Z421,Zone commerciale Crolles,commercial_zone,FR,FRK24,independent,1.8715e+06,4089,-40740,-36651,20,0.0021849,-0.021769,-0.019584,-1832.6
Z422,Zone commerciale de Pierre-Blanche – Lancrans,commercial_zone,FR,FRK21,chain,3.8949e+07,2.1292e+06,-3.8486e+06,-1.7194e+06,11,0.054666,-0.098812,-0.044145,-1.5631e+05
Z422,Zone commerciale de Pierre-Blanche – Lancrans,commercial_zone,FR,FRK21,independent,2.5333e+06,1.9939e+05,-2.5928e+05,-59887,2,0.078708,-0.10235,-0.02364,-29944
Z423,Zone commerciale Saint-Séverin,commercial_zone,BE,BE331,chain,2.3301e+06,3502.1,-29003,-25500,4,0.001503,-0.012447,-0.010944,-6375.1
Z423,Zone commerciale Saint-Séverin,commercial_zone,BE,BE331,independent,1.3278e+06,6751.6,-66697,-59945,6,0.0050848,-0.050231,-0.045146,-9990.9
Z425,Zone commerciale Fraineux,commercial_zone,BE,BE331,chain,0,0,0,0,0,,,,
Z425,Zone commerciale Fraineux,commercial_zone,BE,BE331,independent,1.0694e+06,4051,-33653,-29602,5,0.0037883,-0.03147,-0.027682,-5920.4
Z427,Zone commerciale Verlaine,commercial_zone,BE,BE331,chain,5.5624e+06,30995,-1.4007e+05,-1.0908e+05,5,0.0055722,-0.025182,-0.01961,-21815
Z427,Zone commerciale Verlaine,commercial_zone,BE,BE331,independent,1.3252e+06,7322.8,-33062,-25740,5,0.0055258,-0.024949,-0.019423,-5147.9
Z428,Zone commerciale Saint-Georges-sur-Meuse,commercial_zone,BE,BE331,chain,1.7906e+06,4740.8,-20596,-15855,5,0.0026476,-0.011502,-0.0088544,-3171
Z428,Zone commerciale Saint-Georges-sur-Meuse,commercial_zone,BE,BE331,independent,1.6216e+06,6783.8,-32121,-25337,7,0.0041835,-0.019809,-0.015625,-3619.6
Z429,Espace commercial Grimont-Sud – Poligny,commercial_zone,FR,FRC22,chain,1.0118e+06,144.57,-5463.5,-5318.9,2,0.00014289,-0.0054,-0.0052571,-2659.5
Z429,Espace commercial Grimont-Sud – Poligny,commercial_zone,FR,FRC22,independent,7.4766e+05,138.58,-9052.3,-8913.7,4,0.00018535,-0.012107,-0.011922,-2228.4
Z430,Centre commercial Carrefour Meylan – Meylan,commercial_zone,FR,FRK24,chain,5.0333e+05,0,-5673.4,-5673.4,9,0,-0.011272,-0.011272,-630.38
Z430,Centre commercial Carrefour Meylan – Meylan,commercial_zone,FR,FRK24,independent,7.3946e+05,0,-12616,-12616,5,0,-0.017061,-0.017061,-2523.2
Z431,Zone industrielle Les Marais – Tord,commercial_zone,FR,FRK24,chain,42146,0,0,0,6,0,0,0,0
Z431,Zone industrielle Les Marais – Tord,commercial_zone,FR,FRK24,independent,7168.9,0,0,0,1,0,0,0,0
Z432,Zone commerciale Susville,commercial_zone,FR,FRK24,chain,37873,0,0,0,3,0,0,0,0
Z432,Zone commerciale Susville,commercial_zone,FR,FRK24,independent,0,0,0,0,0,,,,
Z433,Zone d'activités Pré Ruffier – Poisat,commercial_zone,FR,FRK24,chain,1.3078e+05,0,-775.32,-775.32,3,0,-0.0059285,-0.0059285,-258.44
Z433,Zone d'activités Pré Ruffier – Poisat,commercial_zone,FR,FRK24,independent,1.9416e+05,0,-1805.4,-1805.4,5,0,-0.0092986,-0.0092986,-361.08
Z434,Zone commerciale Bouvent,commercial_zone,FR,FRK21,chain,4.4665e+07,5.6032e+05,-1.3944e+06,-8.3404e+05,19,0.012545,-0.031218,-0.018673,-43897
Z434,Zone commerciale Bouvent,commercial_zone,FR,FRK21,independent,1.077e+07,4.193e+05,-7.6189e+05,-3.4259e+05,1,0.038933,-0.070744,-0.031811,-3.4259e+05
Z435,Zone d'activités de l'Ousson – Belley,commercial_zone,FR,FRK21,chain,5.6618e+06,26309,-1.0749e+05,-81184,11,0.0046467,-0.018986,-0.014339,-7380.3
Z435,Zone d'activités de l'Ousson – Belley,commercial_zone,FR,FRK21,independent,4.7038e+06,12169,-77376,-65207,9,0.0025871,-0.01645,-0.013863,-7245.2
Z436,Actipole Verdun Sud – Belleray,commercial_zone,FR,FRF32,chain,6.3023e+07,7.3872e+05,-3.7174e+06,-2.9787e+06,34,0.011722,-0.058986,-0.047264,-87609
Z436,Actipole Verdun Sud – Belleray,commercial_zone,FR,FRF32,independent,1.9152e+07,2.514e+05,-1.2165e+06,-9.651e+05,15,0.013126,-0.063517,-0.050391,-64340
Z438,Zone commerciale Tihange,commercial_zone,BE,BE331,chain,9.1141e+06,23473,-1.3757e+05,-1.141e+05,10,0.0025755,-0.015094,-0.012519,-11410
Z438,Zone commerciale Tihange,commercial_zone,BE,BE331,independent,5.5799e+05,2286.9,-13765,-11478,2,0.0040985,-0.024669,-0.020571,-5739.1
Z439,Zone commerciale Verdun,commercial_zone,FR,FRF32,chain,2.2446e+07,54349,-6.8774e+05,-6.3339e+05,5,0.0024213,-0.030639,-0.028218,-1.2668e+05
Z439,Zone commerciale Verdun,commercial_zone,FR,FRF32,independent,5.9782e+05,16419,-79155,-62737,1,0.027464,-0.13241,-0.10494,-62737
Z44,Roppenheim The Style Outlets – Neuhaeusel,commercial_zone,FR,FRF11,chain,4.8681e+07,4.0008e+07,-1.2354e+07,2.7655e+07,63,0.82186,-0.25377,0.56809,4.3896e+05
Z44,Roppenheim The Style Outlets – Neuhaeusel,commercial_zone,FR,FRF11,independent,1.5624e+07,1.2432e+07,-4.0684e+06,8.3639e+06,27,0.79571,-0.26039,0.53532,3.0978e+05
Z440,Zone d'activité de la Baronnie – Le Pont-de-Beauvoisin,commercial_zone,FR,FRK24,chain,1.4381e+06,1.3085e+05,-58427,72427,17,0.090993,-0.040629,0.050364,4260.4
Z440,Zone d'activité de la Baronnie – Le Pont-de-Beauvoisin,commercial_zone,FR,FRK24,independent,9.085e+05,1.1416e+05,-43384,70778,16,0.12566,-0.047753,0.077906,4423.6
Z441,Shopping Mosan – Wanze,commercial_zone,BE,BE331,chain,1.1564e+07,50768,-2.2903e+05,-1.7826e+05,12,0.0043901,-0.019805,-0.015415,-14855
Z441,Shopping Mosan – Wanze,commercial_zone,BE,BE331,independent,9.772e+06,50993,-2.3241e+05,-1.8142e+05,12,0.0052183,-0.023783,-0.018565,-15118
Z442,Zone d'activités de Clermont – Pont-de-Beauvoisin,commercial_zone,FR,FRK24,chain,79913,1929.8,-2036.8,-106.94,1,0.024149,-0.025487,-0.0013382,-106.94
Z442,Zone d'activités de Clermont – Pont-de-Beauvoisin,commercial_zone,FR,FRK24,independent,2.1593e+05,9869,-6371.6,3497.4,4,0.045704,-0.029508,0.016197,874.35
Z443,La Vallière – Montmorot,commercial_zone,FR,FRC22,chain,6.7693e+06,980.88,-1.491e+05,-1.4812e+05,18,0.0001449,-0.022026,-0.021881,-8229
Z443,La Vallière – Montmorot,commercial_zone,FR,FRC22,independent,5.8931e+06,1002.2,-1.5795e+05,-1.5695e+05,8,0.00017007,-0.026803,-0.026633,-19619
Z444,Zone commerciale Port,commercial_zone,FR,FRK21,chain,2.1046e+07,1.3217e+05,-6.165e+05,-4.8433e+05,5,0.0062802,-0.029293,-0.023012,-96865
Z444,Zone commerciale Port,commercial_zone,FR,FRK21,independent,3.8185e+06,43672,-1.2761e+05,-83936,2,0.011437,-0.033419,-0.021982,-41968
Z445,Chantrans – Montmorot,commercial_zone,FR,FRC22,chain,7.8909e+06,807.44,-1.15e+05,-1.1419e+05,17,0.00010233,-0.014574,-0.014471,-6717.2
Z445,Chantrans – Montmorot,commercial_zone,FR,FRC22,independent,5.3691e+06,1078.5,-1.8133e+05,-1.8025e+05,11,0.00020088,-0.033772,-0.033571,-16386
Z446,ZAC de l'Izelette – Aoste,commercial_zone,FR,FRK24,chain,4.1826e+05,21689,-13291,8397.2,4,0.051854,-0.031777,0.020076,2099.3
Z446,ZAC de l'Izelette – Aoste,commercial_zone,FR,FRK24,independent,1.3214e+05,9312.2,-4792.5,4519.7,3,0.070472,-0.036269,0.034204,1506.6
Z447,Zone d'Activités des Cailloux – Stenay,commercial_zone,FR,FRF32,chain,4.8499e+07,1.6723e+06,-7.1117e+06,-5.4394e+06,6,0.034481,-0.14664,-0.11216,-9.0657e+05
Z447,Zone d'Activités des Cailloux – Stenay,commercial_zone,FR,FRF32,independent,1.0491e+06,1.0893e+05,-2.4193e+05,-1.33e+05,1,0.10383,-0.2306,-0.12678,-1.33e+05
Z449,ZA Lantay – Morestel,commercial_zone,FR,FRK24,chain,2.2116e+05,0,-8142.2,-8142.2,9,0,-0.036817,-0.036817,-904.69
Z449,ZA Lantay – Morestel,commercial_zone,FR,FRK24,independent,1.1663e+05,0,-4740.4,-4740.4,6,0,-0.040644,-0.040644,-790.07
Z45,Zone commerciale Fautenbach,commercial_zone,DE,DE134,chain,7.3315e+07,7.0347e+06,-8.538e+06,-1.5033e+06,16,0.095951,-0.11646,-0.020505,-93955
Z45,Zone commerciale Fautenbach,commercial_zone,DE,DE134,independent,5.5765e+06,7.812e+05,-9.9213e+05,-2.1092e+05,5,0.14009,-0.17791,-0.037824,-42185
Z450,Zone commerciale Pondrôme,commercial_zone,BE,BE351,chain,0,0,0,0,0,,,,
Z450,Zone commerciale Pondrôme,commercial_zone,BE,BE351,independent,4.0449e+06,4.4563e+05,-9.4346e+05,-4.9784e+05,4,0.11017,-0.23325,-0.12308,-1.2446e+05
Z452,Zone commerciale Naninne,commercial_zone,BE,BE352,chain,2.8177e+06,62773,-2.4009e+05,-1.7731e+05,3,0.022278,-0.085207,-0.062929,-59104
Z452,Zone commerciale Naninne,commercial_zone,BE,BE352,independent,1.5327e+07,1.6292e+05,-4.9777e+05,-3.3485e+05,6,0.010629,-0.032476,-0.021847,-55809
Z453,Tienne de l'Europe – Dinant,commercial_zone,BE,BE351,chain,6.1931e+07,2.7956e+06,-4.3341e+06,-1.5384e+06,14,0.045141,-0.069982,-0.024841,-1.0989e+05
Z453,Tienne de l'Europe – Dinant,commercial_zone,BE,BE351,independent,4.8711e+06,2.3218e+05,-3.9588e+05,-1.637e+05,4,0.047665,-0.081272,-0.033607,-40925
Z454,Zone commerciale Naninne,commercial_zone,BE,BE352,chain,1.0067e+07,83545,-2.4778e+05,-1.6424e+05,3,0.0082988,-0.024613,-0.016314,-54746
Z454,Zone commerciale Naninne,commercial_zone,BE,BE352,independent,1.7345e+06,33818,-1.3211e+05,-98291,2,0.019498,-0.076166,-0.056668,-49146
Z455,Zone commerciale Ambérieu-en-Bugey,commercial_zone,FR,FRK21,chain,6.1755e+06,1.0132e+05,-2.027e+05,-1.0137e+05,11,0.016407,-0.032823,-0.016415,-9215.7
Z455,Zone commerciale Ambérieu-en-Bugey,commercial_zone,FR,FRK21,independent,5.2962e+06,2.009e+05,-2.539e+05,-52997,20,0.037933,-0.04794,-0.010006,-2649.8
Z456,Centre commercial de l'Aviation – Ambérieu-en-Bugey,commercial_zone,FR,FRK21,chain,5.4334e+06,1.8395e+05,-2.4699e+05,-63038,14,0.033856,-0.045458,-0.011602,-4502.7
Z456,Centre commercial de l'Aviation – Ambérieu-en-Bugey,commercial_zone,FR,FRK21,independent,3.6919e+06,2.4418e+05,-2.5149e+05,-7315.7,4,0.066139,-0.06812,-0.0019816,-1828.9
Z457,Zone commerciale Erpent,commercial_zone,BE,BE352,chain,2.5792e+06,48729,-1.6576e+05,-1.1703e+05,3,0.018893,-0.064269,-0.045376,-39010
Z457,Zone commerciale Erpent,commercial_zone,BE,BE352,independent,1.3825e+07,1.7058e+05,-5.4361e+05,-3.7304e+05,12,0.012339,-0.039322,-0.026983,-31086
Z458,Zone commerciale Champion,commercial_zone,BE,BE352,chain,1.6756e+07,1.4849e+05,-3.7113e+05,-2.2264e+05,6,0.008862,-0.022149,-0.013287,-37106
Z458,Zone commerciale Champion,commercial_zone,BE,BE352,independent,2.5232e+07,2.0255e+05,-4.9552e+05,-2.9297e+05,10,0.0080277,-0.019639,-0.011611,-29297
Z46,Laufenpark – Laufenbourg (Bade),commercial_zone,DE,DE13A,chain,2.8693e+07,1.8098e+07,-3.732e+06,1.4366e+07,15,0.63074,-0.13007,0.50068,9.5773e+05
Z46,Laufenpark – Laufenbourg (Bade),commercial_zone,DE,DE13A,independent,4.8242e+06,3.0134e+06,-1.0748e+06,1.9386e+06,7,0.62464,-0.22279,0.40185,2.7694e+05
Z460,Zone commerciale Balan,commercial_zone,FR,FRF21,chain,3.4916e+07,6.2092e+06,-1.4182e+06,4.791e+06,6,0.17783,-0.040618,0.13721,7.985e+05
Z460,Zone commerciale Balan,commercial_zone,FR,FRF21,independent,1.284e+06,2.3666e+05,-1.4264e+05,94023,1,0.18431,-0.11109,0.073226,94023
Z461,Zone commerciale Sedan,commercial_zone,FR,FRF21,chain,2.7279e+07,3.1964e+06,-6.6753e+05,2.5289e+06,3,0.11718,-0.024471,0.092705,8.4296e+05
Z461,Zone commerciale Sedan,commercial_zone,FR,FRF21,independent,8.9824e+06,1.1126e+06,-3.7142e+05,7.412e+05,4,0.12387,-0.041349,0.082516,1.853e+05
Z463,Centre commercial Carrefour Brou – Bourg-en-Bresse,commercial_zone,FR,FRK21,chain,6.5365e+06,1.9443e+05,-2.7301e+05,-78576,26,0.029745,-0.041767,-0.012021,-3022.1
Z463,Centre commercial Carrefour Brou – Bourg-en-Bresse,commercial_zone,FR,FRK21,independent,4.6116e+06,2.5498e+05,-2.7263e+05,-17654,15,0.055291,-0.059119,-0.0038282,-1176.9
Z464,Cap Émeraude – Bourg-en-Bresse,commercial_zone,FR,FRK21,chain,3.2439e+06,1.6645e+05,-1.7776e+05,-11307,20,0.051311,-0.054797,-0.0034857,-565.37
Z464,Cap Émeraude – Bourg-en-Bresse,commercial_zone,FR,FRK21,independent,3.743e+06,2.3238e+05,-2.3225e+05,134.49,16,0.062085,-0.062049,3.5931e-05,8.4055
Z466,Forum – Fromelennes,commercial_zone,FR,FRF21,chain,5.8652e+07,2.4457e+07,-2.224e+07,2.2174e+06,15,0.41699,-0.37918,0.037805,1.4782e+05
Z466,Forum – Fromelennes,commercial_zone,FR,FRF21,independent,1.0092e+07,4.1911e+06,-4.2798e+06,-88663,5,0.4153,-0.42409,-0.0087857,-17733
Z467,Zone commerciale Bourg-en-Bresse,commercial_zone,FR,FRK21,chain,2.7172e+06,61712,-99917,-38206,9,0.022711,-0.036772,-0.014061,-4245.1
Z467,Zone commerciale Bourg-en-Bresse,commercial_zone,FR,FRK21,independent,3.4974e+05,10444,-14557,-4113,2,0.029863,-0.041623,-0.01176,-2056.5
Z469,Zone commerciale Thorembais-Saint-Trond,commercial_zone,BE,BE310,chain,7.6885e+06,37825,-82423,-44598,4,0.0049196,-0.01072,-0.0058006,-11150
Z469,Zone commerciale Thorembais-Saint-Trond,commercial_zone,BE,BE310,independent,1.145e+07,1.0558e+05,-2.6242e+05,-1.5683e+05,14,0.0092207,-0.022918,-0.013697,-11202
Z47,Zone commerciale Altenstadt,commercial_zone,FR,FRF11,chain,2.9683e+07,7.608e+06,-7.5592e+06,48782,9,0.25631,-0.25467,0.0016434,5420.2
Z47,Zone commerciale Altenstadt,commercial_zone,FR,FRF11,independent,5.6854e+06,1.5898e+06,-1.4906e+06,99245,5,0.27963,-0.26218,0.017456,19849
Z470,La Neuve – Bourg-en-Bresse,commercial_zone,FR,FRK21,chain,5.4747e+06,2.1747e+05,-2.7713e+05,-59655,31,0.039724,-0.05062,-0.010896,-1924.3
Z470,La Neuve – Bourg-en-Bresse,commercial_zone,FR,FRK21,independent,5.62e+06,2.2717e+05,-2.8738e+05,-60216,23,0.040421,-0.051136,-0.010714,-2618.1
Z471,Zone commerciale Spy,commercial_zone,BE,BE352,chain,1.5267e+07,1.2221e+05,-2.0882e+05,-86606,3,0.0080052,-0.013678,-0.0056729,-28869
Z471,Zone commerciale Spy,commercial_zone,BE,BE352,independent,1.1636e+07,1.7741e+05,-3.0534e+05,-1.2793e+05,7,0.015246,-0.02624,-0.010994,-18275
Z472,Zone commerciale Gembloux,commercial_zone,BE,BE310,chain,3.5243e+07,2.9354e+05,-5.4093e+05,-2.4738e+05,15,0.0083292,-0.015348,-0.0070193,-16492
Z472,Zone commerciale Gembloux,commercial_zone,BE,BE310,independent,2.5923e+07,2.9486e+05,-5.4535e+05,-2.5049e+05,17,0.011374,-0.021037,-0.0096627,-14735
Z473,Parc d'Activités de Jayat – Montrevel-en-Bresse,commercial_zone,FR,FRK21,chain,6.1677e+05,0,-16904,-16904,6,0,-0.027408,-0.027408,-2817.4
Z473,Parc d'Activités de Jayat – Montrevel-en-Bresse,commercial_zone,FR,FRK21,independent,2.0669e+05,0,-12782,-12782,5,0,-0.061843,-0.061843,-2556.5
Z474,Delvaux Percy Audi – Gembloux,commercial_zone,BE,BE310,chain,4.7037e+06,35614,-64775,-29162,3,0.0075714,-0.013771,-0.0061997,-9720.5
Z474,Delvaux Percy Audi – Gembloux,commercial_zone,BE,BE310,independent,5.6831e+06,21308,-38357,-17048,3,0.0037494,-0.0067492,-0.0029998,-5682.8
Z475,Zone commerciale Les Ayvelles,commercial_zone,FR,FRF21,chain,8.146e+07,6.0421e+06,-2.5428e+06,3.4994e+06,15,0.074173,-0.031215,0.042958,2.3329e+05
Z475,Zone commerciale Les Ayvelles,commercial_zone,FR,FRF21,independent,6.0817e+06,4.7615e+05,-2.278e+05,2.4834e+05,2,0.078292,-0.037458,0.040835,1.2417e+05
Z476,Zone commerciale Corbais,commercial_zone,BE,BE310,chain,7.985e+06,51310,-68372,-17062,3,0.0064258,-0.0085626,-0.0021368,-5687.4
Z476,Zone commerciale Corbais,commercial_zone,BE,BE310,independent,1.382e+07,2.1445e+05,-3.5231e+05,-1.3785e+05,15,0.015517,-0.025492,-0.0099746,-9190.2
Z477,Zone commerciale Basse-Wavre,commercial_zone,BE,BE310,chain,3.3769e+05,6691.3,-14957,-8266.2,1,0.019815,-0.044293,-0.024478,-8266.2
Z477,Zone commerciale Basse-Wavre,commercial_zone,BE,BE310,independent,1.6885e+06,33456,-74787,-41331,5,0.019815,-0.044293,-0.024478,-8266.2
Z478,La Folie Douce – Auvelais,commercial_zone,BE,BE352,chain,8.3819e+07,1.5783e+06,-2.011e+06,-4.327e+05,18,0.01883,-0.023992,-0.0051623,-24039
Z478,La Folie Douce – Auvelais,commercial_zone,BE,BE352,independent,5.3472e+07,1.4734e+06,-1.8234e+06,-3.5001e+05,19,0.027554,-0.034099,-0.0065456,-18421
Z479,Zone commerciale Wavre,commercial_zone,BE,BE310,chain,1.6913e+06,34950,-66980,-32030,4,0.020664,-0.039603,-0.018938,-8007.6
Z479,Zone commerciale Wavre,commercial_zone,BE,BE310,independent,3.3738e+06,77888,-1.5117e+05,-73280,8,0.023086,-0.044807,-0.02172,-9160
Z48,Zone commerciale Willisau,commercial_zone,CH,CH061,chain,1.1128e+07,96249,-6.9187e+05,-5.9562e+05,10,0.0086494,-0.062175,-0.053525,-59562
Z48,Zone commerciale Willisau,commercial_zone,CH,CH061,independent,1.7926e+06,41826,-1.8336e+05,-1.4154e+05,5,0.023333,-0.10229,-0.078957,-28307
Z481,Centre Commercial La Croisette – La Francheville,commercial_zone,FR,FRF21,chain,6.6391e+07,4.8266e+06,-2.6969e+06,2.1297e+06,14,0.0727,-0.040622,0.032078,1.5212e+05
Z481,Centre Commercial La Croisette – La Francheville,commercial_zone,FR,FRF21,independent,6.4878e+07,6.8247e+06,-5.8311e+06,9.9361e+05,10,0.10519,-0.089877,0.015315,99361
Z484,Lukoil – Wisterzée,commercial_zone,BE,BE310,chain,5.6015e+06,75187,-91481,-16294,6,0.013423,-0.016331,-0.0029089,-2715.7
Z484,Lukoil – Wisterzée,commercial_zone,BE,BE310,independent,6.9086e+06,1.333e+05,-1.7925e+05,-45947,12,0.019295,-0.025946,-0.0066507,-3828.9
Z485,Zone commerciale Vouziers,commercial_zone,FR,FRF21,chain,7.3173e+06,17166,-81723,-64557,6,0.002346,-0.011169,-0.0088225,-10759
Z485,Zone commerciale Vouziers,commercial_zone,FR,FRF21,independent,1.1987e+06,10215,-59543,-49328,4,0.0085218,-0.049671,-0.041149,-12332
Z486,Zone commerciale Genval,commercial_zone,BE,BE241,chain,2.1451e+06,24789,-29220,-4431.1,4,0.011556,-0.013622,-0.0020657,-1107.8
Z486,Zone commerciale Genval,commercial_zone,BE,BE241,independent,9.5248e+05,27180,-46397,-19217,4,0.028536,-0.048712,-0.020175,-4804.1
Z488,Zone commerciale Hoeilaert,commercial_zone,BE,BE100,chain,2.4295e+06,47606,-84017,-36411,5,0.019595,-0.034582,-0.014987,-7282.3
Z488,Zone commerciale Hoeilaert,commercial_zone,BE,BE100,independent,2.0814e+06,42451,-75743,-33292,7,0.020395,-0.03639,-0.015995,-4756
Z489,Zone commerciale Lambusart,commercial_zone,BE,BE32B,chain,2.3635e+07,1.9632e+05,-2.5638e+05,-60065,4,0.0083064,-0.010848,-0.0025414,-15016
Z489,Zone commerciale Lambusart,commercial_zone,BE,BE32B,independent,9.6393e+05,45096,-49496,-4400.3,1,0.046784,-0.051348,-0.0045649,-4400.3
Z490,Shopping Cora – Montignies-sur-Sambre,commercial_zone,BE,BE32B,chain,1.2323e+08,2.6665e+06,-2.6974e+06,-30901,27,0.021638,-0.021888,-0.00025075,-1144.5
Z490,Shopping Cora – Montignies-sur-Sambre,commercial_zone,BE,BE32B,independent,9.2884e+07,4.8706e+06,-4.3911e+06,4.7947e+05,28,0.052437,-0.047275,0.005162,17124
Z492,Woluwe Shopping Center – Woluwe-Saint-Lambert,commercial_zone,BE,BE100,chain,1.6244e+07,4.7254e+05,-1.1247e+06,-6.5218e+05,22,0.029091,-0.06924,-0.04015,-29645
Z492,Woluwe Shopping Center – Woluwe-Saint-Lambert,commercial_zone,BE,BE100,independent,1.5073e+07,4.0717e+05,-9.6413e+05,-5.5696e+05,22,0.027013,-0.063963,-0.03695,-25316
Z493,Zone commerciale Gilly,commercial_zone,BE,BE32B,chain,2.479e+07,2.8403e+05,-3.2218e+05,-38155,2,0.011457,-0.012997,-0.0015392,-19078
Z493,Zone commerciale Gilly,commercial_zone,BE,BE32B,independent,1.201e+07,4.1869e+05,-3.837e+05,34984,6,0.034861,-0.031949,0.0029129,5830.7
Z494,Parenthèse – Wayaux,commercial_zone,BE,BE32B,chain,2.0584e+07,3.2169e+05,-3.4187e+05,-20181,3,0.015628,-0.016609,-0.00098046,-6727.2
Z494,Parenthèse – Wayaux,commercial_zone,BE,BE32B,independent,1.0836e+07,4.0358e+05,-4.0642e+05,-2847.1,6,0.037243,-0.037506,-0.00026274,-474.51
Z495,Bix Shopping Mont-Saint-Jean – Braine-l'Alleud,commercial_zone,BE,BE310,chain,6.1735e+06,1.9885e+05,-2.0787e+05,-9017.3,4,0.03221,-0.033671,-0.0014607,-2254.3
Z495,Bix Shopping Mont-Saint-Jean – Braine-l'Alleud,commercial_zone,BE,BE310,independent,1.7044e+06,60200,-63512,-3311.9,2,0.03532,-0.037263,-0.0019431,-1656
Z497,Zone commerciale Jumet,commercial_zone,BE,BE32B,chain,5.9623e+07,9.8173e+05,-1.0392e+06,-57422,8,0.016466,-0.017429,-0.0009631,-7177.8
Z497,Zone commerciale Jumet,commercial_zone,BE,BE32B,independent,5.6017e+06,3.491e+05,-3.2208e+05,27026,4,0.062321,-0.057497,0.0048247,6756.6
Z498,Zone commerciale Waterloo,commercial_zone,BE,BE241,chain,9.4433e+05,51505,-67326,-15821,2,0.054541,-0.071295,-0.016754,-7910.6
Z498,Zone commerciale Waterloo,commercial_zone,BE,BE241,independent,6.4264e+06,2.0815e+05,-2.5534e+05,-47191,9,0.03239,-0.039733,-0.0073432,-5243.4
Z499,Zone commerciale Braine-l'Alleud,commercial_zone,BE,BE241,chain,1.3917e+07,4.5693e+05,-5.0716e+05,-50230,11,0.032833,-0.036443,-0.0036093,-4566.3
Z499,Zone commerciale Braine-l'Alleud,commercial_zone,BE,BE241,independent,6.6632e+06,3.0013e+05,-3.4059e+05,-40465,9,0.045043,-0.051115,-0.0060729,-4496.1
Z5,Kaufland-Center – Leimen,commercial_zone,DE,DE125,chain,9.5522e+06,31801,-2.0471e+05,-1.7291e+05,19,0.0033292,-0.02143,-0.018101,-9100.3
Z5,Kaufland-Center – Leimen,commercial_zone,DE,DE125,independent,1.2435e+07,48123,-3.6037e+05,-3.1224e+05,17,0.00387,-0.02898,-0.02511,-18367
Z50,Le Rotonde Centro Commerciale – Cigliano,commercial_zone,IT,ITC11,chain,5.0291e+05,0,-498.09,-498.09,2,0,-0.00099042,-0.00099042,-249.05
Z50,Le Rotonde Centro Commerciale – Cigliano,commercial_zone,IT,ITC11,independent,4.1583e+05,0,-2546.2,-2546.2,5,0,-0.0061231,-0.0061231,-509.23
Z500,Zone commerciale Ruysbroeck,commercial_zone,BE,BE100,chain,8.2721e+06,3.0583e+05,-4.1722e+05,-1.1139e+05,8,0.036971,-0.050437,-0.013466,-13924
Z500,Zone commerciale Ruysbroeck,commercial_zone,BE,BE100,independent,5.006e+06,2.2847e+05,-3.1179e+05,-83323,7,0.045639,-0.062284,-0.016644,-11903
Z501,Zone commerciale Nivelles,commercial_zone,BE,BE310,chain,2.6888e+07,6.4668e+05,-5.5436e+05,92317,6,0.024051,-0.020617,0.0034334,15386
Z501,Zone commerciale Nivelles,commercial_zone,BE,BE310,independent,2.8724e+06,1.0066e+05,-90603,10057,2,0.035044,-0.031543,0.0035012,5028.5
Z502,Shopping Pajot – Negenmanneke,commercial_zone,BE,BE100,chain,2.4433e+07,1.1162e+06,-1.649e+06,-5.328e+05,18,0.045682,-0.067488,-0.021806,-29600
Z502,Shopping Pajot – Negenmanneke,commercial_zone,BE,BE100,independent,1.7915e+06,1.0661e+05,-1.5761e+05,-51010,3,0.059506,-0.08798,-0.028473,-17003
Z504,Westland Shopping – Dilbeek,commercial_zone,BE,BE100,chain,8.2591e+06,2.8489e+05,-4.5111e+05,-1.6622e+05,9,0.034495,-0.05462,-0.020126,-18469
Z504,Westland Shopping – Dilbeek,commercial_zone,BE,BE100,independent,1.7264e+07,8.6232e+05,-1.3626e+06,-5.0032e+05,11,0.04995,-0.078931,-0.028981,-45484
Z505,Shopping Center Nivelles – Nivelles,commercial_zone,BE,BE310,chain,6.3432e+07,3.9774e+06,-3.6367e+06,3.4071e+05,41,0.062703,-0.057332,0.0053713,8310.1
Z505,Shopping Center Nivelles – Nivelles,commercial_zone,BE,BE310,independent,6.1665e+07,3.8407e+06,-3.5103e+06,3.3033e+05,31,0.062283,-0.056926,0.0053569,10656
Z506,Zone commerciale Negenmanneke,commercial_zone,BE,BE100,chain,2.8653e+06,1.3759e+05,-2.118e+05,-74215,5,0.048019,-0.073921,-0.025902,-14843
Z506,Zone commerciale Negenmanneke,commercial_zone,BE,BE100,independent,3.4195e+06,1.6948e+05,-2.6095e+05,-91464,6,0.049564,-0.076311,-0.026748,-15244
Z508,Zone de l'Étoile – Rethel,commercial_zone,FR,FRF21,chain,1.0721e+07,2.1032e+05,-1.185e+05,91817,3,0.019618,-0.011053,0.0085645,30606
Z508,Zone de l'Étoile – Rethel,commercial_zone,FR,FRF21,independent,1.3085e+06,74252,-71373,2878.7,2,0.056745,-0.054545,0.0022,1439.4
Z509,Zone commerciale Leval-Trahegnies,commercial_zone,BE,BE329,chain,5.1907e+07,3.716e+06,-2.4847e+06,1.2313e+06,16,0.07159,-0.047868,0.023722,76957
Z509,Zone commerciale Leval-Trahegnies,commercial_zone,BE,BE329,independent,1.3588e+07,9.358e+05,-6.2039e+05,3.1542e+05,8,0.068871,-0.045658,0.023213,39427
Z51,Zone commerciale Gambsheim,commercial_zone,FR,FRF11,chain,8.094e+06,1.1073e+06,-1.3553e+06,-2.4804e+05,1,0.1368,-0.16745,-0.030646,-2.4804e+05
Z51,Zone commerciale Gambsheim,commercial_zone,FR,FRF11,independent,4.6905e+06,1.2273e+06,-8.4563e+05,3.8165e+05,5,0.26165,-0.18029,0.081367,76330
Z510,Zone commerciale La Hestre,commercial_zone,BE,BE329,chain,0,0,0,0,0,,,,
Z510,Zone commerciale La Hestre,commercial_zone,BE,BE329,independent,6.6581e+07,2.916e+06,-2.2176e+06,6.9845e+05,22,0.043797,-0.033306,0.01049,31748
Z511,The Leaf – Ternat,commercial_zone,BE,BE241,chain,6.1386e+06,2.5105e+05,-5.3506e+05,-2.84e+05,11,0.040897,-0.087163,-0.046266,-25819
Z511,The Leaf – Ternat,commercial_zone,BE,BE241,independent,1.7751e+06,79154,-1.6711e+05,-87953,4,0.044591,-0.094138,-0.049548,-21988
Z512,Shopping Cora La Louvière – La Louvière,commercial_zone,BE,BE329,chain,1.1805e+08,7.0675e+06,-5.706e+06,1.3615e+06,37,0.059871,-0.048337,0.011533,36796
Z512,Shopping Cora La Louvière – La Louvière,commercial_zone,BE,BE329,independent,1.1177e+08,7.5229e+06,-6.1432e+06,1.3797e+06,31,0.067307,-0.054963,0.012344,44505
Z513,Zone commerciale Haine-Saint-Pierre,commercial_zone,BE,BE329,chain,3.9581e+07,1.518e+06,-1.0147e+06,5.0325e+05,7,0.038351,-0.025636,0.012714,71893
Z513,Zone commerciale Haine-Saint-Pierre,commercial_zone,BE,BE329,independent,2.9863e+07,1.273e+06,-8.7732e+05,3.9571e+05,8,0.042629,-0.029378,0.013251,49463
Z514,Matériaux de seconde main – Haine-Saint-Pierre,commercial_zone,BE,BE329,chain,1.4622e+07,6.2898e+05,-4.0469e+05,2.2429e+05,2,0.043015,-0.027676,0.015339,1.1214e+05
Z514,Matériaux de seconde main – Haine-Saint-Pierre,commercial_zone,BE,BE329,independent,2.919e+07,1.4795e+06,-1.0013e+06,4.7815e+05,9,0.050684,-0.034304,0.01638,53128
Z515,Zone commerciale Épinois,commercial_zone,BE,BE329,chain,1.5635e+07,1.1191e+06,-5.6493e+05,5.5419e+05,4,0.071578,-0.036133,0.035445,1.3855e+05
Z515,Zone commerciale Épinois,commercial_zone,BE,BE329,independent,2.0064e+07,1.4636e+06,-7.4805e+05,7.1554e+05,9,0.072945,-0.037283,0.035662,79504
Z516,Zone commerciale Binche,commercial_zone,BE,BE329,chain,4.6897e+07,3.0628e+06,-1.4381e+06,1.6247e+06,7,0.065309,-0.030666,0.034643,2.321e+05
Z516,Zone commerciale Binche,commercial_zone,BE,BE329,independent,5.3076e+06,4.7068e+05,-2.6883e+05,2.0185e+05,3,0.088682,-0.05065,0.038031,67285
Z517,Zone commerciale Braine-le-Comte,commercial_zone,BE,BE310,chain,2.0653e+07,1.0512e+06,-1.0711e+06,-19880,5,0.0509,-0.051862,-0.00096255,-3975.9
Z517,Zone commerciale Braine-le-Comte,commercial_zone,BE,BE310,independent,4.2969e+06,87666,-92017,-4350.9,3,0.020402,-0.021415,-0.0010126,-1450.3
Z519,Zone commerciale Erquelinnes,commercial_zone,BE,BE329,chain,3.8718e+07,1.6395e+07,-3.4546e+06,1.2941e+07,8,0.42345,-0.089225,0.33423,1.6176e+06
Z519,Zone commerciale Erquelinnes,commercial_zone,BE,BE329,independent,1.3037e+07,5.985e+06,-1.0739e+06,4.9112e+06,4,0.45907,-0.082367,0.3767,1.2278e+06
Z52,Brennet-Park – Bad Säckingen,commercial_zone,DE,DE13A,chain,3.1173e+07,1.9957e+07,-4.0398e+06,1.5918e+07,9,0.64021,-0.12959,0.51062,1.7686e+06
Z52,Brennet-Park – Bad Säckingen,commercial_zone,DE,DE13A,independent,6.5624e+06,3.9793e+06,-1.2836e+06,2.6957e+06,7,0.60638,-0.19559,0.41079,3.851e+05
Z520,Zone commerciale Locres,commercial_zone,BE,BE232,chain,8.9699e+06,5.8086e+05,-1.2426e+06,-6.6174e+05,19,0.064757,-0.13853,-0.073774,-34828
Z520,Zone commerciale Locres,commercial_zone,BE,BE232,independent,3.1642e+06,2.0848e+05,-4.4395e+05,-2.3546e+05,10,0.065889,-0.1403,-0.074415,-23546
Z523,Zone commerciale Outer,commercial_zone,BE,BE231,chain,6.4915e+06,1.6904e+05,-4.5032e+05,-2.8127e+05,7,0.026041,-0.06937,-0.04333,-40182
Z523,Zone commerciale Outer,commercial_zone,BE,BE231,independent,1.3495e+06,73270,-1.6903e+05,-95761,3,0.054293,-0.12525,-0.070959,-31920
Z524,Winkelpark Ninouter – Outer,commercial_zone,BE,BE231,chain,7.141e+06,1.2548e+05,-3.6603e+05,-2.4055e+05,5,0.017572,-0.051257,-0.033686,-48110
Z524,Winkelpark Ninouter – Outer,commercial_zone,BE,BE231,independent,7.3766e+05,42230,-92643,-50413,2,0.057248,-0.12559,-0.068343,-25207
Z525,Ambachtelijke zone heiplas – Wanzele,commercial_zone,BE,BE231,chain,1.6755e+06,53123,-1.439e+05,-90777,4,0.031706,-0.085885,-0.054179,-22694
Z525,Ambachtelijke zone heiplas – Wanzele,commercial_zone,BE,BE231,independent,2.8805e+05,15644,-39131,-23486,1,0.054311,-0.13585,-0.081537,-23486
Z526,Gedimat – Hirson,commercial_zone,FR,FRE21,chain,5.2724e+07,3.4893e+06,-2.0339e+06,1.4553e+06,12,0.06618,-0.038577,0.027603,1.2128e+05
Z526,Gedimat – Hirson,commercial_zone,FR,FRE21,independent,4.3657e+06,2.9872e+05,-2.0582e+05,92903,2,0.068424,-0.047144,0.02128,46452
Z528,Zone commerciale Fourmies,commercial_zone,FR,FRE11,chain,3.6672e+07,2.1511e+06,-2.8107e+06,-6.5959e+05,14,0.058659,-0.076645,-0.017986,-47114
Z528,Zone commerciale Fourmies,commercial_zone,FR,FRE11,independent,4.4871e+06,2.8833e+05,-4.4438e+05,-1.5605e+05,3,0.064258,-0.099034,-0.034776,-52015
Z529,Zone commerciale Mons,commercial_zone,BE,BE323,chain,2.4678e+07,3.1085e+06,-1.5263e+06,1.5821e+06,3,0.12596,-0.061849,0.064111,5.2738e+05
Z529,Zone commerciale Mons,commercial_zone,BE,BE323,independent,1.1905e+07,1.5713e+06,-7.9687e+05,7.7444e+05,5,0.13198,-0.066934,0.06505,1.5489e+05
Z53,Zone commerciale Hauenstein,commercial_zone,DE,DEB3K,chain,0,0,0,0,0,,,,
Z53,Zone commerciale Hauenstein,commercial_zone,DE,DEB3K,independent,8.5513e+06,3.7254e+05,-3.4954e+05,23001,14,0.043565,-0.040876,0.0026897,1642.9
Z530,Shopping de Nimy – Nimy,commercial_zone,BE,BE323,chain,2.6272e+07,3.2159e+06,-1.8047e+06,1.4112e+06,6,0.12241,-0.068692,0.053715,2.352e+05
Z530,Shopping de Nimy – Nimy,commercial_zone,BE,BE323,independent,8.4523e+06,1.3186e+06,-8.0642e+05,5.1215e+05,5,0.156,-0.095409,0.060592,1.0243e+05
Z531,La Porte du Parc – Mons,commercial_zone,BE,BE323,chain,1.226e+06,2.5811e+05,-1.6106e+05,97059,1,0.21053,-0.13136,0.079166,97059
Z531,La Porte du Parc – Mons,commercial_zone,BE,BE323,independent,8.0895e+06,1.4077e+06,-8.2838e+05,5.7931e+05,5,0.17401,-0.1024,0.071612,1.1586e+05
Z532,Zone commerciale Cuesmes,commercial_zone,BE,BE323,chain,3.3609e+06,4.7656e+05,-2.3819e+05,2.3837e+05,1,0.1418,-0.070873,0.070925,2.3837e+05
Z532,Zone commerciale Cuesmes,commercial_zone,BE,BE323,independent,4.3567e+06,9.7673e+05,-5.8754e+05,3.8919e+05,4,0.22419,-0.13486,0.089331,97297
Z534,Zone commerciale Westrem,commercial_zone,BE,BE231,chain,1.9489e+07,1.5761e+06,-2.8199e+06,-1.2439e+06,13,0.080871,-0.1447,-0.063825,-95681
Z534,Zone commerciale Westrem,commercial_zone,BE,BE231,independent,4.4276e+06,4.1441e+05,-7.1353e+05,-2.9913e+05,7,0.093597,-0.16116,-0.06756,-42733
Z535,L'Escale – Hautmont,commercial_zone,FR,FRE11,chain,1.3145e+08,1.3996e+07,-3.2476e+07,-1.848e+07,41,0.10647,-0.24707,-0.14059,-4.5074e+05
Z535,L'Escale – Hautmont,commercial_zone,FR,FRE11,independent,6.1275e+07,9.4155e+06,-1.7478e+07,-8.0629e+06,12,0.15366,-0.28525,-0.13159,-6.7191e+05
Z537,Auto Center Mons – Jemappes,commercial_zone,BE,BE323,chain,7.6447e+07,1.318e+07,-6.7176e+06,6.4629e+06,15,0.17241,-0.087873,0.08454,4.3086e+05
Z537,Auto Center Mons – Jemappes,commercial_zone,BE,BE323,independent,8.4541e+06,2.0188e+06,-1.1808e+06,8.3793e+05,6,0.23879,-0.13967,0.099115,1.3966e+05
Z538,Zone commerciale Lochristi,commercial_zone,BE,BE234,chain,1.8111e+07,1.4545e+06,-2.6823e+06,-1.2278e+06,28,0.080311,-0.14811,-0.067795,-43851
Z538,Zone commerciale Lochristi,commercial_zone,BE,BE234,independent,1.2691e+07,1.2486e+06,-2.1658e+06,-9.1713e+05,26,0.098391,-0.17066,-0.072268,-35274
Z54,Pfalz-Center – Kaiserslautern,commercial_zone,DE,DEB32,chain,1.2812e+07,1.452e+05,-1.4845e+05,-3247.7,7,0.011333,-0.011587,-0.0002535,-463.96
Z54,Pfalz-Center – Kaiserslautern,commercial_zone,DE,DEB32,independent,1.2336e+07,3.1478e+05,-3.7783e+05,-63049,4,0.025517,-0.030628,-0.0051109,-15762
Z540,Zone commerciale Zottegem,commercial_zone,BE,BE231,chain,1.2842e+07,1.7847e+05,-6.7428e+05,-4.9582e+05,6,0.013897,-0.052506,-0.038609,-82636
Z540,Zone commerciale Zottegem,commercial_zone,BE,BE231,independent,3.2059e+06,1.4244e+05,-3.7847e+05,-2.3603e+05,6,0.044431,-0.11805,-0.073622,-39338
Z541,Zone commerciale Destelbergen,commercial_zone,BE,BE234,chain,4.2164e+06,2.436e+05,-5.0183e+05,-2.5823e+05,5,0.057775,-0.11902,-0.061244,-51646
Z541,Zone commerciale Destelbergen,commercial_zone,BE,BE234,independent,3.21e+06,1.7782e+05,-3.7286e+05,-1.9505e+05,3,0.055394,-0.11616,-0.060761,-65015
Z542,Zone commerciale Pâturages,commercial_zone,BE,BE323,chain,3.8142e+07,7.0714e+06,-4.2291e+06,2.8423e+06,10,0.1854,-0.11088,0.074519,2.8423e+05
Z542,Zone commerciale Pâturages,commercial_zone,BE,BE323,independent,8.3471e+06,1.3462e+06,-7.8547e+05,5.6077e+05,4,0.16128,-0.094101,0.067182,1.4019e+05
Z543,Zone commerciale Mont-Saint-Amand,commercial_zone,BE,BE234,chain,4.4514e+06,2.5443e+05,-5.2669e+05,-2.7225e+05,5,0.057159,-0.11832,-0.061162,-54451
Z543,Zone commerciale Mont-Saint-Amand,commercial_zone,BE,BE234,independent,2.1308e+06,1.3791e+05,-2.7206e+05,-1.3415e+05,4,0.064722,-0.12768,-0.062958,-33538
Z545,Car Ocaz – Tertre,commercial_zone,BE,BE323,chain,3.9837e+07,7.6193e+06,-3.9325e+06,3.6868e+06,5,0.19126,-0.098716,0.092547,7.3736e+05
Z545,Car Ocaz – Tertre,commercial_zone,BE,BE323,independent,1.6671e+07,3.4317e+06,-1.83e+06,1.6017e+06,8,0.20585,-0.10977,0.096078,2.0022e+05
Z547,Zone commerciale Sint-Denijs-Westrem,commercial_zone,BE,BE234,chain,8.6815e+06,4.6333e+05,-9.3498e+05,-4.7166e+05,4,0.05337,-0.1077,-0.054329,-1.1791e+05
Z547,Zone commerciale Sint-Denijs-Westrem,commercial_zone,BE,BE234,independent,7.9137e+06,7.4492e+05,-1.2203e+06,-4.7535e+05,10,0.094131,-0.1542,-0.060067,-47535
Z548,Zone commerciale Sint-Denijs-Westrem,commercial_zone,BE,BE234,chain,4.6022e+07,2.3917e+06,-4.9396e+06,-2.5478e+06,23,0.05197,-0.10733,-0.055362,-1.1078e+05
Z548,Zone commerciale Sint-Denijs-Westrem,commercial_zone,BE,BE234,independent,1.4206e+07,1.2062e+06,-2.0952e+06,-8.8897e+05,15,0.084911,-0.14749,-0.062579,-59265
Z551,Zone commerciale Laethem-Saint-Martin,commercial_zone,BE,BE234,chain,0,0,0,0,0,,,,
Z551,Zone commerciale Laethem-Saint-Martin,commercial_zone,BE,BE234,independent,1.0426e+07,8.7457e+05,-1.5367e+06,-6.6212e+05,15,0.083884,-0.14739,-0.063507,-44141
Z552,Winkelpark N60 – Eine,commercial_zone,BE,BE235,chain,3.3886e+07,1.4745e+06,-3.5658e+06,-2.0912e+06,14,0.043515,-0.10523,-0.061713,-1.4937e+05
Z552,Winkelpark N60 – Eine,commercial_zone,BE,BE235,independent,3.9167e+06,4.0067e+05,-7.0422e+05,-3.0355e+05,5,0.1023,-0.1798,-0.077501,-60709
Z553,Zone commerciale Quiévrechain,commercial_zone,FR,FRE11,chain,2.8393e+07,6.9405e+06,-4.8429e+06,2.0976e+06,6,0.24445,-0.17057,0.073877,3.496e+05
Z553,Zone commerciale Quiévrechain,commercial_zone,FR,FRE11,independent,6.5352e+06,1.7301e+06,-1.1758e+06,5.5427e+05,4,0.26473,-0.17992,0.084812,1.3857e+05
Z554,Zone commerciale Renaix,commercial_zone,BE,BE235,chain,1.0215e+08,8.2497e+06,-1.3313e+07,-5.0628e+06,24,0.080765,-0.13033,-0.049565,-2.1095e+05
Z554,Zone commerciale Renaix,commercial_zone,BE,BE235,independent,4.7673e+06,3.0744e+05,-5.6543e+05,-2.58e+05,2,0.064489,-0.11861,-0.054118,-1.29e+05
Z555,Zone commerciale Deynze,commercial_zone,BE,BE234,chain,3.8876e+07,1.8493e+06,-4.2294e+06,-2.3801e+06,7,0.047569,-0.10879,-0.061221,-3.4001e+05
Z555,Zone commerciale Deynze,commercial_zone,BE,BE234,independent,3.4058e+07,2.0309e+06,-4.105e+06,-2.0741e+06,15,0.05963,-0.12053,-0.060899,-1.3827e+05
Z556,Zone commerciale Roucourt,commercial_zone,BE,BE328,chain,7.5928e+07,1.8215e+07,-1.3171e+07,5.0435e+06,10,0.2399,-0.17347,0.066425,5.0435e+05
Z556,Zone commerciale Roucourt,commercial_zone,BE,BE328,independent,6.5453e+06,1.7424e+06,-1.2088e+06,5.3359e+05,5,0.2662,-0.18468,0.081523,1.0672e+05
Z557,Zone commerciale Le Quesnoy,commercial_zone,FR,FRE11,chain,3.5341e+07,2.4502e+06,-4.3852e+06,-1.935e+06,9,0.06933,-0.12408,-0.054751,-2.15e+05
Z557,Zone commerciale Le Quesnoy,commercial_zone,FR,FRE11,independent,1.0052e+07,7.9064e+05,-1.3374e+06,-5.4679e+05,5,0.078655,-0.13305,-0.054396,-1.0936e+05
Z558,La Briqueterie – Guise,commercial_zone,FR,FRE21,chain,2.1805e+07,38916,-2.6772e+05,-2.288e+05,4,0.0017847,-0.012278,-0.010493,-57200
Z558,La Briqueterie – Guise,commercial_zone,FR,FRE21,independent,7.7273e+06,7565,-63898,-56333,3,0.00097899,-0.0082691,-0.0072901,-18778
Z559,Zone commerciale Maldegem,commercial_zone,BE,BE233,chain,6.1092e+06,1.9654e+05,-5.7517e+05,-3.7863e+05,9,0.032171,-0.094149,-0.061978,-42070
Z559,Zone commerciale Maldegem,commercial_zone,BE,BE233,independent,1.3535e+06,85649,-2.1725e+05,-1.316e+05,4,0.063277,-0.16051,-0.097229,-32901
Z562,Zone commerciale Chambry,commercial_zone,FR,FRE21,chain,1.1897e+07,22627,-1.2747e+05,-1.0484e+05,17,0.0019019,-0.010714,-0.008812,-6167
Z562,Zone commerciale Chambry,commercial_zone,FR,FRE21,independent,2.319e+06,14984,-79198,-64214,8,0.0064614,-0.034152,-0.027691,-8026.7
Z563,Zone commerciale Saint-Saulve,commercial_zone,FR,FRE11,chain,1.4603e+07,1.3833e+06,-1.8287e+06,-4.4533e+05,3,0.094727,-0.12522,-0.030495,-1.4844e+05
Z563,Zone commerciale Saint-Saulve,commercial_zone,FR,FRE11,independent,0,0,0,0,0,,,,
Z565,Centre Commercial Carrefour Valenciennes – Aulnoy-lez-Valenciennes,commercial_zone,FR,FRE11,chain,3.974e+07,3.7865e+06,-4.791e+06,-1.0045e+06,11,0.095282,-0.12056,-0.025276,-91317
Z565,Centre Commercial Carrefour Valenciennes – Aulnoy-lez-Valenciennes,commercial_zone,FR,FRE11,independent,1.806e+07,1.2995e+06,-1.8452e+06,-5.4572e+05,4,0.071954,-0.10217,-0.030216,-1.3643e+05
Z567,Zone commerciale Laon,commercial_zone,FR,FRE21,chain,3.8587e+06,2213.3,-56362,-54149,13,0.00057358,-0.014606,-0.014033,-4165.3
Z567,Zone commerciale Laon,commercial_zone,FR,FRE21,independent,8.2422e+05,561.66,-14094,-13532,4,0.00068145,-0.017099,-0.016418,-3383
Z569,ZAC du Vignoble – La Sentinelle,commercial_zone,FR,FRE11,chain,4.5055e+07,4.1339e+06,-5.4163e+06,-1.2824e+06,13,0.091753,-0.12022,-0.028463,-98648
Z569,ZAC du Vignoble – La Sentinelle,commercial_zone,FR,FRE11,independent,2.271e+07,2.9191e+06,-3.4027e+06,-4.8364e+05,12,0.12854,-0.14983,-0.021296,-40303
Z57,Zone commerciale Wildtal,commercial_zone,DE,DE131,chain,1.4904e+07,6.9929e+05,-5.2898e+05,1.7031e+05,3,0.04692,-0.035492,0.011427,56771
Z57,Zone commerciale Wildtal,commercial_zone,DE,DE131,independent,8.5335e+05,1.1092e+05,-1.2808e+05,-17160,1,0.12999,-0.15009,-0.020108,-17160
Z570,Aushopping Petite-Forêt – Petite-Forêt,commercial_zone,FR,FRE11,chain,9.5089e+07,1.1324e+07,-1.3818e+07,-2.4935e+06,38,0.11909,-0.14531,-0.026222,-65617
Z570,Aushopping Petite-Forêt – Petite-Forêt,commercial_zone,FR,FRE11,independent,2.1849e+07,3.2406e+06,-3.6704e+06,-4.2987e+05,13,0.14832,-0.16799,-0.019675,-33067
Z571,Zone commerciale La Sentinelle,commercial_zone,FR,FRE11,chain,2.015e+07,1.56e+06,-2.1737e+06,-6.1377e+05,3,0.077419,-0.10788,-0.030461,-2.0459e+05
Z571,Zone commerciale La Sentinelle,commercial_zone,FR,FRE11,independent,1.1714e+06,2.0725e+05,-2.2037e+05,-13120,1,0.17692,-0.18812,-0.0112,-13120
Z572,Viva Shopping – Vive-Saint-Éloi,commercial_zone,BE,BE234,chain,3.735e+07,3.4942e+06,-6.4555e+06,-2.9613e+06,13,0.093552,-0.17284,-0.079285,-2.2779e+05
Z572,Viva Shopping – Vive-Saint-Éloi,commercial_zone,BE,BE234,independent,2.0581e+07,1.8013e+06,-3.4762e+06,-1.6749e+06,8,0.087524,-0.16891,-0.081383,-2.0936e+05
Z573,ZAC Tournai Campagne – Warchin,commercial_zone,BE,BE328,chain,1.7166e+07,4.434e+06,-3.8834e+06,5.5053e+05,4,0.2583,-0.22623,0.032071,1.3763e+05
Z573,ZAC Tournai Campagne – Warchin,commercial_zone,BE,BE328,independent,3.5433e+06,8.5247e+05,-7.9944e+05,53040,1,0.24059,-0.22562,0.014969,53040
Z576,Centre Commercial du Mont des Bruyères – Saint-Amand-les-Eaux,commercial_zone,FR,FRE11,chain,4.1992e+07,5.5263e+06,-6.3534e+06,-8.2714e+05,20,0.1316,-0.1513,-0.019698,-41357
Z576,Centre Commercial du Mont des Bruyères – Saint-Amand-les-Eaux,commercial_zone,FR,FRE11,independent,1.1924e+07,1.4439e+06,-1.7226e+06,-2.7863e+05,6,0.12109,-0.14446,-0.023367,-46439
Z579,Shopping Froyennes – Froyennes,commercial_zone,BE,BE328,chain,1.3269e+08,4.4192e+07,-3.3038e+07,1.1154e+07,26,0.33305,-0.24899,0.084061,4.29e+05
Z579,Shopping Froyennes – Froyennes,commercial_zone,BE,BE328,independent,9.1869e+07,3.1908e+07,-2.2674e+07,9.2336e+06,37,0.34732,-0.24681,0.10051,2.4956e+05
Z58,Fachmarktzentrum Mietersheim – Mietersheim,commercial_zone,DE,DE134,chain,6.4856e+07,3.4053e+06,-5.8531e+06,-2.4478e+06,12,0.052506,-0.090248,-0.037742,-2.0398e+05
Z58,Fachmarktzentrum Mietersheim – Mietersheim,commercial_zone,DE,DE134,independent,1.3563e+07,8.5517e+05,-1.4414e+06,-5.8621e+05,6,0.06305,-0.10627,-0.04322,-97701
Z580,Zone Commerciale du 8 Mai – Béthencourt,commercial_zone,FR,FRE11,chain,3.8263e+07,2.5748e+05,-1.4306e+06,-1.1731e+06,13,0.0067293,-0.037389,-0.03066,-90242
Z580,Zone Commerciale du 8 Mai – Béthencourt,commercial_zone,FR,FRE11,independent,2.2305e+06,57731,-2.4982e+05,-1.9209e+05,3,0.025883,-0.112,-0.086122,-64031
Z583,Zone commerciale Sainte-Croix,commercial_zone,BE,BE251,chain,6.9422e+06,4.0069e+05,-8.0705e+05,-4.0636e+05,7,0.057718,-0.11625,-0.058535,-58052
Z583,Zone commerciale Sainte-Croix,commercial_zone,BE,BE251,independent,3.1962e+06,1.3778e+05,-3.0653e+05,-1.6874e+05,4,0.043109,-0.095905,-0.052795,-42186
Z586,Zone commerciale Caudry,commercial_zone,FR,FRE11,chain,9.1429e+06,36335,-2.4746e+05,-2.1112e+05,4,0.0039742,-0.027066,-0.023092,-52781
Z586,Zone commerciale Caudry,commercial_zone,FR,FRE11,independent,4.9045e+06,8368.9,-84712,-76343,3,0.0017064,-0.017272,-0.015566,-25448
Z587,Mains & Sabots – Évregnies,commercial_zone,BE,BE328,chain,4.7372e+07,1.4487e+07,-1.2815e+07,1.6716e+06,7,0.30581,-0.27052,0.035286,2.388e+05
Z587,Mains & Sabots – Évregnies,commercial_zone,BE,BE328,independent,2.0427e+07,6.5362e+06,-5.1244e+06,1.4118e+06,16,0.31998,-0.25087,0.069114,88235
Z588,Zone commerciale Marktplein,commercial_zone,BE,BE254,chain,2.8695e+07,1.9005e+06,-5.0519e+06,-3.1514e+06,2,0.066232,-0.17606,-0.10983,-1.5757e+06
Z588,Zone commerciale Marktplein,commercial_zone,BE,BE254,independent,2.7375e+06,4.5256e+05,-6.2835e+05,-1.7579e+05,3,0.16532,-0.22954,-0.064216,-58596
Z589,Zone commerciale Saint-Pierre,commercial_zone,BE,BE251,chain,3.2286e+07,2.0304e+06,-3.935e+06,-1.9046e+06,15,0.062888,-0.12188,-0.058993,-1.2698e+05
Z589,Zone commerciale Saint-Pierre,commercial_zone,BE,BE251,independent,3.108e+06,2.4607e+05,-4.469e+05,-2.0082e+05,4,0.079173,-0.14379,-0.064615,-50206
Z590,Ring Shopping – Cuerne,commercial_zone,BE,BE254,chain,1.1105e+08,1.6813e+07,-2.5901e+07,-9.0877e+06,24,0.1514,-0.23324,-0.081836,-3.7865e+05
Z590,Ring Shopping – Cuerne,commercial_zone,BE,BE254,independent,7.3734e+07,1.2193e+07,-1.7398e+07,-5.2042e+06,19,0.16537,-0.23595,-0.07058,-2.739e+05
Z591,B-Park – Saint-Pierre,commercial_zone,BE,BE251,chain,7.8938e+06,5.3469e+05,-1.0314e+06,-4.9671e+05,8,0.067735,-0.13066,-0.062924,-62089
Z591,B-Park – Saint-Pierre,commercial_zone,BE,BE251,independent,1.6675e+06,1.7708e+05,-3.069e+05,-1.2982e+05,3,0.10619,-0.18404,-0.077849,-43272
Z594,Centre Commercial Les Dauphins – Luingne,commercial_zone,BE,BE254,chain,7.2446e+07,2.1308e+07,-2.1211e+07,97456,17,0.29413,-0.29278,0.0013452,5732.7
Z594,Centre Commercial Les Dauphins – Luingne,commercial_zone,BE,BE254,independent,6.4267e+06,2.0975e+06,-1.6457e+06,4.5179e+05,5,0.32637,-0.25607,0.070299,90359
Z595,Zone commerciale Somain,commercial_zone,FR,FRE11,chain,3.3977e+07,1.3084e+06,-2.3349e+06,-1.0265e+06,7,0.038509,-0.06872,-0.030212,-1.4664e+05
Z595,Zone commerciale Somain,commercial_zone,FR,FRE11,independent,0,0,0,0,0,,,,
Z596,Frunpark – Iseghem,commercial_zone,BE,BE256,chain,8.3137e+07,8.6147e+06,-1.6489e+07,-7.8747e+06,14,0.10362,-0.19834,-0.09472,-5.6248e+05
Z596,Frunpark – Iseghem,commercial_zone,BE,BE256,independent,2.6036e+06,4.2832e+05,-5.9766e+05,-1.6934e+05,2,0.16451,-0.22955,-0.06504,-84668
Z597,Zone commerciale Wevelgem,commercial_zone,BE,BE254,chain,5.5391e+07,9.7118e+06,-1.3948e+07,-4.236e+06,14,0.17533,-0.25181,-0.076475,-3.0257e+05
Z597,Zone commerciale Wevelgem,commercial_zone,BE,BE254,independent,2.0566e+07,4.1778e+06,-5.1539e+06,-9.761e+05,10,0.20314,-0.25061,-0.047462,-97610
Z599,Zone commerciale Orchies,commercial_zone,FR,FRE11,chain,9.0276e+07,8.6018e+06,-7.8913e+06,7.1047e+05,16,0.095283,-0.087413,0.0078699,44404
Z599,Zone commerciale Orchies,commercial_zone,FR,FRE11,independent,4.5378e+07,6.0872e+06,-5.6348e+06,4.524e+05,11,0.13414,-0.12417,0.0099695,41127
Z6,Zone commerciale Rinklingen,commercial_zone,DE,DE123,chain,7.9543e+06,27775,-72524,-44749,4,0.0034918,-0.0091176,-0.0056258,-11187
Z6,Zone commerciale Rinklingen,commercial_zone,DE,DE123,independent,5.3432e+06,14651,-30621,-15970,4,0.002742,-0.0057309,-0.0029889,-3992.6
Z601,Centre Commercial Auchan Cambrai – Escaudœuvres,commercial_zone,FR,FRE11,chain,2.0156e+07,7.0586e+05,-1.3882e+06,-6.8237e+05,11,0.035019,-0.068873,-0.033854,-62034
Z601,Centre Commercial Auchan Cambrai – Escaudœuvres,commercial_zone,FR,FRE11,independent,2.1298e+07,1.0975e+06,-2.0164e+06,-9.1888e+05,7,0.051529,-0.094673,-0.043144,-1.3127e+05
Z604,Zone commerciale Le Salicamp – Saint-Quentin,commercial_zone,FR,FRE21,chain,2.2495e+06,13579,-79350,-65771,5,0.0060367,-0.035275,-0.029239,-13154
Z604,Zone commerciale Le Salicamp – Saint-Quentin,commercial_zone,FR,FRE21,independent,2.0358e+06,6917.8,-42642,-35724,4,0.003398,-0.020946,-0.017548,-8931
Z605,Zone commerciale Beveren,commercial_zone,BE,BE256,chain,1.2349e+08,1.0479e+07,-2.1716e+07,-1.1238e+07,35,0.084853,-0.17585,-0.090999,-3.2107e+05
Z605,Zone commerciale Beveren,commercial_zone,BE,BE256,independent,8.9814e+07,9.572e+06,-1.7444e+07,-7.8717e+06,38,0.10658,-0.19422,-0.087645,-2.0715e+05
Z606,Zone commerciale Les Sentiers – Gauchy,commercial_zone,FR,FRE21,chain,2.0694e+06,11686,-83835,-72149,7,0.0056472,-0.040513,-0.034866,-10307
Z606,Zone commerciale Les Sentiers – Gauchy,commercial_zone,FR,FRE21,independent,6.1756e+05,3097.4,-22307,-19209,3,0.0050155,-0.036121,-0.031105,-6403.1
Z608,Zone commerciale Halluin,commercial_zone,FR,FRE11,chain,2.7303e+07,1.9843e+07,-3.3961e+06,1.6447e+07,8,0.72677,-0.12438,0.60239,2.0559e+06
Z608,Zone commerciale Halluin,commercial_zone,FR,FRE11,independent,2.301e+06,1.7013e+06,-2.7592e+05,1.4254e+06,1,0.73939,-0.11991,0.61947,1.4254e+06
Z609,Zone commerciale Anstaing,commercial_zone,FR,FRE11,chain,4.1643e+07,5.6838e+06,-3.3367e+06,2.3471e+06,4,0.13649,-0.080128,0.056362,5.8677e+05
Z609,Zone commerciale Anstaing,commercial_zone,FR,FRE11,independent,1.6657e+07,2.2735e+06,-1.3347e+06,9.3883e+05,4,0.13649,-0.080128,0.056362,2.3471e+05
Z61,Local annexe Burger King – Schweighouse-sur-Moder,commercial_zone,FR,FRF11,chain,1.1444e+08,6.2867e+06,-1.3483e+07,-7.196e+06,36,0.054933,-0.11781,-0.062879,-1.9989e+05
Z61,Local annexe Burger King – Schweighouse-sur-Moder,commercial_zone,FR,FRF11,independent,3.3193e+07,2.8915e+06,-4.8658e+06,-1.9744e+06,19,0.087111,-0.14659,-0.059481,-1.0391e+05
Z610,Zone commerciale Masny,commercial_zone,FR,FRE11,chain,2.1342e+07,6.9161e+05,-1.3087e+06,-6.1704e+05,6,0.032406,-0.061318,-0.028912,-1.0284e+05
Z610,Zone commerciale Masny,commercial_zone,FR,FRE11,independent,5.3187e+06,2.3942e+05,-4.0973e+05,-1.7031e+05,3,0.045015,-0.077036,-0.032021,-56770
Z611,Shop'in Cambrai – Proville,commercial_zone,FR,FRE11,chain,9.0756e+07,2.9163e+06,-6.0718e+06,-3.1555e+06,49,0.032133,-0.066902,-0.034769,-64399
Z611,Shop'in Cambrai – Proville,commercial_zone,FR,FRE11,independent,6.4619e+07,2.3055e+06,-4.722e+06,-2.4165e+06,32,0.035679,-0.073074,-0.037395,-75514
Z614,Aushopping – Fayet,commercial_zone,FR,FRE21,chain,2.4468e+07,4.8421e+05,-1.7138e+06,-1.2296e+06,48,0.01979,-0.070045,-0.050255,-25617
Z614,Aushopping – Fayet,commercial_zone,FR,FRE21,independent,1.1353e+07,2.8866e+05,-1.0144e+06,-7.257e+05,13,0.025427,-0.08935,-0.063923,-55823
Z615,ZAC du Tir à loques – Mons-en-Barœul,commercial_zone,FR,FRE11,chain,4.7822e+06,7.8755e+05,-4.1106e+05,3.7648e+05,1,0.16468,-0.085957,0.078727,3.7648e+05
Z615,ZAC du Tir à loques – Mons-en-Barœul,commercial_zone,FR,FRE11,independent,9.5643e+06,1.5751e+06,-8.2212e+05,7.5297e+05,2,0.16468,-0.085957,0.078727,3.7648e+05
Z617,Zone commerciale Wasquehal,commercial_zone,FR,FRE11,chain,8.0552e+07,1.8331e+07,-1.0221e+07,8.1098e+06,28,0.22757,-0.12689,0.10068,2.8963e+05
Z617,Zone commerciale Wasquehal,commercial_zone,FR,FRE11,independent,1.0258e+07,2.8415e+06,-1.7513e+06,1.0901e+06,7,0.27699,-0.17072,0.10627,1.5573e+05
Z618,La Pilaterie – Mons-en-Barœul,commercial_zone,FR,FRE11,chain,5.4307e+07,9.3939e+06,-4.8667e+06,4.5272e+06,5,0.17298,-0.089615,0.083363,9.0544e+05
Z618,La Pilaterie – Mons-en-Barœul,commercial_zone,FR,FRE11,independent,7.8713e+06,1.5921e+06,-8.9909e+05,6.9303e+05,3,0.20227,-0.11422,0.088046,2.3101e+05
Z621,Zone commerciale Bondues,commercial_zone,FR,FRE11,chain,6.9676e+06,1.54e+06,-8.0972e+05,7.303e+05,3,0.22103,-0.11621,0.10481,2.4343e+05
Z621,Zone commerciale Bondues,commercial_zone,FR,FRE11,independent,4.523e+06,1.2524e+06,-7.587e+05,4.9372e+05,4,0.2769,-0.16774,0.10916,1.2343e+05
Z622,Parc de l'Innovation – Marcq-en-Barœul,commercial_zone,FR,FRE11,chain,6.3068e+07,1.2633e+07,-6.2386e+06,6.3948e+06,10,0.20031,-0.098918,0.1014,6.3948e+05
Z622,Parc de l'Innovation – Marcq-en-Barœul,commercial_zone,FR,FRE11,independent,4.361e+07,8.6951e+06,-4.2767e+06,4.4184e+06,8,0.19938,-0.098067,0.10132,5.523e+05
Z623,Centre commercial Aushopping Faches – Vendeville,commercial_zone,FR,FRE11,chain,1.5349e+08,2.4569e+07,-1.7031e+07,7.5378e+06,47,0.16007,-0.11096,0.04911,1.6038e+05
Z623,Centre commercial Aushopping Faches – Vendeville,commercial_zone,FR,FRE11,independent,4.3312e+07,8.9827e+06,-6.6517e+06,2.331e+06,11,0.2074,-0.15358,0.053819,2.1191e+05
Z624,Zone commerciale Ronchin,commercial_zone,FR,FRE11,chain,1.5098e+06,3.3227e+05,-2.3812e+05,94152,1,0.22007,-0.15771,0.062359,94152
Z624,Zone commerciale Ronchin,commercial_zone,FR,FRE11,independent,9.8562e+06,1.5607e+06,-1.0181e+06,5.426e+05,4,0.15835,-0.1033,0.055052,1.3565e+05
Z625,Zone commerciale Waziers,commercial_zone,FR,FRE11,chain,2.5768e+07,4.8911e+05,-9.0349e+05,-4.1437e+05,3,0.018982,-0.035063,-0.016081,-1.3812e+05
Z625,Zone commerciale Waziers,commercial_zone,FR,FRE11,independent,3.5127e+06,3.3776e+05,-4.5816e+05,-1.204e+05,3,0.096152,-0.13043,-0.034276,-40134
Z626,ZAC du Bas-Terroir – Waziers,commercial_zone,FR,FRE11,chain,8.2941e+06,4.4764e+05,-6.4793e+05,-2.0029e+05,4,0.05397,-0.078119,-0.024149,-50073
Z626,ZAC du Bas-Terroir – Waziers,commercial_zone,FR,FRE11,independent,0,0,0,0,0,,,,
Z627,Zone commerciale du Luc – Dechy,commercial_zone,FR,FRE11,chain,2.6946e+07,2.0716e+06,-3.0525e+06,-9.8094e+05,21,0.076879,-0.11328,-0.036403,-46711
Z627,Zone commerciale du Luc – Dechy,commercial_zone,FR,FRE11,independent,1.1003e+07,6.7492e+05,-1.0225e+06,-3.4755e+05,7,0.061341,-0.092929,-0.031588,-49650
Z629,Le Hameau Commercial – La Madeleine,commercial_zone,FR,FRE11,chain,2.2117e+07,3.3891e+06,-1.8492e+06,1.5399e+06,3,0.15324,-0.083609,0.069628,5.1332e+05
Z629,Le Hameau Commercial – La Madeleine,commercial_zone,FR,FRE11,independent,1.2715e+07,2.303e+06,-1.3724e+06,9.3053e+05,6,0.18112,-0.10794,0.073185,1.5509e+05
Z630,Relais Lille Périphérique – La Madeleine,commercial_zone,FR,FRE11,chain,2.0021e+07,2.5687e+06,-1.5614e+06,1.0073e+06,3,0.1283,-0.077988,0.050311,3.3576e+05
Z630,Relais Lille Périphérique – La Madeleine,commercial_zone,FR,FRE11,independent,7.9634e+05,1.7774e+05,-1.2703e+05,50710,1,0.2232,-0.15952,0.063678,50710
Z633,Zone commerciale RN43 – Férin,commercial_zone,FR,FRE11,chain,1.119e+08,1.8684e+06,-3.7302e+06,-1.8617e+06,15,0.016697,-0.033334,-0.016637,-1.2411e+05
Z633,Zone commerciale RN43 – Férin,commercial_zone,FR,FRE11,independent,2.2466e+07,8.4589e+05,-1.3878e+06,-5.419e+05,11,0.037652,-0.061773,-0.024121,-49264
Z634,La Maison Blanche – Seclin,commercial_zone,FR,FRE11,chain,9.7474e+07,1.2184e+07,-8.9005e+06,3.2836e+06,28,0.125,-0.091311,0.033687,1.1727e+05
Z634,La Maison Blanche – Seclin,commercial_zone,FR,FRE11,independent,7.7679e+07,1.4429e+07,-1.1339e+07,3.0905e+06,20,0.18575,-0.14597,0.039786,1.5453e+05
Z635,Zone commerciale Waziers,commercial_zone,FR,FRE11,chain,2.3175e+07,5.7198e+05,-9.8577e+05,-4.1379e+05,4,0.024681,-0.042536,-0.017855,-1.0345e+05
Z635,Zone commerciale Waziers,commercial_zone,FR,FRE11,independent,1.1665e+06,1.0763e+05,-1.4961e+05,-41989,1,0.092266,-0.12826,-0.035997,-41989
Z636,Centre Commercial Douai Flers – Lauwin-Planque,commercial_zone,FR,FRE11,chain,3.9157e+07,1.8371e+06,-2.5175e+06,-6.8038e+05,12,0.046916,-0.064291,-0.017376,-56698
Z636,Centre Commercial Douai Flers – Lauwin-Planque,commercial_zone,FR,FRE11,independent,5.0133e+07,2.8897e+06,-3.8885e+06,-9.9883e+05,7,0.057641,-0.077564,-0.019924,-1.4269e+05
Z637,Zone commerciale Lambersart,commercial_zone,FR,FRE11,chain,4.1202e+07,4.3443e+06,-2.7539e+06,1.5904e+06,4,0.10544,-0.066838,0.038601,3.9761e+05
Z637,Zone commerciale Lambersart,commercial_zone,FR,FRE11,independent,2.6847e+07,3.6351e+06,-2.5247e+06,1.1104e+06,11,0.1354,-0.094039,0.041358,1.0094e+05
Z639,Zone commerciale de Baralle – Baralle,commercial_zone,FR,FRE12,chain,6.3142e+06,1.0464e+05,-2.2397e+05,-1.1933e+05,3,0.016572,-0.035471,-0.018899,-39778
Z639,Zone commerciale de Baralle – Baralle,commercial_zone,FR,FRE12,independent,4.501e+05,30491,-53466,-22975,1,0.067742,-0.11879,-0.051044,-22975
Z64,Zone commerciale Herbolzheim,commercial_zone,DE,DE133,chain,2.0628e+07,1.2056e+06,-1.305e+06,-99347,4,0.058445,-0.063261,-0.0048161,-24837
Z64,Zone commerciale Herbolzheim,commercial_zone,DE,DE133,independent,5.8224e+06,4.422e+05,-5.1258e+05,-70375,4,0.075948,-0.088035,-0.012087,-17594
Z642,Zone commerciale Ostende,commercial_zone,BE,BE255,chain,1.2967e+08,7.4395e+06,-1.1838e+07,-4.3987e+06,45,0.057371,-0.091293,-0.033922,-97750
Z642,Zone commerciale Ostende,commercial_zone,BE,BE255,independent,4.6964e+07,2.7762e+06,-4.4239e+06,-1.6477e+06,24,0.059115,-0.094199,-0.035085,-68654
Z643,Centre commercial Aushopping Englos Les Géants – Capinghem,commercial_zone,FR,FRE11,chain,2.5667e+08,3.9042e+07,-2.5914e+07,1.3128e+07,77,0.15211,-0.10096,0.051147,1.7049e+05
Z643,Centre commercial Aushopping Englos Les Géants – Capinghem,commercial_zone,FR,FRE11,independent,1.8632e+08,3.1232e+07,-2.1557e+07,9.6746e+06,35,0.16763,-0.1157,0.051926,2.7642e+05
Z644,Zone d'Activités du Tréhoul – Vitry-en-Artois,commercial_zone,FR,FRE12,chain,1.1326e+07,3.4045e+05,-5.1663e+05,-1.7618e+05,4,0.03006,-0.045616,-0.015556,-44045
Z644,Zone d'Activités du Tréhoul – Vitry-en-Artois,commercial_zone,FR,FRE12,independent,7.9998e+05,65714,-93176,-27463,1,0.082145,-0.11647,-0.034329,-27463
Z645,Parc d'Activités du Quiéry – Noyelles-Godault,commercial_zone,FR,FRE11,chain,1.0933e+06,1.1672e+05,-1.3559e+05,-18867,1,0.10676,-0.12401,-0.017257,-18867
Z645,Parc d'Activités du Quiéry – Noyelles-Godault,commercial_zone,FR,FRE11,independent,2.5852e+07,1.165e+06,-1.354e+06,-1.8901e+05,5,0.045064,-0.052375,-0.0073113,-37802
Z646,Centre Commercial Aushopping Noyelles-Godault – Noyelles-Godault,commercial_zone,FR,FRE11,chain,3.1395e+08,1.9954e+07,-2.3439e+07,-3.4845e+06,105,0.063558,-0.074657,-0.011099,-33186
Z646,Centre Commercial Aushopping Noyelles-Godault – Noyelles-Godault,commercial_zone,FR,FRE11,independent,1.8296e+08,9.2111e+06,-1.0832e+07,-1.6204e+06,46,0.050346,-0.059203,-0.0088569,-35227
Z647,Zone commerciale Carvin,commercial_zone,FR,FRE12,chain,3.8366e+07,1.8308e+06,-1.6649e+06,1.6595e+05,4,0.04772,-0.043394,0.0043255,41488
Z647,Zone commerciale Carvin,commercial_zone,FR,FRE12,independent,9.4204e+06,5.251e+05,-4.8571e+05,39385,3,0.05574,-0.05156,0.0041808,13128
Z648,Centre Commercial Maison+ – Beaumont,commercial_zone,FR,FRE11,chain,3.6998e+07,2.0359e+06,-2.4012e+06,-3.6527e+05,12,0.055027,-0.064899,-0.0098727,-30439
Z648,Centre Commercial Maison+ – Beaumont,commercial_zone,FR,FRE11,independent,4.0939e+06,4.2742e+05,-5.0244e+05,-75018,3,0.1044,-0.12273,-0.018324,-25006
Z649,Sea Shopping Center Middelkerke – Wilskerke,commercial_zone,BE,BE255,chain,4.2522e+07,1.852e+06,-2.6806e+06,-8.2863e+05,12,0.043552,-0.063039,-0.019487,-69053
Z649,Sea Shopping Center Middelkerke – Wilskerke,commercial_zone,BE,BE255,independent,6.5292e+06,5.6733e+05,-8.8756e+05,-3.2023e+05,8,0.08689,-0.13594,-0.049046,-40029
Z65,Zone commerciale Egerkingen,commercial_zone,CH,CH023,chain,9.399e+07,2.4375e+06,-9.3407e+06,-6.9031e+06,21,0.025934,-0.099379,-0.073445,-3.2872e+05
Z65,Zone commerciale Egerkingen,commercial_zone,CH,CH023,independent,1.7298e+07,6.3323e+05,-2.0168e+06,-1.3835e+06,8,0.036607,-0.11659,-0.079983,-1.7294e+05
Z650,Zone commerciale Annœullin,commercial_zone,FR,FRE11,chain,2.7656e+06,1.5601e+05,-1.6343e+05,-7421.3,2,0.056411,-0.059094,-0.0026835,-3710.7
Z650,Zone commerciale Annœullin,commercial_zone,FR,FRE11,independent,1.3992e+07,1.317e+06,-1.3806e+06,-63629,4,0.094125,-0.098672,-0.0045474,-15907
Z651,Centre commercial du Carembault – Carvin,commercial_zone,FR,FRE11,chain,2.2988e+07,1.1587e+06,-1.2121e+06,-53446,6,0.050405,-0.05273,-0.002325,-8907.7
Z651,Centre commercial du Carembault – Carvin,commercial_zone,FR,FRE11,independent,1.1286e+06,1.3437e+05,-1.3952e+05,-5154.6,1,0.11906,-0.12363,-0.0045674,-5154.6
Z652,Centre commercial Carrefour Courrières – Courrières,commercial_zone,FR,FRE12,chain,2.7909e+07,8.127e+05,-1.0537e+06,-2.4102e+05,5,0.02912,-0.037756,-0.0086361,-48204
Z652,Centre commercial Carrefour Courrières – Courrières,commercial_zone,FR,FRE12,independent,6.5946e+06,3.2501e+05,-4.0933e+05,-84315,3,0.049285,-0.06207,-0.012786,-28105
Z654,Zone commerciale Erquinghem-Lys,commercial_zone,FR,FRE11,chain,1.7623e+07,2.4953e+06,-1.1196e+06,1.3757e+06,4,0.1416,-0.063534,0.078064,3.4392e+05
Z654,Zone commerciale Erquinghem-Lys,commercial_zone,FR,FRE11,independent,3.8947e+06,5.7171e+05,-2.7553e+05,2.9618e+05,2,0.14679,-0.070744,0.076046,1.4809e+05
Z655,Zone commerciale Loison-sous-Lens,commercial_zone,FR,FRE12,chain,4.1661e+07,7.4825e+05,-1.0947e+06,-3.465e+05,5,0.01796,-0.026278,-0.0083172,-69300
Z655,Zone commerciale Loison-sous-Lens,commercial_zone,FR,FRE12,independent,4.0645e+06,66404,-98295,-31891,1,0.016337,-0.024183,-0.0078461,-31891
Z656,Zone commerciale Péronne,commercial_zone,FR,FRE23,chain,5.9483e+06,1.4493e+05,-4.1545e+05,-2.7052e+05,21,0.024365,-0.069843,-0.045479,-12882
Z656,Zone commerciale Péronne,commercial_zone,FR,FRE23,independent,8.8196e+05,30292,-85813,-55521,4,0.034346,-0.097298,-0.062952,-13880
Z658,Carrefour Lens 2 – Loos-en-Gohelle,commercial_zone,FR,FRE12,chain,1.2239e+08,4.1812e+06,-6.172e+06,-1.9909e+06,35,0.034161,-0.050427,-0.016266,-56882
Z658,Carrefour Lens 2 – Loos-en-Gohelle,commercial_zone,FR,FRE12,independent,5.6361e+07,4.1919e+06,-5.9982e+06,-1.8064e+06,12,0.074376,-0.10643,-0.03205,-1.5053e+05
Z66,Illkirch Baggersee – Ostwald,commercial_zone,FR,FRF11,chain,4.111e+07,3.7615e+06,-4.0384e+06,-2.7691e+05,8,0.091496,-0.098232,-0.0067357,-34614
Z66,Illkirch Baggersee – Ostwald,commercial_zone,FR,FRF11,independent,1.5688e+07,3.4105e+06,-2.4725e+06,9.3794e+05,2,0.2174,-0.15761,0.059789,4.6897e+05
Z660,Centre Commercial Carrefour Auchy-Les-Mines – Auchy-les-Mines,commercial_zone,FR,FRE11,chain,8.1233e+07,2.6984e+06,-3.0506e+06,-3.522e+05,17,0.033218,-0.037554,-0.0043356,-20717
Z660,Centre Commercial Carrefour Auchy-Les-Mines – Auchy-les-Mines,commercial_zone,FR,FRE11,independent,4.5753e+07,2.4352e+06,-2.7868e+06,-3.5162e+05,10,0.053225,-0.06091,-0.0076851,-35162
Z661,Zone commerciale Loos-en-Gohelle,commercial_zone,FR,FRE12,chain,3.0163e+07,3.4184e+05,-5.9217e+05,-2.5033e+05,2,0.011333,-0.019632,-0.0082992,-1.2516e+05
Z661,Zone commerciale Loos-en-Gohelle,commercial_zone,FR,FRE12,independent,8.4748e+06,1.4987e+05,-2.4345e+05,-93572,3,0.017685,-0.028726,-0.011041,-31191
Z662,Zone commerciale Bailleul,commercial_zone,FR,FRE11,chain,1.1392e+08,1.8328e+07,-7.6524e+06,1.0676e+07,29,0.16088,-0.067173,0.09371,3.6812e+05
Z662,Zone commerciale Bailleul,commercial_zone,FR,FRE11,independent,4.3212e+07,7.4348e+06,-3.8706e+06,3.5641e+06,11,0.17205,-0.089574,0.08248,3.2401e+05
Z663,Boréal Parc – Beaurains,commercial_zone,FR,FRE12,chain,8.2992e+06,3.4391e+05,-5.1882e+05,-1.7491e+05,9,0.041439,-0.062514,-0.021076,-19434
Z663,Boréal Parc – Beaurains,commercial_zone,FR,FRE12,independent,1.6292e+07,9.6103e+05,-1.4442e+06,-4.832e+05,9,0.058988,-0.088648,-0.029659,-53689
Z665,Zone commerciale La Gorgue,commercial_zone,FR,FRE11,chain,1.9523e+07,1.0572e+06,-8.0606e+05,2.511e+05,7,0.05415,-0.041288,0.012862,35872
Z665,Zone commerciale La Gorgue,commercial_zone,FR,FRE11,independent,3.5463e+06,2.1133e+05,-1.664e+05,44928,2,0.05959,-0.046921,0.012669,22464
Z666,Zone commerciale Anzin-Saint-Aubin,commercial_zone,FR,FRE12,chain,7.0031e+06,97803,-1.7121e+05,-73407,3,0.013966,-0.024448,-0.010482,-24469
Z666,Zone commerciale Anzin-Saint-Aubin,commercial_zone,FR,FRE12,independent,1.8293e+06,45234,-75715,-30481,2,0.024728,-0.041391,-0.016663,-15240
Z667,Zone commerciale Dainville,commercial_zone,FR,FRE12,chain,2.013e+07,4.5879e+05,-7.687e+05,-3.0991e+05,13,0.022791,-0.038186,-0.015395,-23839
Z667,Zone commerciale Dainville,commercial_zone,FR,FRE12,independent,6.3635e+06,3.1857e+05,-5.266e+05,-2.0803e+05,9,0.050062,-0.082753,-0.032691,-23114
Z668,Centre commercial Aushopping Arras – Anzin-Saint-Aubin,commercial_zone,FR,FRE12,chain,4.9755e+07,1.5056e+06,-2.495e+06,-9.8939e+05,34,0.030261,-0.050146,-0.019885,-29100
Z668,Centre commercial Aushopping Arras – Anzin-Saint-Aubin,commercial_zone,FR,FRE12,independent,3.5131e+07,1.6888e+06,-2.7683e+06,-1.0795e+06,11,0.048071,-0.078799,-0.030728,-98138
Z669,Parc de la Tourelle – Nœux-les-Mines,commercial_zone,FR,FRE12,chain,4.4572e+07,3.7026e+05,-7.8127e+05,-4.1101e+05,9,0.008307,-0.017528,-0.0092213,-45668
Z669,Parc de la Tourelle – Nœux-les-Mines,commercial_zone,FR,FRE12,independent,4.6958e+06,2.1943e+05,-4.0193e+05,-1.825e+05,5,0.046728,-0.085592,-0.038864,-36500
Z67,Zone industrielle de Marché Gare – Schiltigheim,commercial_zone,FR,FRF11,chain,2.6561e+07,2.1392e+06,-2.6086e+06,-4.6937e+05,4,0.080541,-0.098213,-0.017672,-1.1734e+05
Z67,Zone industrielle de Marché Gare – Schiltigheim,commercial_zone,FR,FRF11,independent,2.152e+07,1.5197e+06,-2.0013e+06,-4.8162e+05,2,0.070618,-0.092998,-0.022381,-2.4081e+05
Z671,Zone d'Activités Actipolis – Fouquières-lès-Béthune,commercial_zone,FR,FRE12,chain,4.5271e+07,6.0714e+05,-1.1681e+06,-5.6095e+05,15,0.013411,-0.025802,-0.012391,-37397
Z671,Zone d'Activités Actipolis – Fouquières-lès-Béthune,commercial_zone,FR,FRE12,independent,8.8466e+06,43933,-94228,-50295,2,0.0049661,-0.010651,-0.0056852,-25147
Z673,Zone commerciale de la Creule – Hazebrouck,commercial_zone,FR,FRE11,chain,7.8849e+07,6.791e+06,-2.8645e+06,3.9264e+06,20,0.086127,-0.03633,0.049797,1.9632e+05
Z673,Zone commerciale de la Creule – Hazebrouck,commercial_zone,FR,FRE11,independent,1.1208e+07,1.1987e+06,-7.1196e+05,4.8669e+05,8,0.10695,-0.063524,0.043425,60837
Z674,Centre Commercial Porte Nord – Hesdigneul-lès-Béthune,commercial_zone,FR,FRE12,chain,1.4538e+08,1.8183e+06,-3.963e+06,-2.1447e+06,44,0.012507,-0.027259,-0.014752,-48743
Z674,Centre Commercial Porte Nord – Hesdigneul-lès-Béthune,commercial_zone,FR,FRE12,independent,6.1765e+07,1.409e+06,-3.0036e+06,-1.5946e+06,24,0.022813,-0.04863,-0.025817,-66442
Z675,Zone commerciale Bergues,commercial_zone,FR,FRE11,chain,3.9532e+07,3.7778e+06,-2.9847e+06,7.9311e+05,12,0.095563,-0.075501,0.020062,66092
Z675,Zone commerciale Bergues,commercial_zone,FR,FRE11,independent,2.1765e+06,3.7958e+05,-2.7867e+05,1.0091e+05,3,0.1744,-0.12804,0.046364,33637
Z678,Zone commerciale Coudekerque-Branche,commercial_zone,FR,FRE11,chain,2.3558e+07,1.9784e+06,-1.903e+06,75429,5,0.083982,-0.08078,0.0032019,15086
Z678,Zone commerciale Coudekerque-Branche,commercial_zone,FR,FRE11,independent,1.4796e+07,1.4092e+06,-1.269e+06,1.4015e+05,4,0.095241,-0.085769,0.009472,35037
Z679,Zone commerciale Auchel,commercial_zone,FR,FRE12,chain,1.001e+07,20534,-56785,-36251,2,0.0020514,-0.005673,-0.0036216,-18125
Z679,Zone commerciale Auchel,commercial_zone,FR,FRE12,independent,1.6503e+06,33711,-1.0727e+05,-73558,3,0.020427,-0.064999,-0.044573,-24519
Z68,Zone commerciale Vendenheim,commercial_zone,FR,FRF11,chain,2.323e+08,2.5408e+07,-2.968e+07,-4.2718e+06,78,0.10938,-0.12777,-0.018389,-54766
Z68,Zone commerciale Vendenheim,commercial_zone,FR,FRF11,independent,1.4248e+08,1.9382e+07,-2.0147e+07,-7.6514e+05,70,0.13603,-0.1414,-0.00537,-10931
Z680,Zone d'activité commerciale de la Grande Porte – Cappelle-la-Grande,commercial_zone,FR,FRE11,chain,2.8759e+07,2.1939e+06,-2.0229e+06,1.7101e+05,6,0.076284,-0.070337,0.0059462,28501
Z680,Zone d'activité commerciale de la Grande Porte – Cappelle-la-Grande,commercial_zone,FR,FRE11,independent,8.5033e+06,8.577e+05,-7.2124e+05,1.3646e+05,6,0.10087,-0.084819,0.016048,22743
Z682,Centre Commercial « Val de Lys » – Aire-sur-la-Lys,commercial_zone,FR,FRE12,chain,4.3105e+07,5.2529e+05,-6.4701e+05,-1.2172e+05,15,0.012186,-0.01501,-0.0028238,-8114.5
Z682,Centre Commercial « Val de Lys » – Aire-sur-la-Lys,commercial_zone,FR,FRE12,independent,1.7609e+07,4.55e+05,-7.1753e+05,-2.6253e+05,6,0.025839,-0.040748,-0.014909,-43754
Z684,Zone commerciale Grande-Synthe,commercial_zone,FR,FRE11,chain,2.3894e+07,1.5607e+06,-1.7295e+06,-1.688e+05,6,0.065319,-0.072383,-0.0070647,-28134
Z684,Zone commerciale Grande-Synthe,commercial_zone,FR,FRE11,independent,1.4295e+06,2.384e+05,-1.8552e+05,52878,2,0.16677,-0.12978,0.03699,26439
Z686,Aushopping Grande-Synthe – Grande-Synthe,commercial_zone,FR,FRE11,chain,6.2325e+07,5.5579e+06,-5.1242e+06,4.3365e+05,26,0.089175,-0.082217,0.0069578,16679
Z686,Aushopping Grande-Synthe – Grande-Synthe,commercial_zone,FR,FRE11,independent,2.328e+07,2.8865e+06,-2.3724e+06,5.141e+05,6,0.12399,-0.10191,0.022083,85683
Z687,Les Portes du Ternois – Saint-Pol-sur-Ternoise,commercial_zone,FR,FRE12,chain,9.7582e+06,13782,-76566,-62784,7,0.0014123,-0.0078463,-0.0064339,-8969.1
Z687,Les Portes du Ternois – Saint-Pol-sur-Ternoise,commercial_zone,FR,FRE12,independent,0,0,0,0,0,,,,
Z688,Zone commerciale Arques,commercial_zone,FR,FRE12,chain,2.5935e+07,2.5507e+05,-3.1892e+05,-63849,5,0.0098348,-0.012297,-0.0024619,-12770
Z688,Zone commerciale Arques,commercial_zone,FR,FRE12,independent,3.2268e+06,46259,-59406,-13147,2,0.014336,-0.01841,-0.0040742,-6573.3
Z689,Centre Commercial Rives de l'Aa – Arques,commercial_zone,FR,FRE12,chain,1.0539e+08,2.447e+06,-3.3736e+06,-9.2652e+05,53,0.023219,-0.03201,-0.0087912,-17481
Z689,Centre Commercial Rives de l'Aa – Arques,commercial_zone,FR,FRE12,independent,1.7275e+07,8.6332e+05,-1.1867e+06,-3.2339e+05,7,0.049976,-0.068696,-0.01872,-46199
Z69,Zone commerciale Souffelweyersheim,commercial_zone,FR,FRF11,chain,3.0779e+07,2.8118e+06,-3.3711e+06,-5.5924e+05,8,0.091356,-0.10953,-0.01817,-69905
Z69,Zone commerciale Souffelweyersheim,commercial_zone,FR,FRF11,independent,1.3791e+07,2.0756e+06,-1.9283e+06,1.4731e+05,10,0.1505,-0.13982,0.010682,14731
Z690,Parc du Moulin – Herlin-le-Sec,commercial_zone,FR,FRE12,chain,3.2007e+06,5075.4,-60028,-54953,6,0.0015857,-0.018755,-0.017169,-9158.8
Z690,Parc du Moulin – Herlin-le-Sec,commercial_zone,FR,FRE12,independent,6.0338e+05,1211.7,-14513,-13301,2,0.0020081,-0.024052,-0.022044,-6650.5
Z692,Zone d’Activités du Fond Squin – Saint-Martin-au-Laërt,commercial_zone,FR,FRE12,chain,4.6229e+07,4.0384e+05,-7.0415e+05,-3.0031e+05,8,0.0087357,-0.015232,-0.0064962,-37539
Z692,Zone d’Activités du Fond Squin – Saint-Martin-au-Laërt,commercial_zone,FR,FRE12,independent,1.9394e+07,2.3272e+05,-3.8294e+05,-1.5022e+05,6,0.012,-0.019745,-0.0077456,-25036
Z693,Zone commerciale Hesdin,commercial_zone,FR,FRE12,chain,1.3263e+06,0,-28761,-28761,12,0,-0.021686,-0.021686,-2396.7
Z693,Zone commerciale Hesdin,commercial_zone,FR,FRE12,independent,3.8047e+05,0,-13504,-13504,5,0,-0.035493,-0.035493,-2700.8
Z695,Curie Lavage – Calais,commercial_zone,FR,FRE12,chain,5.8626e+06,2.0125e+05,-2.6752e+05,-66276,6,0.034327,-0.045632,-0.011305,-11046
Z695,Curie Lavage – Calais,commercial_zone,FR,FRE12,independent,3.6889e+06,73483,-1.2277e+05,-49289,4,0.01992,-0.033281,-0.013361,-12322
Z696,ZAC du Chemin Vert – Calais,commercial_zone,FR,FRE12,chain,3.5353e+06,1.8383e+05,-2.1548e+05,-31649,7,0.051998,-0.06095,-0.0089522,-4521.3
Z696,ZAC du Chemin Vert – Calais,commercial_zone,FR,FRE12,independent,1.2729e+06,48950,-62741,-13791,2,0.038455,-0.04929,-0.010834,-6895.4
Z697,Zone commerciale Calais,commercial_zone,FR,FRE12,chain,5.9357e+06,3.1444e+05,-3.6572e+05,-51277,11,0.052974,-0.061613,-0.0086388,-4661.6
Z697,Zone commerciale Calais,commercial_zone,FR,FRE12,independent,0,0,0,0,0,,,,
Z698,Zone commerciale La Tourre – Saint-Laurent-de-la-Salanque,commercial_zone,FR,FRJ15,chain,2.4605e+07,67213,-3.0749e+05,-2.4028e+05,7,0.0027316,-0.012497,-0.0097651,-34325
Z698,Zone commerciale La Tourre – Saint-Laurent-de-la-Salanque,commercial_zone,FR,FRJ15,independent,9.1432e+05,19548,-58681,-39133,2,0.02138,-0.064181,-0.042801,-19567
Z699,Centre commercial Alizés – Canet-en-Roussillon,commercial_zone,FR,FRJ15,chain,3.1354e+07,1.4882e+05,-5.9512e+05,-4.4629e+05,9,0.0047466,-0.018981,-0.014234,-49588
Z699,Centre commercial Alizés – Canet-en-Roussillon,commercial_zone,FR,FRJ15,independent,8.5319e+06,62235,-2.2228e+05,-1.6005e+05,6,0.0072944,-0.026053,-0.018759,-26674
Z701,Zone commerciale Coquelles,commercial_zone,FR,FRE12,chain,1.1687e+07,4.3269e+05,-5.6734e+05,-1.3465e+05,14,0.037023,-0.048544,-0.011521,-9618
Z701,Zone commerciale Coquelles,commercial_zone,FR,FRE12,independent,7.0132e+06,2.9015e+05,-3.6721e+05,-77062,10,0.041372,-0.05236,-0.010988,-7706.2
Z702,Cité Europe – Coquelles,commercial_zone,FR,FRE12,chain,3.5345e+07,2.3485e+06,-2.6317e+06,-2.8317e+05,73,0.066446,-0.074458,-0.0080116,-3879.1
Z702,Cité Europe – Coquelles,commercial_zone,FR,FRE12,independent,3.9091e+07,2.7741e+06,-3.0655e+06,-2.9145e+05,55,0.070965,-0.078421,-0.0074556,-5299
Z703,Parc d'Activités La Grone – Argelès-sur-Mer,commercial_zone,FR,FRJ15,chain,4.3981e+07,5.2687e+05,-1.946e+06,-1.4191e+06,13,0.01198,-0.044246,-0.032266,-1.0916e+05
Z703,Parc d'Activités La Grone – Argelès-sur-Mer,commercial_zone,FR,FRJ15,independent,3.0883e+07,7.1101e+05,-1.9069e+06,-1.1959e+06,16,0.023023,-0.061748,-0.038725,-74746
Z705,Zone d'Activités Économiques Serralongue – Latour-Bas-Elne,commercial_zone,FR,FRJ15,chain,1.813e+07,1.3006e+05,-5.7333e+05,-4.4327e+05,6,0.0071738,-0.031623,-0.02445,-73878
Z705,Zone d'Activités Économiques Serralongue – Latour-Bas-Elne,commercial_zone,FR,FRJ15,independent,1.2736e+07,1.4863e+05,-5.3183e+05,-3.832e+05,11,0.01167,-0.041758,-0.030088,-34836
Z706,Carré d'Or – Cabestany,commercial_zone,FR,FRJ15,chain,4.8752e+07,5.0886e+05,-1.6087e+06,-1.0998e+06,25,0.010438,-0.032997,-0.022559,-43992
Z706,Carré d'Or – Cabestany,commercial_zone,FR,FRJ15,independent,3.9869e+07,8.1275e+05,-2.3489e+06,-1.5362e+06,28,0.020386,-0.058916,-0.03853,-54863
Z708,Centre Commercial Salanca – Pia,commercial_zone,FR,FRJ15,chain,1.12e+08,1.7712e+06,-4.4008e+06,-2.6296e+06,72,0.015814,-0.039292,-0.023477,-36522
Z708,Centre Commercial Salanca – Pia,commercial_zone,FR,FRJ15,independent,5.3238e+07,1.2096e+06,-2.8935e+06,-1.6839e+06,27,0.022721,-0.054352,-0.03163,-62367
Z709,Centre commercial des Albères – Saint-Génis-des-Fontaines,commercial_zone,FR,FRJ15,chain,7.2853e+06,1.4991e+05,-4.5265e+05,-3.0274e+05,2,0.020577,-0.062132,-0.041555,-1.5137e+05
Z709,Centre commercial des Albères – Saint-Génis-des-Fontaines,commercial_zone,FR,FRJ15,independent,1.2174e+07,3.0951e+05,-8.1214e+05,-5.0263e+05,7,0.025424,-0.066711,-0.041287,-71804
Z710,Zone Commerciale du Mas Guérido – Cabestany,commercial_zone,FR,FRJ15,chain,1.0991e+08,8.0005e+05,-2.7691e+06,-1.969e+06,33,0.0072791,-0.025194,-0.017915,-59667
Z710,Zone Commerciale du Mas Guérido – Cabestany,commercial_zone,FR,FRJ15,independent,1.2225e+08,1.9655e+06,-5.8146e+06,-3.8491e+06,62,0.016077,-0.047562,-0.031485,-62082
Z711,Zone Commerciale du Mas Balande – Cabestany,commercial_zone,FR,FRJ15,chain,2.7652e+06,79315,-1.9821e+05,-1.189e+05,3,0.028683,-0.071682,-0.042999,-39633
Z711,Zone Commerciale du Mas Balande – Cabestany,commercial_zone,FR,FRJ15,independent,7.3738e+05,21151,-52857,-31707,1,0.028683,-0.071682,-0.042999,-31707
Z712,Porte d'Espagne – Perpignan,commercial_zone,FR,FRJ15,chain,2.1399e+08,3.2023e+06,-7.7176e+06,-4.5153e+06,73,0.014965,-0.036066,-0.021101,-61854
Z712,Porte d'Espagne – Perpignan,commercial_zone,FR,FRJ15,independent,8.6345e+07,1.9614e+06,-4.407e+06,-2.4457e+06,37,0.022716,-0.05104,-0.028324,-66099
Z714,Zone commerciale Perpignan,commercial_zone,FR,FRJ15,chain,1.4803e+07,1.2276e+05,-3.3253e+05,-2.0977e+05,5,0.0082928,-0.022464,-0.014171,-41954
Z714,Zone commerciale Perpignan,commercial_zone,FR,FRJ15,independent,2.2439e+06,13235,-39788,-26553,1,0.005898,-0.017731,-0.011833,-26553
Z715,Centre Commercial Frunshopping Carpe diem – Pollestres,commercial_zone,FR,FRJ15,chain,3.4978e+07,2.6012e+05,-8.7615e+05,-6.1603e+05,10,0.0074367,-0.025049,-0.017612,-61603
Z715,Centre Commercial Frunshopping Carpe diem – Pollestres,commercial_zone,FR,FRJ15,independent,1.4127e+07,1.617e+05,-4.741e+05,-3.124e+05,10,0.011446,-0.03356,-0.022114,-31240
Z716,Zone commerciale de l'Inquétrie – La Capelle-lès-Boulogne,commercial_zone,FR,FRE12,chain,7.2496e+06,2.4845e+05,-4.6395e+05,-2.1551e+05,33,0.03427,-0.063997,-0.029726,-6530.5
Z716,Zone commerciale de l'Inquétrie – La Capelle-lès-Boulogne,commercial_zone,FR,FRE12,independent,7.6798e+05,18994,-36890,-17896,4,0.024732,-0.048036,-0.023303,-4474.1
Z717,Mas Gaffard – Canohès,commercial_zone,FR,FRJ15,chain,1.0703e+07,1.117e+05,-2.6373e+05,-1.5203e+05,2,0.010436,-0.024641,-0.014205,-76015
Z717,Mas Gaffard – Canohès,commercial_zone,FR,FRJ15,independent,1.6511e+07,4.8788e+05,-9.4813e+05,-4.6025e+05,5,0.029549,-0.057424,-0.027875,-92049
Z718,Zone commerciale la Jonquera,commercial_zone,ES,ES512,chain,2.2854e+05,2.3323e+05,-24407,2.0882e+05,1,1.0205,-0.1068,0.91373,2.0882e+05
Z718,Zone commerciale la Jonquera,commercial_zone,ES,ES512,independent,5.4678e+06,5.2619e+06,-5.6402e+05,4.6979e+06,4,0.96236,-0.10315,0.8592,1.1745e+06
Z719,Les commerces du Mas Jean – Villeneuve-la-Rivière,commercial_zone,FR,FRJ15,chain,9.1809e+06,45562,-1.5235e+05,-1.0678e+05,2,0.0049627,-0.016594,-0.011631,-53392
Z719,Les commerces du Mas Jean – Villeneuve-la-Rivière,commercial_zone,FR,FRJ15,independent,1.5819e+07,1.0574e+05,-3.2113e+05,-2.1539e+05,10,0.0066845,-0.0203,-0.013616,-21539
Z72,Centre Commercial – Eckbolsheim,commercial_zone,FR,FRF11,chain,1.5114e+08,1.4118e+07,-1.5733e+07,-1.6151e+06,33,0.093409,-0.1041,-0.010686,-48943
Z72,Centre Commercial – Eckbolsheim,commercial_zone,FR,FRF11,independent,4.1331e+07,6.22e+06,-5.5335e+06,6.8647e+05,9,0.15049,-0.13389,0.016609,76274
Z721,Domaine des Aspres – Thuir,commercial_zone,FR,FRJ15,chain,1.1254e+07,91420,-2.8519e+05,-1.9377e+05,6,0.0081233,-0.025341,-0.017218,-32295
Z721,Domaine des Aspres – Thuir,commercial_zone,FR,FRJ15,independent,1.1306e+06,32670,-79999,-47329,2,0.028896,-0.070759,-0.041862,-23665
Z722,Zone d'Activité Tech Oulrich – Céret,commercial_zone,FR,FRJ15,chain,6.8121e+06,2.5113e+05,-5.6475e+05,-3.1362e+05,3,0.036866,-0.082904,-0.046038,-1.0454e+05
Z722,Zone d'Activité Tech Oulrich – Céret,commercial_zone,FR,FRJ15,independent,1.7942e+07,6.1981e+05,-1.4604e+06,-8.406e+05,9,0.034544,-0.081394,-0.04685,-93400
Z723,Meroil Salt 2 – Salt,commercial_zone,ES,ES512,chain,1.3519e+07,1.4103e+06,-5.2605e+05,8.8425e+05,46,0.10432,-0.038912,0.065408,19223
Z723,Meroil Salt 2 – Salt,commercial_zone,ES,ES512,independent,1.6861e+07,1.7501e+06,-6.5247e+05,1.0977e+06,44,0.1038,-0.038697,0.065102,24947
Z724,Zone Artisanale Camp Llarg – Ille-sur-Têt,commercial_zone,FR,FRJ15,chain,1.2558e+07,28959,-1.7669e+05,-1.4773e+05,3,0.002306,-0.01407,-0.011764,-49244
Z724,Zone Artisanale Camp Llarg – Ille-sur-Têt,commercial_zone,FR,FRJ15,independent,4.0041e+06,23336,-1.0359e+05,-80258,4,0.0058279,-0.025872,-0.020044,-20065
Z725,Centre Commercial Gibraltar – Catllar,commercial_zone,FR,FRJ15,chain,2.166e+07,1.0383e+05,-9.0841e+05,-8.0458e+05,11,0.0047936,-0.04194,-0.037146,-73144
Z725,Centre Commercial Gibraltar – Catllar,commercial_zone,FR,FRJ15,independent,1.0539e+07,2.3515e+05,-1.0942e+06,-8.5901e+05,5,0.022313,-0.10382,-0.081509,-1.718e+05
Z726,Zone d'activités industrielles et commerciales Occitanie – Pieusse,commercial_zone,FR,FRJ11,chain,8.0458e+05,0,-6995.9,-6995.9,12,0,-0.0086952,-0.0086952,-582.99
Z726,Zone d'activités industrielles et commerciales Occitanie – Pieusse,commercial_zone,FR,FRJ11,independent,3.1759e+05,0,-2695.9,-2695.9,6,0,-0.0084887,-0.0084887,-449.32
Z727,ZA de Pastabrac – Montazels,commercial_zone,FR,FRJ11,chain,7.5367e+05,0,-18244,-18244,1,0,-0.024207,-0.024207,-18244
Z727,ZA de Pastabrac – Montazels,commercial_zone,FR,FRJ11,independent,1.6464e+06,0,-40514,-40514,7,0,-0.024608,-0.024608,-5787.8
Z729,Centre commercial Super U – Égat,commercial_zone,FR,FRJ15,chain,3.2796e+07,9.2015e+05,-2.0595e+07,-1.9674e+07,3,0.028057,-0.62796,-0.59991,-6.5582e+06
Z729,Centre commercial Super U – Égat,commercial_zone,FR,FRJ15,independent,3.1991e+07,3.4641e+06,-1.6712e+07,-1.3248e+07,7,0.10828,-0.52239,-0.4141,-1.8925e+06
Z732,Zone commerciale Verniolle,commercial_zone,FR,FRJ21,chain,2.7844e+06,0,-54502,-54502,2,0,-0.019574,-0.019574,-27251
Z732,Zone commerciale Verniolle,commercial_zone,FR,FRJ21,independent,8.8536e+05,0,-18196,-18196,2,0,-0.020552,-0.020552,-9098.1
Z733,Zone commerciale La Tour-du-Crieu,commercial_zone,FR,FRJ21,chain,2.4301e+07,0,-5.0448e+05,-5.0448e+05,33,0,-0.02076,-0.02076,-15287
Z733,Zone commerciale La Tour-du-Crieu,commercial_zone,FR,FRJ21,independent,4.0562e+06,0,-87061,-87061,8,0,-0.021464,-0.021464,-10883
Z734,Zone commerciale Saint-Jean-du-Falga,commercial_zone,FR,FRJ21,chain,1.3154e+07,0,-2.7475e+05,-2.7475e+05,29,0,-0.020886,-0.020886,-9474.1
Z734,Zone commerciale Saint-Jean-du-Falga,commercial_zone,FR,FRJ21,independent,1.0551e+07,0,-2.3809e+05,-2.3809e+05,16,0,-0.022565,-0.022565,-14880
Z735,Zone d'Activités de Peysales – Ferrières-sur-Ariège,commercial_zone,FR,FRJ21,chain,3.8719e+07,10541,-9.3094e+05,-9.204e+05,10,0.00027224,-0.024043,-0.023771,-92040
Z735,Zone d'Activités de Peysales – Ferrières-sur-Ariège,commercial_zone,FR,FRJ21,independent,4.2662e+06,2830,-1.104e+05,-1.0757e+05,3,0.00066335,-0.025877,-0.025213,-35855
Z737,Parc Commercial Saint Martin de Peyrelade – Saverdun,commercial_zone,FR,FRJ21,chain,6.6967e+05,0,-9078.8,-9078.8,3,0,-0.013557,-0.013557,-3026.2
Z737,Parc Commercial Saint Martin de Peyrelade – Saverdun,commercial_zone,FR,FRJ21,independent,2.5678e+05,0,-4295.1,-4295.1,2,0,-0.016727,-0.016727,-2147.6
Z738,Zone commerciale Capens,commercial_zone,FR,FRJ23,chain,1.6868e+06,0,-2221.4,-2221.4,2,0,-0.001317,-0.001317,-1110.7
Z738,Zone commerciale Capens,commercial_zone,FR,FRJ23,independent,1.1079e+06,0,-4555.9,-4555.9,6,0,-0.0041121,-0.0041121,-759.31
Z739,Zone commerciale Carbonne,commercial_zone,FR,FRJ23,chain,2.0074e+06,122.52,-5667.1,-5544.6,6,6.1034e-05,-0.0028231,-0.0027621,-924.1
Z739,Zone commerciale Carbonne,commercial_zone,FR,FRJ23,independent,5.9805e+05,61.419,-2283.5,-2222.1,3,0.0001027,-0.0038183,-0.0037156,-740.71
Z740,Zone commerciale Carbonne,commercial_zone,FR,FRJ23,chain,2.2542e+06,74.371,-4170.8,-4096.5,3,3.2991e-05,-0.0018502,-0.0018172,-1365.5
Z740,Zone commerciale Carbonne,commercial_zone,FR,FRJ23,independent,4.4671e+05,69.128,-2044.9,-1975.8,2,0.00015475,-0.0045777,-0.0044229,-987.89
Z741,Zone commerciale Saint-Lizier,commercial_zone,FR,FRJ21,chain,3.0425e+07,0,-11765,-11765,14,0,-0.00038667,-0.00038667,-840.33
Z741,Zone commerciale Saint-Lizier,commercial_zone,FR,FRJ21,independent,2.7552e+06,0,-2018.3,-2018.3,3,0,-0.00073255,-0.00073255,-672.78
Z742,Zone commerciale Cazères,commercial_zone,FR,FRJ23,chain,5.2097e+06,4343,-32313,-27970,8,0.00083365,-0.0062025,-0.0053688,-3496.2
Z742,Zone commerciale Cazères,commercial_zone,FR,FRJ23,independent,4.7931e+06,2478.2,-25284,-22806,6,0.00051703,-0.0052751,-0.0047581,-3801
Z743,Zone commerciale de l'Epinette – Martres-Tolosane,commercial_zone,FR,FRJ23,chain,1.3874e+07,6086.6,-84219,-78132,6,0.0004387,-0.0060702,-0.0056315,-13022
Z743,Zone commerciale de l'Epinette – Martres-Tolosane,commercial_zone,FR,FRJ23,independent,3.3883e+05,1173.5,-3794.6,-2621.1,1,0.0034633,-0.011199,-0.0077357,-2621.1
Z745,ZA Europa – Estancarbon,commercial_zone,FR,FRJ23,chain,1.1499e+07,20259,-1.8592e+05,-1.6566e+05,6,0.0017617,-0.016167,-0.014406,-27610
Z745,ZA Europa – Estancarbon,commercial_zone,FR,FRJ23,independent,2.2648e+06,17079,-39969,-22890,4,0.0075411,-0.017648,-0.010107,-5722.4
Z746,ZA des Landes – Estancarbon,commercial_zone,FR,FRJ23,chain,8.9854e+07,2.9414e+05,-1.5276e+06,-1.2334e+06,45,0.0032735,-0.017001,-0.013727,-27410
Z746,ZA des Landes – Estancarbon,commercial_zone,FR,FRJ23,independent,1.504e+07,79747,-2.6191e+05,-1.8217e+05,13,0.0053023,-0.017414,-0.012112,-14013
Z747,Zone commerciale Seilhan,commercial_zone,FR,FRJ23,chain,5.5206e+07,1.8696e+05,-2.993e+06,-2.8061e+06,10,0.0033867,-0.054216,-0.050829,-2.8061e+05
Z747,Zone commerciale Seilhan,commercial_zone,FR,FRJ23,independent,1.3086e+07,1.2335e+05,-5.9868e+05,-4.7532e+05,9,0.0094266,-0.04575,-0.036324,-52814
Z748,Zone Commerciale de la Ramondia – La Barthe-de-Neste,commercial_zone,FR,FRJ26,chain,3.7452e+07,3.9491e+05,-5.0224e+05,-1.0733e+05,13,0.010544,-0.01341,-0.0028658,-8256.2
Z748,Zone Commerciale de la Ramondia – La Barthe-de-Neste,commercial_zone,FR,FRJ26,independent,1.3078e+06,30396,-25275,5121,2,0.023241,-0.019326,0.0039157,2560.5
Z749,Zone commerciale Lagrange,commercial_zone,FR,FRJ26,chain,1.4511e+07,1.4223e+05,-1.7593e+05,-33700,7,0.0098016,-0.012124,-0.0023225,-4814.3
Z749,Zone commerciale Lagrange,commercial_zone,FR,FRJ26,independent,6.0609e+05,13099,-10951,2147.9,1,0.021612,-0.018068,0.0035439,2147.9
Z75,Zone commerciale Fegersheim,commercial_zone,FR,FRF11,chain,2.59e+07,2.5371e+06,-2.4013e+06,1.358e+05,4,0.097957,-0.092714,0.005243,33949
Z75,Zone commerciale Fegersheim,commercial_zone,FR,FRF11,independent,4.6061e+06,6.8294e+05,-5.378e+05,1.4515e+05,3,0.14827,-0.11676,0.031512,48382
Z750,Zone commerciale Pouzac,commercial_zone,FR,FRJ26,chain,1.9447e+07,0,-8559.8,-8559.8,5,0,-0.00044016,-0.00044016,-1712
Z750,Zone commerciale Pouzac,commercial_zone,FR,FRJ26,independent,5.0334e+06,0,-2627.1,-2627.1,4,0,-0.00052194,-0.00052194,-656.78
Z754,Zone commerciale Bordères-sur-l'Échez,commercial_zone,FR,FRJ26,chain,3.6528e+06,86.194,-14606,-14520,3,2.3597e-05,-0.0039987,-0.0039751,-4840
Z754,Zone commerciale Bordères-sur-l'Échez,commercial_zone,FR,FRJ26,independent,6.9211e+05,42.507,-3833.8,-3791.3,2,6.1417e-05,-0.0055393,-0.0054779,-1895.7
Z755,Zone commerciale Laloubère,commercial_zone,FR,FRJ26,chain,4.962e+06,115.85,-16137,-16021,4,2.3346e-05,-0.0032521,-0.0032288,-4005.3
Z755,Zone commerciale Laloubère,commercial_zone,FR,FRJ26,independent,7.759e+06,922.31,-60554,-59632,2,0.00011887,-0.0078044,-0.0076856,-29816
Z756,Zone commerciale Bordères-sur-l'Échez,commercial_zone,FR,FRJ26,chain,4.3502e+06,145.74,-8837.3,-8691.6,6,3.3501e-05,-0.0020315,-0.001998,-1448.6
Z756,Zone commerciale Bordères-sur-l'Échez,commercial_zone,FR,FRJ26,independent,3.4865e+06,225.24,-10704,-10479,9,6.4605e-05,-0.0030703,-0.0030057,-1164.4
Z757,Zone commerciale Bordères-sur-l'Échez,commercial_zone,FR,FRJ26,chain,7.0673e+06,240.87,-14722,-14482,9,3.4082e-05,-0.0020832,-0.0020491,-1609.1
Z757,Zone commerciale Bordères-sur-l'Échez,commercial_zone,FR,FRJ26,independent,8.7236e+05,43.768,-2274.9,-2231.1,2,5.0172e-05,-0.0026077,-0.0025576,-1115.6
Z758,Méridien – Ibos,commercial_zone,FR,FRJ26,chain,2.0818e+07,0,-68705,-68705,39,0,-0.0033003,-0.0033003,-1761.7
Z758,Méridien – Ibos,commercial_zone,FR,FRJ26,independent,6.1217e+06,0,-20794,-20794,16,0,-0.0033968,-0.0033968,-1299.7
Z759,E. Leclerc – Bartrès,commercial_zone,FR,FRJ26,chain,4.3384e+07,0,-9101.7,-9101.7,10,0,-0.00020979,-0.00020979,-910.17
Z759,E. Leclerc – Bartrès,commercial_zone,FR,FRJ26,independent,1.3628e+07,0,-1611.3,-1611.3,5,0,-0.00011823,-0.00011823,-322.26
Z761,Zone d'Activité Commerciale et Santé de Nousty – Nousty,commercial_zone,FR,FRI15,chain,2.26e+05,0,-1975.3,-1975.3,1,0,-0.00874,-0.00874,-1975.3
Z761,Zone d'Activité Commerciale et Santé de Nousty – Nousty,commercial_zone,FR,FRI15,independent,1.1055e+06,0,-4824.9,-4824.9,4,0,-0.0043646,-0.0043646,-1206.2
Z763,Zone commerciale Coarraze,commercial_zone,FR,FRI15,chain,6.1236e+06,0,-1788.7,-1788.7,4,0,-0.00029209,-0.00029209,-447.17
Z763,Zone commerciale Coarraze,commercial_zone,FR,FRI15,independent,4.2789e+06,0,-797.65,-797.65,4,0,-0.00018641,-0.00018641,-199.41
Z764,PAE Monplaisir Sud – Mirepeix,commercial_zone,FR,FRI15,chain,1.0133e+07,0,-1443.3,-1443.3,3,0,-0.00014244,-0.00014244,-481.11
Z764,PAE Monplaisir Sud – Mirepeix,commercial_zone,FR,FRI15,independent,2.706e+06,0,-715.52,-715.52,3,0,-0.00026442,-0.00026442,-238.51
Z766,Centre Commercial Aushopping – Idron,commercial_zone,FR,FRI15,chain,1.3837e+07,0,-1.0375e+05,-1.0375e+05,30,0,-0.007498,-0.007498,-3458.3
Z766,Centre Commercial Aushopping – Idron,commercial_zone,FR,FRI15,independent,1.1544e+07,0,-1.2694e+05,-1.2694e+05,23,0,-0.010996,-0.010996,-5519.2
Z767,Zone commerciale Pau,commercial_zone,FR,FRI15,chain,8.3453e+06,0,-1.1894e+05,-1.1894e+05,24,0,-0.014252,-0.014252,-4955.9
Z767,Zone commerciale Pau,commercial_zone,FR,FRI15,independent,5.6462e+06,0,-1.0941e+05,-1.0941e+05,9,0,-0.019378,-0.019378,-12157
Z768,Zone commerciale Mazères-Lezons,commercial_zone,FR,FRI15,chain,1.8585e+06,0,-6930.6,-6930.6,3,0,-0.0037291,-0.0037291,-2310.2
Z768,Zone commerciale Mazères-Lezons,commercial_zone,FR,FRI15,independent,3.2499e+06,0,-32382,-32382,3,0,-0.009964,-0.009964,-10794
Z769,Centre Commercial du Luy de Béarn – Montardon,commercial_zone,FR,FRI15,chain,1.7421e+06,0,-16409,-16409,4,0,-0.0094186,-0.0094186,-4102.1
Z769,Centre Commercial du Luy de Béarn – Montardon,commercial_zone,FR,FRI15,independent,7.0182e+05,0,-13703,-13703,4,0,-0.019525,-0.019525,-3425.8
Z77,Zone Commerciale de La Vigie – Geispolsheim-Gare,commercial_zone,FR,FRF11,chain,1.4119e+07,2.9523e+06,-2.1959e+06,7.5641e+05,12,0.20911,-0.15553,0.053574,63034
Z77,Zone Commerciale de La Vigie – Geispolsheim-Gare,commercial_zone,FR,FRF11,independent,2.393e+06,5.004e+05,-3.7219e+05,1.2821e+05,2,0.20911,-0.15553,0.053574,64103
Z770,Centre commercial du mail – Lons,commercial_zone,FR,FRI15,chain,3.9583e+06,0,-46498,-46498,10,0,-0.011747,-0.011747,-4649.8
Z770,Centre commercial du mail – Lons,commercial_zone,FR,FRI15,independent,5.4405e+06,0,-1.1306e+05,-1.1306e+05,8,0,-0.020781,-0.020781,-14132
Z771,Zone commerciale Lons,commercial_zone,FR,FRI15,chain,1.3511e+06,0,-7939.1,-7939.1,2,0,-0.0058762,-0.0058762,-3969.5
Z771,Zone commerciale Lons,commercial_zone,FR,FRI15,independent,1.8758e+06,0,-32023,-32023,9,0,-0.017072,-0.017072,-3558.1
Z772,Eurolacq 2 – Artix,commercial_zone,FR,FRI15,chain,1.649e+06,611.94,-41693,-41081,4,0.00037109,-0.025283,-0.024912,-10270
Z772,Eurolacq 2 – Artix,commercial_zone,FR,FRI15,independent,0,0,0,0,0,,,,
Z774,Zone commerciale Bidos,commercial_zone,FR,FRI15,chain,5.377e+07,13511,-6.4845e+05,-6.3494e+05,16,0.00025127,-0.01206,-0.011808,-39684
Z774,Zone commerciale Bidos,commercial_zone,FR,FRI15,independent,1.0863e+07,12146,-1.7796e+05,-1.6582e+05,12,0.0011181,-0.016383,-0.015265,-13818
Z776,Zone commerciale Biron,commercial_zone,FR,FRI15,chain,7.4095e+06,21337,-3.2846e+05,-3.0712e+05,12,0.0028797,-0.04433,-0.04145,-25594
Z776,Zone commerciale Biron,commercial_zone,FR,FRI15,independent,1.1143e+06,11434,-1.0686e+05,-95426,5,0.010261,-0.0959,-0.085639,-19085
Z777,Centre Commercial E.Leclerc – Orthez,commercial_zone,FR,FRI15,chain,6.1567e+06,19893,-3.3585e+05,-3.1596e+05,6,0.0032311,-0.05455,-0.051319,-52659
Z777,Centre Commercial E.Leclerc – Orthez,commercial_zone,FR,FRI15,independent,9.2155e+05,2616.5,-46419,-43802,3,0.0028393,-0.05037,-0.047531,-14601
Z778,Le Grand Mail – Saint-Paul-lès-Dax,commercial_zone,FR,FRI13,chain,1.0338e+07,3.0041e+05,-2.1494e+06,-1.849e+06,54,0.029059,-0.20791,-0.17885,-34240
Z778,Le Grand Mail – Saint-Paul-lès-Dax,commercial_zone,FR,FRI13,independent,5.4542e+06,1.5744e+05,-1.1294e+06,-9.7196e+05,32,0.028866,-0.20707,-0.1782,-30374
Z779,Centre Commercial Dax Porte Sud – Seyresse,commercial_zone,FR,FRI13,chain,1.4788e+06,18843,-2.0077e+05,-1.8192e+05,6,0.012742,-0.13576,-0.12302,-30320
Z779,Centre Commercial Dax Porte Sud – Seyresse,commercial_zone,FR,FRI13,independent,7.6797e+05,13385,-1.2168e+05,-1.083e+05,5,0.017429,-0.15844,-0.14102,-21659
Z78,Centre Commercial Porte Sud – Geispolsheim-Gare,commercial_zone,FR,FRF11,chain,6.2238e+07,7.4774e+06,-6.7682e+06,7.0918e+05,20,0.12014,-0.10875,0.011395,35459
Z78,Centre Commercial Porte Sud – Geispolsheim-Gare,commercial_zone,FR,FRF11,independent,3.2851e+07,5.9944e+06,-4.5725e+06,1.4219e+06,9,0.18248,-0.13919,0.043284,1.5799e+05
Z780,Zone commerciale Saint-Paul-lès-Dax,commercial_zone,FR,FRI13,chain,8.4996e+06,1.3963e+05,-1.2887e+06,-1.149e+06,22,0.016428,-0.15161,-0.13518,-52228
Z780,Zone commerciale Saint-Paul-lès-Dax,commercial_zone,FR,FRI13,independent,4.9386e+06,1.5527e+05,-1.0363e+06,-8.8107e+05,25,0.031441,-0.20984,-0.1784,-35243
Z781,Zone commerciale Mées,commercial_zone,FR,FRI13,chain,5.1396e+05,24499,-1.3587e+05,-1.1137e+05,3,0.047668,-0.26436,-0.21669,-37124
Z781,Zone commerciale Mées,commercial_zone,FR,FRI13,independent,3.2713e+06,1.3209e+05,-7.7919e+05,-6.471e+05,18,0.040379,-0.23819,-0.19781,-35950
Z782,Zone commerciale Saint-Vincent-de-Tyrosse,commercial_zone,FR,FRI13,chain,1.3582e+07,1.05e+05,-1.595e+06,-1.49e+06,9,0.0077308,-0.11744,-0.10971,-1.6556e+05
Z782,Zone commerciale Saint-Vincent-de-Tyrosse,commercial_zone,FR,FRI13,independent,4.1257e+06,57960,-5.8504e+05,-5.2708e+05,8,0.014049,-0.1418,-0.12775,-65885
Z785,Zone commerciale Saint-Martin-d'Arrossa,commercial_zone,FR,FRI15,chain,1.5837e+07,81306,-2.3763e+06,-2.295e+06,1,0.0051339,-0.15005,-0.14491,-2.295e+06
Z785,Zone commerciale Saint-Martin-d'Arrossa,commercial_zone,FR,FRI15,independent,1.6553e+07,93815,-2.7958e+06,-2.702e+06,5,0.0056676,-0.1689,-0.16323,-5.404e+05
Z786,Zone commerciale Ferme Dache Dise,commercial_zone,FR,FRI13,chain,1.191e+07,1.8938e+05,-1.9052e+06,-1.7158e+06,3,0.0159,-0.15996,-0.14406,-5.7194e+05
Z786,Zone commerciale Ferme Dache Dise,commercial_zone,FR,FRI13,independent,3.3041e+06,66330,-5.6631e+05,-4.9998e+05,2,0.020075,-0.1714,-0.15132,-2.4999e+05
Z788,Centre commercial Ametzondo Shopping – Saint-Pierre-d'Irube,commercial_zone,FR,FRI15,chain,4.8468e+07,1.84e+06,-1.0585e+07,-8.7454e+06,36,0.037963,-0.2184,-0.18044,-2.4293e+05
Z788,Centre commercial Ametzondo Shopping – Saint-Pierre-d'Irube,commercial_zone,FR,FRI15,independent,5.0646e+07,2.621e+06,-1.2808e+07,-1.0187e+07,30,0.051751,-0.2529,-0.20115,-3.3958e+05
Z789,Zone commerciale Bayonne,commercial_zone,FR,FRI15,chain,1.3351e+07,1.6035e+05,-2.0461e+06,-1.8857e+06,2,0.01201,-0.15325,-0.14124,-9.4287e+05
Z789,Zone commerciale Bayonne,commercial_zone,FR,FRI15,independent,5.3405e+06,64141,-8.1843e+05,-7.5429e+05,2,0.01201,-0.15325,-0.14124,-3.7715e+05
Z79,Il Gialdo - Ipercoop – Chieri,commercial_zone,IT,ITC11,chain,0,0,0,0,0,,,,
Z79,Il Gialdo - Ipercoop – Chieri,commercial_zone,IT,ITC11,independent,8.5949e+06,0,-26511,-26511,9,0,-0.0030844,-0.0030844,-2945.6
Z791,Bidart Océan – Bidart,commercial_zone,FR,FRI15,chain,4.245e+07,1.4809e+06,-9.8448e+06,-8.3639e+06,13,0.034885,-0.23191,-0.19703,-6.4338e+05
Z791,Bidart Océan – Bidart,commercial_zone,FR,FRI15,independent,3.2188e+07,1.7375e+06,-8.2095e+06,-6.472e+06,26,0.053981,-0.25505,-0.20107,-2.4892e+05
Z792,Zone artisanale Lizardia – Saint-Pée-sur-Nivelle,commercial_zone,FR,FRI15,chain,1.2382e+07,5.2735e+05,-3.9038e+06,-3.3765e+06,4,0.042592,-0.31529,-0.2727,-8.4412e+05
Z792,Zone artisanale Lizardia – Saint-Pée-sur-Nivelle,commercial_zone,FR,FRI15,independent,6.93e+05,92959,-2.4529e+05,-1.5233e+05,2,0.13414,-0.35395,-0.21981,-76164
Z793,Zone d'Activités Jaldaï – Guéthary,commercial_zone,FR,FRI15,chain,2.7313e+07,2.259e+06,-9.0657e+06,-6.8067e+06,13,0.082708,-0.33192,-0.24921,-5.2359e+05
Z793,Zone d'Activités Jaldaï – Guéthary,commercial_zone,FR,FRI15,independent,3.1118e+07,3.1023e+06,-1.0404e+07,-7.3013e+06,28,0.099695,-0.33433,-0.23463,-2.6076e+05
Z794,Ibardin – Bera,commercial_zone,ES,ES220,chain,0,0,0,0,0,,,,
Z794,Ibardin – Bera,commercial_zone,ES,ES220,independent,6.0668e+06,1.1282e+07,-2.3306e+05,1.1049e+07,11,1.8596,-0.038416,1.8212,1.0044e+06
Z795,Centro Comercial La Morea – Cordovilla / Kordoba,commercial_zone,ES,ES220,chain,8.5781e+07,5.3148e+05,-3.3185e+05,1.9963e+05,46,0.0061957,-0.0038685,0.0023272,4339.8
Z795,Centro Comercial La Morea – Cordovilla / Kordoba,commercial_zone,ES,ES220,independent,8.4284e+07,5.7562e+05,-4.3719e+05,1.3842e+05,36,0.0068294,-0.0051871,0.0016423,3845.1
Z796,Txingudi merkatalgunea – Oiartzun,commercial_zone,ES,ES212,chain,6.4575e+06,2.061e+06,-2.2214e+05,1.8388e+06,4,0.31916,-0.0344,0.28476,4.5971e+05
Z796,Txingudi merkatalgunea – Oiartzun,commercial_zone,ES,ES212,independent,1.3318e+07,4.3532e+06,-8.5797e+05,3.4952e+06,6,0.32687,-0.064423,0.26245,5.8253e+05
Z797,Carrefour Oiartzun – Errenteria,commercial_zone,ES,ES212,chain,5.6288e+06,1.2265e+06,-1.7218e+05,1.0544e+06,4,0.2179,-0.030589,0.18731,2.6359e+05
Z797,Carrefour Oiartzun – Errenteria,commercial_zone,ES,ES212,independent,1.4469e+06,3.1699e+05,-45509,2.7148e+05,2,0.21908,-0.031452,0.18763,1.3574e+05
Z798,Mamut – Errenteria,commercial_zone,ES,ES212,chain,6.023e+06,1.558e+06,-3.7081e+05,1.1872e+06,1,0.25867,-0.061565,0.19711,1.1872e+06
Z798,Mamut – Errenteria,commercial_zone,ES,ES212,independent,1.5576e+07,3.9597e+06,-9.07e+05,3.0527e+06,21,0.25421,-0.05823,0.19598,1.4537e+05
Z799,Garbera Zentro Komertziala – Pasaia,commercial_zone,ES,ES212,chain,4.997e+07,9.1465e+06,-2.4239e+06,6.7226e+06,61,0.18304,-0.048507,0.13453,1.1021e+05
Z799,Garbera Zentro Komertziala – Pasaia,commercial_zone,ES,ES212,independent,3.0839e+06,6.1829e+05,-1.7939e+05,4.389e+05,6,0.20049,-0.058168,0.14232,73150
Z80,Mondovicino – Briaglia,commercial_zone,IT,ITC16,chain,2.6085e+07,12110,-42767,-30657,34,0.00046425,-0.0016395,-0.0011753,-901.69
Z80,Mondovicino – Briaglia,commercial_zone,IT,ITC16,independent,5.165e+07,18862,-58809,-39947,49,0.00036519,-0.0011386,-0.00077342,-815.25
Z84,Zone commerciale Pirmasens,commercial_zone,DE,DEB37,chain,1.9958e+07,5.3886e+05,-3.2445e+05,2.1441e+05,4,0.026999,-0.016257,0.010743,53602
Z84,Zone commerciale Pirmasens,commercial_zone,DE,DEB37,independent,2.9493e+06,1.7249e+05,-1.2592e+05,46569,3,0.058484,-0.042694,0.01579,15523
Z85,Zone commerciale Petersberg,commercial_zone,DE,DEB37,chain,2.6395e+07,8.7828e+05,-5.1825e+05,3.6002e+05,9,0.033274,-0.019635,0.01364,40003
Z85,Zone commerciale Petersberg,commercial_zone,DE,DEB37,independent,0,0,0,0,0,,,,
Z86,La Vetrina di Cambiano – Cambiano,commercial_zone,IT,ITC11,chain,1.4005e+06,266.83,-6007,-5740.1,3,0.00019053,-0.0042892,-0.0040987,-1913.4
Z86,La Vetrina di Cambiano – Cambiano,commercial_zone,IT,ITC11,independent,7.8371e+06,1677,-32525,-30848,2,0.00021398,-0.0041501,-0.0039361,-15424
Z89,Zone commerciale Landstuhl,commercial_zone,DE,DEB3F,chain,4.9537e+07,9.793e+05,-5.2541e+05,4.5389e+05,12,0.019769,-0.010606,0.0091625,37824
Z89,Zone commerciale Landstuhl,commercial_zone,DE,DEB3F,independent,3.6524e+06,95084,-62399,32685,2,0.026033,-0.017085,0.0089489,16342
Z9,Markthalle im Schiff – Reilingen,commercial_zone,DE,DE128,chain,6.6887e+06,13868,-16554,-2686.3,4,0.0020733,-0.0024749,-0.00040161,-671.56
Z9,Markthalle im Schiff – Reilingen,commercial_zone,DE,DE128,independent,9.9247e+06,39165,-2.1751e+05,-1.7834e+05,7,0.0039462,-0.021916,-0.01797,-25478
Z90,Torino Outlet Village – Settimo Torinese,commercial_zone,IT,ITC11,chain,2.3949e+07,37733,-1.6212e+05,-1.2438e+05,39,0.0015756,-0.0067693,-0.0051937,-3189.3
Z90,Torino Outlet Village – Settimo Torinese,commercial_zone,IT,ITC11,independent,2.8255e+07,43396,-1.9024e+05,-1.4684e+05,33,0.0015359,-0.006733,-0.0051971,-4449.8
Z91,Settimo Cielo Retail Park – Mappano,commercial_zone,IT,ITC11,chain,1.0923e+07,16189,-72021,-55832,13,0.0014821,-0.0065935,-0.0051114,-4294.8
Z91,Settimo Cielo Retail Park – Mappano,commercial_zone,IT,ITC11,independent,2.4965e+07,44386,-1.7073e+05,-1.2634e+05,8,0.0017779,-0.0068385,-0.0050606,-15792
Z92,Porte di Torino – Mappano,commercial_zone,IT,ITC11,chain,2.8447e+07,37766,-1.8192e+05,-1.4416e+05,28,0.0013276,-0.0063952,-0.0050676,-5148.5
Z92,Porte di Torino – Mappano,commercial_zone,IT,ITC11,independent,5.4806e+07,1.004e+05,-3.7289e+05,-2.7249e+05,10,0.0018319,-0.0068038,-0.0049719,-27249
Z93,Dreispitz – Bâle,commercial_zone,CH,CH031,chain,7.2697e+07,8.0743e+06,-1.5669e+07,-7.595e+06,14,0.11107,-0.21554,-0.10447,-5.425e+05
Z93,Dreispitz – Bâle,commercial_zone,CH,CH031,independent,2.5119e+07,3.9968e+06,-6.8122e+06,-2.8155e+06,3,0.15911,-0.2712,-0.11208,-9.3849e+05
Z94,45° NORD Entertainment Center – Moriondo,commercial_zone,IT,ITC11,chain,1.206e+07,4100.2,-47425,-43325,15,0.00033997,-0.0039323,-0.0035923,-2888.3
Z94,45° NORD Entertainment Center – Moriondo,commercial_zone,IT,ITC11,independent,2.9139e+07,10041,-1.1394e+05,-1.039e+05,11,0.00034457,-0.0039104,-0.0035658,-9445.8
Z95,Zone commerciale Testona,commercial_zone,IT,ITC11,chain,1.958e+06,2786.5,-8575.7,-5789.2,3,0.0014231,-0.0043798,-0.0029566,-1929.7
Z95,Zone commerciale Testona,commercial_zone,IT,ITC11,independent,1.286e+07,13909,-62422,-48513,2,0.0010816,-0.004854,-0.0037724,-24256
Z97,Zone commerciale Kirchheim,commercial_zone,FR,FRF11,chain,1.5585e+07,3.8601e+05,-1.0928e+06,-7.068e+05,3,0.024767,-0.070117,-0.04535,-2.356e+05
Z97,Zone commerciale Kirchheim,commercial_zone,FR,FRF11,independent,2.5072e+07,1.4679e+06,-2.5944e+06,-1.1264e+06,5,0.05855,-0.10348,-0.044928,-2.2529e+05
Z99,lyssach center – Alchenflüh,commercial_zone,CH,CH021,chain,1.0779e+07,2.0356e+05,-8.9932e+05,-6.9577e+05,13,0.018884,-0.083433,-0.064548,-53521
Z99,lyssach center – Alchenflüh,commercial_zone,CH,CH021,independent,1.472e+07,2.7797e+05,-1.2281e+06,-9.5013e+05,5,0.018884,-0.083433,-0.064548,-1.9003e+05
