rank,score,name,type,country,nuts3,nuts3_name,lon,lat,dist_border_km,population,area_ha,n_retail,n_comparison,everyday,personal,household,leisure,anchor,supermarkets,service,n_hospitality,n_markets,shop_types,diversity,comparison_share,hospitality_ratio,brand_share,mass_everyday,mass_comparison,quality,turnover_everyday,turnover_comparison,turnover,foreign,foreign_share
1,93.86,Lille,city_centre,FR,FRE11,Nord,3.064,50.64,12.41,2.367e+05,,887,622,222,398,88,136,6,12,211,903,1,109,42.73,0.7012,0.5045,0.3788,263,1012,0.8909,2.115e+09,1.478e+09,3.593e+09,5.518e+08,0.1535
2,92.03,Luxembourg,city_centre,LU,LU000,Luxembourg,6.13,49.61,11.83,1.223e+05,,476,344,115,246,46,52,4,14,114,437,3,92,34.34,0.7227,0.4786,0.2815,172,580.4,0.8657,1.483e+09,1.321e+09,2.804e+09,4.34e+08,0.1548
3,91.49,Gand,city_centre,BE,BE234,Arr. Gent,3.725,51.05,49.95,2.727e+05,,724,499,202,325,66,108,3,16,125,776,3,101,35.84,0.6892,0.5173,0.2072,265,776.1,0.8516,2.768e+08,3.403e+08,6.17e+08,5.073e+07,0.08222
4,90.98,Berne,city_centre,CH,CH021,Bern / Berne,7.452,46.95,50.01,1.288e+05,,594,410,154,249,79,82,7,24,154,408,5,103,42.88,0.6902,0.4072,0.3182,251,730.4,0.8442,4.23e+08,4.447e+08,8.677e+08,4.907e+06,0.005655
5,90.94,Bruxelles,city_centre,BE,BE100,Arr. de Bruxelles-Capitale/Arr. Brussel-Hoofdstad,4.352,50.85,59,1.943e+05,,1170,782,337,472,78,232,10,10,224,1055,6,111,38.22,0.6684,0.4742,0.1872,397,1303,0.8352,1.8e+08,4.829e+08,6.628e+08,2.538e+07,0.03829
6,90.79,Bâle,city_centre,CH,CH031,Basel-Stadt,7.588,47.56,2.057,1.745e+05,,617,407,184,239,76,92,5,33,181,488,3,95,41.32,0.6596,0.4416,0.3063,298,682.9,0.8402,1.706e+09,7.733e+08,2.48e+09,3.595e+08,0.145
7,90.63,Annecy,city_centre,FR,FRK28,Haute-Savoie,6.129,45.9,26.79,1.317e+05,,615,462,125,307,67,88,3,8,127,345,3,106,37.34,0.7512,0.3594,0.335,164,726.6,0.8391,6.501e+08,4.858e+08,1.136e+09,1.325e+08,0.1167
8,90.53,Strasbourg,city_centre,FR,FRF11,Bas-Rhin,7.751,48.58,3.702,2.913e+05,,917,575,292,380,69,126,5,18,200,773,3,119,43.91,0.627,0.4574,0.3381,361,924.7,0.8296,1.738e+09,1.052e+09,2.79e+09,3.981e+08,0.1427
9,90.35,Saint-Sébastien,city_centre,ES,ES212,Gipuzkoa,-1.984,43.32,16.33,1.85e+05,,780,542,208,350,111,81,4,33,141,585,4,101,38.23,0.6949,0.4286,0.1718,327,868.7,0.8283,7.273e+08,4.293e+08,1.157e+09,1.272e+08,0.11
10,90.1,Heidelberg,city_centre,DE,DE125,"Heidelberg, Stadtkreis",8.695,49.41,59.22,1.521e+05,,450,312,116,170,63,79,5,18,141,319,4,92,43.34,0.6933,0.4148,0.1956,190,544.3,0.8319,9.553e+07,1.735e+08,2.69e+08,9.009e+05,0.003349
11,89.99,Fribourg-en-Brisgau,city_centre,DE,DE131,"Freiburg im Breisgau, Stadtkreis",7.849,48,17.15,2.203e+05,,697,486,170,280,88,118,8,23,179,430,5,115,47.99,0.6973,0.3815,0.2138,264,853.6,0.8237,1.278e+09,9.992e+08,2.277e+09,1.873e+08,0.08227
12,89.62,Trèves,city_centre,DE,DEB21,"Trier, Kreisfreie Stadt",6.644,49.76,35.18,1.072e+05,,437,303,111,201,49,53,7,17,110,240,2,96,42.14,0.6934,0.3545,0.3318,172,578.6,0.8226,6.194e+08,5.664e+08,1.186e+09,3.44e+08,0.2901
13,89.51,Mannheim,city_centre,DE,DE126,"Mannheim, Stadtkreis",8.467,49.49,59.83,3.1e+05,,761,486,241,283,107,96,7,32,323,598,1,108,40.74,0.6386,0.44,0.2326,342,840.2,0.8125,1.779e+08,2.739e+08,4.518e+08,3.064e+06,0.006783
14,89.41,Karlsruhe,city_centre,DE,DE122,"Karlsruhe, Stadtkreis",8.403,49.01,13.28,2.84e+05,,569,356,176,205,73,78,8,22,241,423,5,110,45.84,0.6257,0.4264,0.3445,267,670.6,0.8163,1.592e+09,8.878e+08,2.479e+09,4.726e+07,0.01906
15,89.4,Genève,city_centre,CH,CH013,Genève,6.147,46.2,4.022,1.916e+05,,729,445,257,256,74,115,7,31,247,902,2,108,42.57,0.6104,0.553,0.1783,360,773,0.8123,2.067e+09,7.647e+08,2.832e+09,3.594e+08,0.1269
16,89.07,Sarrebruck,city_centre,DE,DEC01,Regionalverband Saarbrücken,6.996,49.23,3.197,1.772e+05,,443,277,137,174,43,60,4,13,216,369,3,97,40.09,0.6253,0.4544,0.3025,191,477.5,0.8146,1.479e+09,7.706e+08,2.25e+09,4.86e+08,0.216
17,89,Courtrai,city_centre,BE,BE254,Arr. Kortrijk,3.266,50.83,9.184,7.711e+04,,159,115,38,85,11,19,2,11,17,169,0,61,26.97,0.7233,0.5152,0.3333,71,206.8,0.8478,5.632e+08,2.617e+08,8.249e+08,1.42e+08,0.1721
18,88.91,Turin,city_centre,IT,ITC11,Torino,7.682,45.07,47.82,8.567e+05,,900,527,338,323,70,134,5,32,120,1035,17,116,44.12,0.5856,0.5349,0.21,519,850.3,0.7989,9.025e+08,5.506e+08,1.453e+09,1.138e+06,0.0007834
19,88.8,Ostende,city_centre,BE,BE255,Arr. Oostende,2.92,51.23,30.2,7.165e+04,,147,99,42,75,7,17,3,9,15,176,2,54,27.39,0.6735,0.5449,0.4898,79,203.4,0.8435,2.84e+08,1.384e+08,4.224e+08,2.017e+07,0.04775
20,88.66,Cannes,city_centre,FR,FRL03,Alpes-Maritimes,7.013,43.55,37.63,7.326e+04,,225,140,66,111,11,18,2,9,39,250,2,70,34.34,0.6222,0.5263,0.4489,103,244.6,0.8272,2.438e+08,1.317e+08,3.756e+08,4.982e+06,0.01326
21,88.56,Lausanne,city_centre,CH,CH011,Vaud,6.633,46.52,7.426,1.335e+05,,623,388,207,246,58,84,7,30,172,499,5,100,41.27,0.6228,0.4447,0.2055,322,696.8,0.7989,1.878e+09,8.474e+08,2.726e+09,2.384e+07,0.008748
22,88.5,Metz,city_centre,FR,FRF33,Moselle,6.176,49.12,37.47,1.209e+05,,462,289,148,189,45,55,3,7,172,373,4,93,38.35,0.6255,0.4467,0.3009,189,477,0.8047,8.247e+08,5.066e+08,1.331e+09,1.59e+08,0.1194
23,88.47,Namur,city_centre,BE,BE352,Arr. Namur,4.866,50.47,33.48,1.132e+05,,388,251,113,161,46,44,2,12,120,302,1,94,38.53,0.6469,0.4377,0.2191,154,403.3,0.8074,6.186e+08,3.683e+08,9.869e+08,9.971e+06,0.0101
24,88.35,Nice,city_centre,FR,FRL03,Alpes-Maritimes,7.268,43.7,11.88,3.481e+05,,923,513,371,319,93,101,3,32,230,1043,4,113,45.32,0.5558,0.5305,0.2936,487,799.2,0.7894,1.684e+09,6.318e+08,2.316e+09,8.218e+07,0.03548
25,88.29,Pampelune,city_centre,ES,ES220,Navarra,-1.644,42.82,30.17,2.097e+05,,374,236,123,124,38,74,2,14,68,335,3,81,40.5,0.631,0.4725,0.1684,180,371.8,0.8053,5.665e+08,3.005e+08,8.669e+08,5.039e+06,0.005812
26,87.96,Bruges,city_centre,BE,BE251,Arr. Brugge,3.227,51.21,46.83,1.176e+05,,382,237,130,154,22,61,2,6,60,449,1,85,35.43,0.6204,0.5403,0.2644,153,377.2,0.8018,2.614e+08,2.043e+08,4.657e+08,3.366e+07,0.07228
27,87.91,Charleroi,city_centre,BE,BE32B,Arr. Charleroi,4.445,50.41,22.9,2.027e+05,,192,136,49,100,22,14,7,6,30,119,0,53,27.17,0.7083,0.3826,0.4688,67,339.8,0.8066,5.33e+08,4.286e+08,9.616e+08,3.252e+07,0.03382
28,87.84,Nancy,city_centre,FR,FRF31,Meurthe-et-Moselle ,6.183,48.69,66.23,1.043e+05,,600,356,208,242,44,70,3,10,181,471,4,104,41.74,0.5933,0.4398,0.32,258,573,0.789,3.46e+07,7.112e+07,1.057e+08,8.28e+06,0.07832
29,87.72,Neuchâtel,city_centre,CH,CH024,Neuchâtel,6.929,46.99,17.41,3.364e+04,,182,124,48,84,16,24,5,6,56,131,1,73,35.73,0.6813,0.4185,0.1978,71,278.8,0.8081,4.742e+08,2.789e+08,7.531e+08,9.124e+06,0.01212
30,87.67,Offenbourg,city_centre,DE,DE134,Ortenaukreis,7.943,48.47,11.3,5.877e+04,,143,100,34,74,12,14,4,3,46,96,4,60,34.82,0.6993,0.4017,0.3986,63,225.8,0.8199,3.249e+08,2.564e+08,5.813e+08,7.733e+07,0.133
31,87.65,Dunkerque,city_centre,FR,FRE11,Nord,2.377,51.03,13.24,8.679e+04,,262,175,76,128,22,25,3,5,68,189,1,69,31.01,0.6679,0.4191,0.3359,96,315,0.8013,4.712e+08,2.191e+08,6.903e+08,7.16e+07,0.1037
32,87.55,Soleure,city_centre,CH,CH023,Solothurn,7.538,47.21,27.27,1.66e+04,,207,150,52,100,21,29,1,8,73,131,1,66,34.59,0.7246,0.3876,0.2126,81,236.3,0.8106,4.697e+08,2.142e+08,6.839e+08,5.891e+06,0.008614
33,87.46,Sion,city_centre,CH,CH012,Valais / Wallis,7.359,46.23,37.37,3.46e+04,,181,118,49,80,18,20,3,8,77,152,1,74,35.84,0.6519,0.4565,0.2099,78,231,0.8097,3.194e+08,1.337e+08,4.531e+08,5.285e+05,0.001166
34,87.39,Valenciennes,city_centre,FR,FRE11,Nord,3.523,50.36,9.65,4.299e+04,,243,156,78,118,24,14,2,8,72,196,0,70,30.84,0.642,0.4465,0.3539,102,269.8,0.799,5.634e+08,2.868e+08,8.502e+08,8.815e+07,0.1037
35,87.38,Gérone,city_centre,ES,ES512,Girona,2.82,41.98,42,1.042e+05,,742,487,245,282,112,93,1,68,184,489,1,92,36.33,0.6563,0.3972,0.1011,454,722.6,0.7749,2.013e+08,1.59e+08,3.603e+08,2.234e+07,0.06201
36,87.33,Bienne,city_centre,CH,CH021,Bern / Berne,7.244,47.14,24.72,5.638e+04,,292,183,99,110,35,38,5,15,156,212,2,78,33.17,0.6267,0.4206,0.3219,154,363.1,0.7886,9.374e+08,3.637e+08,1.301e+09,6.792e+06,0.005221
37,87.14,Antibes,city_centre,FR,FRL03,Alpes-Maritimes,7.124,43.58,28.36,7.513e+04,,340,220,101,135,45,40,1,9,110,235,1,84,39.27,0.6471,0.4087,0.2088,133,338,0.7882,3.194e+08,1.976e+08,5.17e+08,9.53e+06,0.01844
38,87.08,Ixelles,city_centre,BE,BE100,Arr. de Bruxelles-Capitale/Arr. Brussel-Hoofdstad,4.367,50.83,58.02,,,384,239,132,152,55,32,4,7,109,297,1,83,34.86,0.6224,0.4361,0.2448,158,428.9,0.7814,7.337e+07,1.596e+08,2.33e+08,8.491e+06,0.03644
39,86.98,Kaiserslautern,city_centre,DE,DEB32,"Kaiserslautern, Kreisfreie Stadt",7.769,49.44,36.5,9.716e+04,,345,204,124,125,46,33,5,17,150,255,1,88,41.5,0.5913,0.425,0.2899,180,396.1,0.779,5.098e+08,2.776e+08,7.874e+08,1.047e+07,0.01329
40,86.95,Alost,city_centre,BE,BE231,Arr. Aalst,4.039,50.94,57.85,,,160,108,49,72,17,19,0,11,26,138,0,53,27.33,0.675,0.4631,0.4188,82,156.3,0.8206,4.54e+07,5.67e+07,1.021e+08,4.14e+06,0.04055
41,86.91,Aarau,city_centre,CH,CH023,Solothurn,8.044,47.39,40.27,2.119e+04,,178,124,50,80,17,27,3,6,43,109,2,62,33.06,0.6966,0.3798,0.2978,78,237.9,0.8022,1.724e+08,1.165e+08,2.889e+08,1.084e+07,0.03752
42,86.78,Zone Actisud – Ars-sur-Moselle,commercial_zone,FR,FRF33,Moselle,6.104,49.08,41.06,,230.8,228,161,42,64,80,17,1,10,39,57,0,76,42.82,0.7061,0.2,0.5789,72,256.4,0.7955,2.446e+08,2.374e+08,4.821e+08,6.812e+07,0.1413
43,86.6,Spire,city_centre,DE,DE128,Rhein-Neckar-Kreis,8.434,49.32,40.91,5.028e+04,,169,121,41,78,21,22,4,2,60,106,1,65,32.66,0.716,0.3855,0.2959,52,254.9,0.7972,8.294e+07,1.146e+08,1.975e+08,1.642e+06,0.008315
44,86.57,Baden,city_centre,CH,CH033,Aargau,8.309,47.47,55.66,2.385e+04,,130,88,35,58,12,18,2,4,46,109,2,54,31.47,0.6769,0.4561,0.4154,57,166.6,0.8186,3.997e+07,5.46e+07,9.457e+07,7.983e+06,0.08441
45,86.24,Chambéry,city_centre,FR,FRK27,Savoie,5.92,45.57,62.42,5.986e+04,,303,184,97,118,31,35,2,5,97,229,2,82,38.79,0.6073,0.4305,0.3003,122,305.5,0.7737,4.692e+07,6.795e+07,1.149e+08,9.349e+06,0.08139
46,86.17,Mulhouse,city_centre,FR,FRF12,Haut-Rhin,7.339,47.75,13.98,1.063e+05,,293,188,88,131,29,28,7,10,49,174,1,72,32,0.6416,0.3726,0.3106,123,413.6,0.7686,7.333e+08,5.392e+08,1.272e+09,2.176e+08,0.171
47,86.16,Vevey,city_centre,CH,CH011,Vaud,6.842,46.46,4.011,2.014e+04,,245,161,77,96,39,26,3,12,99,138,1,75,36.54,0.6571,0.3603,0.2,118,293.7,0.7729,5.137e+08,2.776e+08,7.913e+08,5.093e+06,0.006436
48,86.1,Belfort,city_centre,FR,FRC24,Territoire de Belfort,6.863,47.64,18.36,4.516e+04,,227,141,74,89,28,24,3,8,84,143,1,72,36.24,0.6211,0.3865,0.348,103,264.3,0.775,4.824e+08,2.601e+08,7.424e+08,4.473e+07,0.06025
49,86.08,Aushopping – Épagny Metz-Tessy,commercial_zone,FR,FRK28,Haute-Savoie,6.077,45.94,22.44,,124.4,171,138,23,65,59,14,2,7,15,34,0,54,31.97,0.807,0.1659,0.6374,44,242.8,0.7928,1.623e+08,1.617e+08,3.241e+08,4.653e+07,0.1436
50,85.75,Baden-Baden,city_centre,DE,DE121,"Baden-Baden, Stadtkreis",8.24,48.76,11.89,5.445e+04,,159,124,28,91,12,21,2,4,44,97,1,56,28.74,0.7799,0.3789,0.2516,45,219.7,0.7899,1.277e+08,1.643e+08,2.919e+08,2.25e+07,0.07706
51,85.6,Hal,city_centre,BE,BE241,Arr. Halle-Vilvoorde,4.237,50.74,44.57,,,147,97,37,60,20,17,1,7,70,105,0,69,34.69,0.6599,0.4167,0.2789,58,160.4,0.7948,9.383e+07,9.696e+07,1.908e+08,8.988e+06,0.04711
52,85.6,Bad Säckingen,city_centre,DE,DE13A,Waldshut,7.949,47.55,27.27,1.667e+04,,104,72,24,48,11,13,5,5,39,61,3,53,31.48,0.6923,0.3697,0.2885,54,204.1,0.7903,1.769e+08,1.487e+08,3.256e+08,1.381e+08,0.424
53,85.53,Lörrach,city_centre,DE,DE139,Lörrach,7.661,47.61,5.327,4.831e+04,,176,117,51,74,23,20,3,9,62,87,0,72,39.15,0.6648,0.3308,0.267,78,229.5,0.7764,4.467e+08,2.754e+08,7.221e+08,3.581e+08,0.4959
54,85.33,Besançon,city_centre,FR,FRC21,Doubs,6.024,47.24,46.2,1.192e+05,,470,278,168,169,46,63,1,7,156,305,5,96,40.46,0.5915,0.3935,0.2851,214,418.1,0.7483,9.355e+07,7.083e+07,1.644e+08,2.024e+05,0.001231
55,85.3,Figueres,city_centre,ES,ES512,Girona,2.964,42.27,20.26,4.88e+04,,253,168,71,109,34,25,1,13,53,146,3,70,35.58,0.664,0.3659,0.1186,125,264.5,0.7598,2.644e+08,1.263e+08,3.907e+08,4.409e+07,0.1128
56,85.22,Pforzheim,city_centre,DE,DE129,"Pforzheim, Stadtkreis",8.703,48.89,35.46,1.178e+05,,241,137,93,79,31,27,6,15,55,181,3,69,35.63,0.5685,0.4289,0.3029,153,317.4,0.7546,6.152e+08,2.722e+08,8.875e+08,5.448e+06,0.006138
57,85.19,Arras,city_centre,FR,FRE12,Pas-de-Calais,2.777,50.29,44.72,4.26e+04,,227,134,78,87,26,21,1,8,78,164,2,82,38.12,0.5903,0.4194,0.3216,112,214.7,0.7653,2.675e+08,1.438e+08,4.113e+08,1.308e+07,0.0318
58,85.11,Louvain-la-Neuve,city_centre,BE,BE310,Arr. Nivelles,4.613,50.67,52.55,1e+04,,156,112,39,81,14,17,2,4,18,105,0,52,26.01,0.7179,0.4023,0.4103,51,202.9,0.7846,4e+07,9.276e+07,1.328e+08,3.209e+06,0.02417
59,85.06,Landau in der Pfalz,city_centre,DE,DEB33,"Landau in der Pfalz, Kreisfreie Stadt",8.112,49.2,20.12,4.668e+04,,142,100,40,70,12,18,1,6,31,110,1,53,26.52,0.7042,0.4365,0.2958,63,164.6,0.7924,2.105e+08,1.221e+08,3.326e+08,1.172e+07,0.03522
60,85.02,Irun,city_centre,ES,ES212,Gipuzkoa,-1.789,43.34,1.201,6.17e+04,,350,232,100,139,52,41,1,9,113,159,0,80,42.77,0.6629,0.3124,0.1257,127,355.7,0.7489,2.706e+08,1.604e+08,4.31e+08,1.349e+08,0.3129
61,84.95,Böblingen,city_centre,DE,DE112,Böblingen,9.011,48.68,65.21,4.671e+04,,142,84,48,47,24,13,4,9,60,98,3,61,36.65,0.5915,0.4083,0.3521,90,202.1,0.7685,1.47e+07,3.478e+07,4.949e+07,8.667e+04,0.001751
62,84.94,Perpignan,city_centre,FR,FRJ15,Pyrénées-Orientales,2.895,42.7,24.41,1.197e+05,,322,190,109,106,40,44,3,3,104,257,3,91,40.48,0.5901,0.4439,0.2174,133,331.8,0.7488,5.368e+08,2.472e+08,7.839e+08,9.485e+06,0.0121
63,84.45,Aoste,city_centre,IT,ITC20,Valle d’Aosta/Vallée d’Aoste,7.32,45.74,27.27,3e+04,,191,116,70,52,28,36,1,5,27,195,1,66,44.86,0.6073,0.5052,0.1047,90,183.2,0.7657,3.26e+08,1.555e+08,4.815e+08,5.509e+06,0.01144
64,84.36,Zone commerciale des Landiers (Nord) – Chambéry-le-Vieux,commercial_zone,FR,FRK27,Savoie,5.891,45.6,58.34,,164.8,150,116,18,50,55,11,1,6,18,27,0,61,37.67,0.7733,0.1525,0.52,36,190.7,0.7791,2.03e+07,5.032e+07,7.062e+07,7.53e+06,0.1066
65,84.3,Bayonne,city_centre,FR,FRI15,Pyrénées-Atlantiques,-1.474,43.49,22.47,5.275e+04,,393,248,120,167,31,50,1,5,95,257,3,79,35.87,0.631,0.3954,0.1425,150,377,0.7341,4.868e+08,1.778e+08,6.645e+08,1.843e+07,0.02774
66,84.19,Sursee,city_centre,CH,CH061,Luzern,8.107,47.17,57.78,9489,,111,81,25,46,18,17,3,5,35,46,1,50,33.74,0.7297,0.293,0.2793,45,176.4,0.7792,3.634e+07,5.713e+07,9.347e+07,3.094e+06,0.0331
67,84.1,Huesca,city_centre,ES,ES241,Huesca,-0.4081,42.14,67.74,5.42e+04,,401,247,137,139,64,44,0,17,135,209,0,78,37.69,0.616,0.3426,0.1372,188,357.3,0.7285,4.802e+06,1.107e+07,1.587e+07,1.957e+04,0.001233
68,83.89,La Galerie Annemasse – Ville-la-Grand,commercial_zone,FR,FRK28,Haute-Savoie,6.265,46.2,1.41,,102,140,107,21,36,61,10,2,6,18,14,0,59,36.79,0.7643,0.09091,0.6357,39,197.5,0.7669,1.802e+08,1.888e+08,3.69e+08,1.122e+08,0.3041
69,83.89,Geric – Terville,commercial_zone,FR,FRF33,Moselle,6.134,49.36,11.09,,95.4,159,125,29,81,32,12,2,7,17,24,0,55,27.77,0.7862,0.1311,0.6541,50,223.9,0.7574,3.063e+08,3.219e+08,6.282e+08,2.058e+08,0.3276
70,83.89,Mons,city_centre,BE,BE323,Arr. Mons,3.952,50.45,11.78,9.272e+04,,284,177,98,92,40,45,1,3,96,250,5,79,36.63,0.6232,0.4682,0.1303,132,272,0.7322,6.44e+08,3.078e+08,9.519e+08,1.405e+08,0.1476
71,83.87,Morges,city_centre,CH,CH011,Vaud,6.498,46.51,6.098,1.523e+04,,167,114,45,68,21,25,3,6,52,87,1,55,29,0.6826,0.3425,0.2156,68,223.5,0.75,3.333e+08,2.431e+08,5.764e+08,1.113e+07,0.01932
72,83.65,Vic,city_centre,ES,ES511,Barcelona,2.255,41.93,49.08,4.981e+04,,245,174,69,115,36,23,0,9,26,102,2,60,29.85,0.7102,0.2939,0.1388,106,254.1,0.7367,7.106e+07,6.503e+07,1.361e+08,0,0
73,83.41,Sindelfingen,city_centre,DE,DE112,Böblingen,9.004,48.71,63.48,6.167e+04,,99,58,31,28,21,9,2,8,56,92,1,56,32.53,0.5859,0.4817,0.3939,60,124.3,0.7819,9.301e+06,2.083e+07,3.013e+07,3.248e+04,0.001078
74,83.37,Tournai,city_centre,BE,BE328,Arr. Tournai-Mouscron,3.388,50.61,7.826,6.984e+04,,228,145,70,76,30,39,2,2,100,199,1,81,35.58,0.636,0.466,0.09649,81,245.8,0.7303,3.687e+08,2.547e+08,6.234e+08,1.824e+08,0.2927
75,83.25,Châteaufarine – Avanne-Aveney,commercial_zone,FR,FRC21,Doubs,5.947,47.22,48.88,,73.3,127,104,16,65,29,10,1,4,15,28,0,56,30.54,0.8189,0.1806,0.8268,28,173,0.7797,1.035e+07,2.708e+07,3.743e+07,4.881e+04,0.001304
76,83.12,Chamonix-Mont-Blanc,city_centre,FR,FRK28,Haute-Savoie,6.87,45.92,8.308,8642,,129,90,36,70,5,15,1,7,13,119,0,42,22.53,0.6977,0.4798,0.2558,57,150.5,0.7741,6.657e+07,4.628e+07,1.128e+08,2.912e+07,0.2581
77,82.99,Nyon,city_centre,CH,CH011,Vaud,6.24,46.38,2.507,1.974e+04,,170,113,49,61,30,22,2,5,78,85,0,61,32.02,0.6647,0.3333,0.2,64,202.9,0.736,2.085e+08,1.454e+08,3.54e+08,2.306e+07,0.06516
78,82.91,Colmar,city_centre,FR,FRF12,Haut-Rhin,7.358,48.08,15.75,6.773e+04,,278,179,86,125,15,39,0,3,44,195,1,74,35.03,0.6439,0.4123,0.3058,100,256.8,0.7195,4.262e+08,2.327e+08,6.589e+08,4.753e+07,0.07213
79,82.91,Roubaix,city_centre,FR,FRE11,Nord,3.174,50.69,3.32,9.889e+04,,122,88,29,64,9,15,2,4,23,77,0,44,24.14,0.7213,0.3869,0.4262,41,167.5,0.7679,3.034e+08,2.005e+08,5.039e+08,9.893e+07,0.1963
80,82.88,Jaca,city_centre,ES,ES241,Huesca,-0.5494,42.57,23.11,1.283e+04,,164,106,52,59,26,21,0,8,34,102,0,59,37.38,0.6463,0.3835,0.122,76,152.7,0.7502,6.777e+07,3.425e+07,1.02e+08,2.438e+06,0.0239
81,82.81,Olten,city_centre,CH,CH023,Solothurn,7.904,47.35,33.95,1.728e+04,,130,70,54,46,10,14,2,9,57,119,0,55,31.9,0.5385,0.4779,0.4,81,140.8,0.7477,3.618e+08,1.017e+08,4.636e+08,7.594e+06,0.01638
82,82.78,Langenthal,city_centre,CH,CH021,Bern / Berne,7.789,47.21,37.74,1.4e+04,,92,68,22,44,16,8,1,6,18,50,0,43,29.36,0.7391,0.3521,0.4348,40,119.6,0.8,1.711e+08,7.56e+07,2.467e+08,2.755e+06,0.01117
83,82.76,Pau,city_centre,FR,FRI15,Pyrénées-Atlantiques,-0.3686,43.3,47.86,7.707e+04,,491,299,159,200,45,54,2,3,161,290,1,99,36.1,0.609,0.3713,0.1731,173,472.3,0.701,7.164e+07,8.195e+07,1.536e+08,0,0
84,82.51,Sanremo,city_centre,IT,ITC31,Imperia,7.775,43.82,19.48,5.481e+04,,165,107,51,82,11,14,1,7,23,114,4,56,25.02,0.6485,0.4086,0.2545,92,176.3,0.7329,2.247e+08,1.131e+08,3.377e+08,2.28e+07,0.06752
85,82.4,Cambrai,city_centre,FR,FRE11,Nord,3.235,50.18,35.94,3.142e+04,,213,121,73,71,29,21,1,6,103,118,3,81,45.15,0.5681,0.3565,0.3005,106,195.2,0.7165,2.961e+08,1.271e+08,4.232e+08,1.267e+07,0.02994
86,82.32,Yverdon-les-Bains,city_centre,CH,CH011,Vaud,6.641,46.78,14.06,2.941e+04,,159,100,57,60,20,20,1,7,78,86,2,62,30.37,0.6289,0.351,0.2767,88,164,0.7281,4.221e+08,1.502e+08,5.723e+08,5.375e+06,0.009392
87,82.32,Wavre,city_centre,BE,BE310,Arr. Nivelles,4.61,50.72,57.06,3.35e+04,,151,115,31,63,29,23,0,5,48,47,0,70,36.3,0.7616,0.2374,0.2252,46,165.6,0.7488,2.126e+07,5.617e+07,7.743e+07,1.351e+06,0.01745
88,82.19,Imperia,city_centre,IT,ITC31,Imperia,8.029,43.89,31.4,4.237e+04,,244,149,82,95,29,25,0,6,109,115,2,91,46.71,0.6107,0.3203,0.1721,110,216,0.7069,2.217e+08,1.427e+08,3.644e+08,9.444e+06,0.02592
89,82.11,les Escaldes,city_centre,AD,AD,Andorra,1.54,42.51,12.42,,,62,47,10,34,5,8,4,5,6,57,0,28,19.92,0.7581,0.479,0.2581,25,148.1,0.7816,9.145e+07,9.457e+07,1.86e+08,3.466e+07,0.1863
90,82.09,Centre commercial Aushopping Englos Les Géants – Capinghem,commercial_zone,FR,FRE11,Nord,2.967,50.63,7.786,,95.21,117,88,21,45,34,9,3,4,15,12,0,48,30.2,0.7521,0.09302,0.7692,33,189.3,0.7466,2.249e+08,2.409e+08,4.658e+08,7.027e+07,0.1509
91,82.06,Zone commerciale Vendenheim,commercial_zone,FR,FRF11,Bas-Rhin,7.726,48.66,8.46,,146.2,161,119,29,49,57,13,0,8,8,26,0,54,29.01,0.7391,0.139,0.528,53,174.6,0.7392,2.018e+08,1.679e+08,3.697e+08,4.479e+07,0.1211
92,82.02,Roulers,city_centre,BE,BE256,Arr. Roeselare,3.124,50.94,16.84,,,244,172,58,136,24,12,1,4,57,131,0,69,24.55,0.7049,0.3493,0.1844,70,274.4,0.7051,3.411e+08,2.391e+08,5.802e+08,6.034e+07,0.104
93,81.98,Aix-les-Bains,city_centre,FR,FRK27,Savoie,5.915,45.69,48.88,3.187e+04,,147,92,48,60,17,15,0,5,42,97,2,62,37.33,0.6259,0.3975,0.2925,73,133.5,0.7471,5.9e+07,3.646e+07,9.545e+07,7.645e+06,0.08009
94,81.89,Porte d'Espagne – Perpignan,commercial_zone,FR,FRJ15,Pyrénées-Orientales,2.889,42.67,21.85,,107.8,118,88,21,54,23,11,1,7,11,20,0,46,29.58,0.7458,0.1449,0.7119,42,148.7,0.7606,1.779e+08,1.155e+08,2.934e+08,5.164e+06,0.0176
95,81.88,Neustadt an der Weinstraße,city_centre,DE,DEB36,"Neustadt an der Weinstraße, Kreisfreie Stadt",8.136,49.35,36.06,5.24e+04,,143,102,34,70,12,20,1,2,49,93,1,62,36.83,0.7133,0.3941,0.1748,45,167,0.7393,1.167e+08,9.155e+07,2.082e+08,3.241e+06,0.01556
96,81.84,Bretten,city_centre,DE,DE123,"Karlsruhe, Landkreis",8.707,49.04,35.56,2.859e+04,,93,63,28,33,18,12,2,8,32,46,1,47,29.96,0.6774,0.3309,0.2903,57,130.9,0.759,1.323e+08,7.565e+07,2.08e+08,8.737e+05,0.004201
97,81.81,Carouge,city_centre,CH,CH013,Genève,6.14,46.18,3.66,2.091e+04,,138,73,53,34,14,25,7,6,39,109,1,60,40.13,0.529,0.4413,0.1087,76,242,0.7075,3.376e+08,1.957e+08,5.332e+08,7.375e+07,0.1383
98,81.79,Blankenberghe,city_centre,BE,BE251,Arr. Brugge,3.132,51.31,47.81,,,172,116,49,80,14,22,1,3,63,130,0,52,25.77,0.6744,0.4305,0.2151,58,187.4,0.7224,4.537e+07,6.058e+07,1.059e+08,6.475e+06,0.06112
99,81.77,Biarritz,city_centre,FR,FRI15,Pyrénées-Atlantiques,-1.559,43.48,20.31,2.576e+04,,201,139,51,93,17,29,1,2,48,151,3,60,28.73,0.6915,0.429,0.1542,72,219.8,0.7113,1.488e+08,8.303e+07,2.318e+08,1.182e+07,0.05101
100,81.49,Saint-Martin-d'Hères,city_centre,FR,FRK24,Isère,5.754,45.18,69.37,3.845e+04,,117,81,31,64,7,10,2,3,27,53,1,52,27.81,0.6923,0.3118,0.5128,45,158.5,0.7433,1.16e+06,4.71e+06,5.87e+06,0,0
101,81.15,Ninove,city_centre,BE,BE231,Arr. Aalst,4.024,50.84,47.85,3.65e+04,,84,57,22,44,5,8,3,5,25,59,1,38,22.05,0.6786,0.4126,0.381,42,143.1,0.7483,3.298e+07,4.9e+07,8.197e+07,2.893e+06,0.03529
102,81.07,Annemasse,city_centre,FR,FRK28,Haute-Savoie,6.234,46.19,1.15,3.792e+04,,200,127,67,84,25,18,0,3,81,120,1,68,31.82,0.635,0.375,0.435,81,185.1,0.7005,4.106e+08,1.848e+08,5.954e+08,1.961e+08,0.3293
103,81.04,Emmendingen,city_centre,DE,DE133,Emmendingen,7.851,48.12,17.72,2.806e+04,,93,65,27,41,11,13,1,8,31,49,0,45,28.46,0.6989,0.3451,0.2473,51,113.6,0.7602,1.654e+08,1.037e+08,2.691e+08,2.028e+07,0.07536
104,81.01,Vintimille,city_centre,IT,ITC31,Imperia,7.603,43.79,5.989,2.419e+04,,207,134,63,94,29,11,0,6,47,100,4,64,31.73,0.6473,0.3257,0.1063,101,197.7,0.6961,1.92e+08,1.08e+08,3e+08,8.013e+07,0.2671
105,81,Charleville-Mézières,city_centre,FR,FRF21,Ardennes,4.721,49.77,9.766,4.64e+04,,162,96,58,63,13,20,2,2,54,105,2,60,33.55,0.5926,0.3933,0.3951,74,178,0.7061,4.046e+08,2.282e+08,6.328e+08,3.976e+07,0.06283
106,80.99,Béthune,city_centre,FR,FRE12,Pas-de-Calais,2.639,50.53,24.09,2.499e+04,,94,61,29,41,11,9,2,6,25,63,0,42,25.61,0.6489,0.4013,0.4043,47,128.8,0.7537,2.659e+08,1.128e+08,3.786e+08,6.91e+06,0.01825
107,80.98,Centre Commercial Salanca – Pia,commercial_zone,FR,FRJ15,Pyrénées-Orientales,2.913,42.77,32.5,,78.02,102,81,16,54,17,10,2,4,11,27,0,40,23.59,0.7941,0.2093,0.7745,28,158.5,0.7484,7.162e+07,8.93e+07,1.609e+08,2.981e+06,0.01852
108,80.94,Beausoleil,city_centre,FR,FRL03,Alpes-Maritimes,7.426,43.74,0.02361,1.267e+04,,127,100,23,83,11,6,1,6,13,76,2,45,18.05,0.7874,0.3744,0.378,51,168.2,0.7288,7.381e+07,8.33e+07,1.571e+08,2.942e+07,0.1873
109,80.93,Savone,city_centre,IT,ITC32,Savona,8.481,44.31,65.45,6.134e+04,,244,112,126,61,23,28,2,16,25,197,1,74,43.09,0.459,0.4467,0.1352,179,199.6,0.6822,3.808e+07,3.968e+07,7.777e+07,1.165e+04,0.0001498
110,80.84,Coni,city_centre,IT,ITC16,Cuneo,7.548,44.39,24.66,5.594e+04,,556,335,181,202,79,54,0,5,164,204,1,106,48,0.6025,0.2684,0.1079,201,486.3,0.6642,5.838e+08,3.75e+08,9.588e+08,4.677e+06,0.004878
111,80.82,Cap 3000 – Saint-Laurent-du-Var,commercial_zone,FR,FRL03,Alpes-Maritimes,7.194,43.66,19.1,,37.83,180,153,18,123,22,8,4,1,11,71,0,46,15.29,0.85,0.2829,0.7611,21,307.1,0.6903,7.033e+07,2.251e+08,2.954e+08,1.462e+07,0.04948
112,80.82,Waterloo,city_centre,BE,BE241,Arr. Halle-Vilvoorde,4.398,50.72,47.79,2.965e+04,,130,94,27,72,12,10,2,4,24,50,0,55,25.58,0.7231,0.2778,0.3077,39,178,0.7242,4.214e+07,8.952e+07,1.317e+08,6.08e+06,0.04618
113,80.78,Tarbes,city_centre,FR,FRJ26,Hautes-Pyrénées ,0.0781,43.23,51.92,4.396e+04,,160,103,46,70,19,14,0,4,53,79,3,73,36.52,0.6438,0.3305,0.2875,73,150.3,0.709,6.028e+07,4.721e+07,1.075e+08,8.728e+04,0.000812
114,80.75,Bruchsal,city_centre,DE,DE123,"Karlsruhe, Landkreis",8.598,49.12,31.88,4.291e+04,,103,75,25,49,12,14,1,5,28,58,1,43,26.45,0.7282,0.3602,0.233,45,128.3,0.7512,1.516e+08,9.372e+07,2.454e+08,1.789e+06,0.007293
115,80.68,Gap,city_centre,FR,FRL02,Hautes-Alpes ,6.082,44.56,61.57,4.05e+04,,173,107,63,72,12,23,1,4,48,100,0,60,32.1,0.6185,0.3663,0.2197,75,173.6,0.7027,2.769e+06,1.107e+07,1.384e+07,0,0
116,80.66,Sarrelouis,city_centre,DE,DEC04,Saarlouis,6.75,49.32,7.145,3.767e+04,,119,80,31,57,18,5,1,2,44,102,0,49,29.97,0.6723,0.4615,0.2689,37,138.5,0.7389,2.049e+08,1.693e+08,3.741e+08,7.052e+07,0.1885
117,80.6,La Galerie Albertville – Grignon,commercial_zone,FR,FRK27,Savoie,6.37,45.66,35.04,,55.58,102,73,23,34,31,8,1,4,20,17,0,56,40.94,0.7157,0.1429,0.6863,35,127.1,0.756,1.223e+08,5.514e+07,1.774e+08,8.223e+05,0.004635
118,80.53,Waregem,city_centre,BE,BE234,Arr. Gent,3.432,50.89,22.61,,,103,71,26,52,10,9,2,4,19,55,0,47,27.52,0.6893,0.3481,0.2816,38,143.8,0.7415,1.948e+08,1.294e+08,3.242e+08,4.141e+07,0.1277
119,80.52,Bühl,city_centre,DE,DE124,Rastatt,8.134,48.69,11.48,2.857e+04,,93,58,31,34,16,8,3,4,41,46,1,53,33.94,0.6237,0.3309,0.3333,48,144.6,0.7307,1.387e+08,1.11e+08,2.497e+08,1.902e+07,0.07617
120,80.51,Forum des Alpes – Plan-Conthey,commercial_zone,CH,CH012,Valais / Wallis,7.302,46.22,33.04,,42.6,99,63,27,30,27,6,6,8,22,19,0,45,30.45,0.6364,0.161,0.404,51,212.7,0.6984,2.13e+08,1.224e+08,3.354e+08,5.887e+05,0.001755
121,80.41,Eibar,city_centre,ES,ES212,Gipuzkoa,-2.473,43.18,58.64,2.71e+04,,225,128,87,71,37,20,0,11,97,104,2,72,38.2,0.5689,0.3161,0.1289,130,186,0.679,1.01e+07,1.379e+07,2.389e+07,1.679e+06,0.07027
122,80.39,Centre Commercial Aushopping Noyelles-Godault – Noyelles-Godault,commercial_zone,FR,FRE11,Nord,2.975,50.41,25.68,,106.1,157,119,32,97,16,6,0,7,14,38,0,47,19.73,0.758,0.1949,0.7261,53,176.7,0.7082,2.982e+08,1.936e+08,4.918e+08,2.917e+07,0.0593
123,80.38,Douai,city_centre,FR,FRE11,Nord,3.08,50.37,22.99,3.965e+04,,135,77,52,50,12,15,0,6,40,95,1,57,35.58,0.5704,0.413,0.3926,75,111,0.7306,3.627e+08,1.056e+08,4.683e+08,1.525e+07,0.03255
124,80.36,Achern,city_centre,DE,DE134,Ortenaukreis,8.074,48.63,12.75,2.462e+04,,99,67,29,34,18,15,1,5,34,47,1,51,33.39,0.6768,0.3219,0.2727,49,116,0.7472,1.687e+08,9.838e+07,2.671e+08,2.561e+07,0.09589
125,80.28,Calais,city_centre,FR,FRE12,Pas-de-Calais,1.854,50.95,50.8,6.738e+04,,117,65,47,39,16,10,1,5,48,116,3,50,31.24,0.5556,0.4979,0.2821,77,114.5,0.7237,8.459e+07,3.527e+07,1.199e+08,4.748e+06,0.03961
126,80.25,Spreitenbach,city_centre,CH,CH033,Aargau,8.364,47.42,61.36,1.248e+04,,87,62,19,47,9,6,3,5,10,20,0,39,25.31,0.7126,0.1869,0.6782,34,151.2,0.737,1.446e+07,3.704e+07,5.15e+07,4.715e+06,0.09156
127,80.2,Olot,city_centre,ES,ES512,Girona,2.489,42.18,17.01,2.922e+04,,168,99,63,53,25,21,0,12,32,82,2,63,40.05,0.5893,0.328,0.08929,109,142.2,0.6946,1.97e+08,5.951e+07,2.565e+08,1.019e+06,0.003975
128,80.12,Centre commercial Carrefour – Anthy-sur-Léman,commercial_zone,FR,FRK28,Haute-Savoie,6.438,46.35,7.378,,74.21,99,70,20,30,34,6,1,5,17,16,0,53,37.55,0.7071,0.1391,0.6364,35,123.2,0.7504,9.311e+07,7.112e+07,1.642e+08,2.195e+07,0.1337
129,80.06,SchwabenGalerie – Oberaichen,commercial_zone,DE,DE111,"Stuttgart, Stadtkreis",9.109,48.73,69.5,,17.49,75,42,29,18,13,11,3,7,36,49,1,49,37.86,0.56,0.3952,0.3333,55,119.7,0.7354,1.094e+07,2.252e+07,3.347e+07,7.669e+04,0.002292
130,79.99,Saint-Wendel,city_centre,DE,DEC06,St. Wendel,7.17,49.47,31.96,2.589e+04,,88,58,27,37,15,6,1,6,27,52,0,50,31.34,0.6591,0.3714,0.2614,45,105.2,0.7543,1.561e+08,8.241e+07,2.385e+08,5.646e+06,0.02367
131,79.88,Herrenberg,city_centre,DE,DE112,Böblingen,8.87,48.6,61.67,3.037e+04,,94,59,31,33,17,9,1,4,49,63,2,58,34.1,0.6277,0.4013,0.2766,53,105.8,0.7378,4.159e+06,1.055e+07,1.471e+07,0,0
132,79.8,Rivarolo Canavese,city_centre,IT,ITC11,Torino,7.723,45.33,42.91,1.198e+04,,195,146,44,95,32,19,0,4,52,48,0,56,30.87,0.7487,0.1975,0.1282,56,213.3,0.6792,6.97e+07,7.157e+07,1.413e+08,0,0
133,79.74,Pirmasens,city_centre,DE,DEB37,"Pirmasens, Kreisfreie Stadt",7.609,49.2,9.071,4.01e+04,,58,41,16,24,11,6,1,5,26,44,1,37,26.06,0.7069,0.4314,0.4138,36,79.7,0.7953,1.703e+08,6.577e+07,2.361e+08,7.381e+06,0.03127
134,79.57,Palafrugell,city_centre,ES,ES512,Girona,3.162,41.92,56.52,2.27e+04,,121,78,38,35,28,15,2,8,29,41,1,51,34.65,0.6446,0.2531,0.1157,67,152.5,0.6996,3.146e+06,7.318e+06,1.046e+07,5.428e+04,0.005187
135,79.54,Kehl,city_centre,DE,DE134,Ortenaukreis,7.811,48.57,0.6167,3.399e+04,,120,62,51,44,11,7,2,7,46,84,1,54,33.03,0.5167,0.4118,0.3417,77,130.9,0.7015,3.055e+08,1.221e+08,4.276e+08,1.983e+08,0.4638
136,79.44,Schwetzingen,city_centre,DE,DE128,Rhein-Neckar-Kreis,8.574,49.38,52.03,2.115e+04,,115,85,27,52,17,16,0,2,61,80,1,55,33.22,0.7391,0.4103,0.2609,38,122.7,0.726,2.706e+07,4.268e+07,6.974e+07,2.526e+05,0.003622
137,79.41,Espace Antibes – Vallauris,commercial_zone,FR,FRL03,Alpes-Maritimes,7.08,43.6,30.26,,43.76,77,52,14,19,22,11,1,6,20,16,0,54,42.64,0.6753,0.172,0.6494,32,94.7,0.7627,1.013e+08,6.523e+07,1.665e+08,3.461e+06,0.02079
138,79.23,Bremgarten AG,city_centre,CH,CH033,Aargau,8.342,47.35,62.43,8871,,79,47,24,22,6,19,5,6,21,34,0,48,33.35,0.5949,0.3009,0.2532,42,164.8,0.7016,7.856e+06,2.478e+07,3.264e+07,2.2e+06,0.06739
139,79.21,Lahr/Schwarzwald,city_centre,DE,DE134,Ortenaukreis,7.871,48.34,9.332,4.373e+04,,75,41,30,24,8,9,3,6,20,68,2,40,28.28,0.5467,0.4755,0.3467,58,118.8,0.7239,2.211e+08,1.01e+08,3.221e+08,2.053e+07,0.06374
140,79.2,Frankenthal (Pfalz),city_centre,DE,DEB31,"Frankenthal (Pfalz), Kreisfreie Stadt",8.354,49.54,61.19,4.7e+04,,101,58,40,36,12,10,1,9,34,60,1,50,31.81,0.5743,0.3727,0.3267,72,104,0.7185,3.263e+07,3.058e+07,6.321e+07,5.558e+05,0.008793
141,79.16,La Chaux-de-Fonds,city_centre,CH,CH024,Neuchâtel,6.833,47.1,3.71,3.903e+04,,131,72,48,42,13,17,1,8,56,105,1,57,29.94,0.5496,0.4449,0.1603,77,122.9,0.6952,3.394e+08,9.011e+07,4.295e+08,1.751e+07,0.04077
142,79.11,Haguenau,city_centre,FR,FRF11,Bas-Rhin,7.789,48.82,15.02,3.572e+04,,132,91,36,66,14,11,0,3,23,65,6,55,31.44,0.6894,0.3299,0.2803,75,133.2,0.6982,2.755e+08,9.827e+07,3.738e+08,2.401e+07,0.06423
143,79.1,Rhein-Neckar-Zentrum – Viernheim,commercial_zone,DE,DE126,"Mannheim, Stadtkreis",8.567,49.53,66.24,,33.06,96,71,19,50,15,6,4,4,8,19,1,38,20.48,0.7396,0.1652,0.6354,36,184.7,0.6964,9.675e+06,4.291e+07,5.258e+07,1.921e+05,0.003653
144,78.98,Errenteria,city_centre,ES,ES212,Gipuzkoa,-1.899,43.31,10.03,3.85e+04,,153,81,65,43,21,17,0,10,53,101,0,61,38.13,0.5294,0.3976,0.1373,95,116.4,0.6851,1.737e+08,4.969e+07,2.234e+08,3.894e+07,0.1743
145,78.86,Zone Commerciale du Mas Guérido – Cabestany,commercial_zone,FR,FRJ15,Pyrénées-Orientales,2.923,42.69,23.06,,42.63,110,68,25,24,36,8,2,6,28,22,0,59,44.04,0.6182,0.1667,0.3636,43,139.6,0.7036,1.368e+08,8.954e+07,2.263e+08,2.766e+06,0.01222
146,78.71,Saint-Quentin,city_centre,FR,FRE21,Aisne,3.288,49.85,59.11,5.296e+04,,160,86,64,60,17,9,0,6,68,97,1,60,30.49,0.5375,0.3774,0.3937,87,126.3,0.6738,3.61e+07,3.036e+07,6.645e+07,5.556e+05,0.008361
147,78.64,Rheinfelden (Baden),city_centre,DE,DE139,Lörrach,7.787,47.56,15.17,3.224e+04,,99,60,33,42,11,7,1,8,53,50,1,51,31.1,0.6061,0.3356,0.2121,62,107.9,0.7047,3.231e+08,1.163e+08,4.394e+08,2.45e+08,0.5576
148,78.55,Fribourg,city_centre,CH,CH022,Fribourg / Freiburg,7.161,46.81,43.43,3.748e+04,,95,54,34,29,13,12,2,3,24,109,3,47,33.17,0.5684,0.5343,0.1053,58,117.4,0.7087,1.675e+08,6.886e+07,2.364e+08,2.035e+05,0.0008609
149,78.45,Liestal,city_centre,CH,CH032,Basel-Landschaft,7.735,47.48,15.3,1.381e+04,,65,44,16,23,10,11,1,5,23,41,2,39,26.66,0.6769,0.3868,0.3846,41,82.7,0.7581,2.07e+08,8.315e+07,2.902e+08,2.688e+07,0.09263
150,78.42,Bourg-en-Bresse,city_centre,FR,FRK21,Ain,5.225,46.21,57.07,4.152e+04,,159,107,40,79,16,12,0,1,60,110,3,65,31.48,0.673,0.4089,0.4025,58,156.9,0.6699,1.39e+07,1.546e+07,2.936e+07,1.215e+06,0.04141
151,78.42,Zarautz,city_centre,ES,ES212,Gipuzkoa,-2.172,43.28,32.17,2.297e+04,,124,70,53,48,14,8,0,12,28,101,1,49,26.83,0.5645,0.4489,0.129,94,102.6,0.6937,9.848e+07,3.139e+07,1.299e+08,8.726e+06,0.06719
152,78.05,Freudenstadt,city_centre,DE,DE12C,Freudenstadt,8.411,48.46,43.74,2.389e+04,,103,67,34,48,7,12,0,5,21,53,1,53,31.64,0.6505,0.3397,0.2816,54,96.9,0.7219,5.541e+07,2.491e+07,8.031e+07,8.691e+05,0.01082
153,78,Hombourg,city_centre,DE,DEC05,Saarpfalz-Kreis,7.341,49.32,16.54,4.204e+04,,89,54,32,31,15,8,0,6,32,62,1,49,31.39,0.6067,0.4106,0.2584,55,78.6,0.7282,2.361e+08,8.335e+07,3.195e+08,1.999e+07,0.06258
154,77.9,Dillingen/Saar,city_centre,DE,DEC04,Saarlouis,6.724,49.36,9.133,2.018e+04,,64,39,23,22,7,10,2,6,16,51,0,38,26.89,0.6094,0.4435,0.2344,41,95.5,0.7329,2.412e+08,1.2e+08,3.612e+08,5.887e+07,0.163
155,77.83,Zermatt,city_centre,CH,CH012,Valais / Wallis,7.749,46.02,55.73,5786,,97,69,25,53,1,15,1,4,10,90,0,31,19.78,0.7113,0.4813,0.134,37,119,0.7162,0,0,0,0,
155,77.83,Ivrée,city_centre,IT,ITC11,Torino,7.875,45.47,54.46,2.354e+04,,132,83,45,45,24,14,1,2,32,94,2,51,35.47,0.6288,0.4159,0.07576,61,140.3,0.6773,1.361e+07,3.046e+07,4.406e+07,673.4,1.528e-05
157,77.71,Rivoli,city_centre,IT,ITC11,Torino,7.518,45.07,36.44,4.979e+04,,145,85,50,54,14,17,1,5,36,62,1,61,37.29,0.5862,0.2995,0.1448,70,142.4,0.6664,2.675e+08,1.208e+08,3.883e+08,1.914e+06,0.00493
158,77.69,Sallanches,city_centre,FR,FRK28,Haute-Savoie,6.63,45.94,18.44,1.713e+04,,106,69,29,36,18,15,1,3,49,43,1,61,38.49,0.6509,0.2886,0.217,43,119,0.6968,1.211e+08,5.648e+07,1.776e+08,1.442e+07,0.08118
159,77.68,Villeneuve-d'Ascq,city_centre,FR,FRE11,Nord,3.131,50.62,8.386,6.207e+04,,132,112,17,86,16,10,1,1,18,47,0,49,21.9,0.8485,0.2626,0.8485,20,185,0.6758,1.462e+08,2.398e+08,3.86e+08,7.4e+07,0.1917
160,77.62,Centro Comercial La Morea – Cordovilla / Kordoba,commercial_zone,ES,ES220,Navarra,-1.632,42.79,32.8,,31.57,83,68,12,52,11,5,2,4,8,21,0,33,19.43,0.8193,0.2019,0.6024,24,140.5,0.7056,6.784e+07,1.026e+08,1.704e+08,1.107e+06,0.006497
161,77.51,Rastatt,city_centre,DE,DE124,Rastatt,8.204,48.86,5.925,4.711e+04,,71,40,28,26,9,5,2,5,40,55,1,36,25.63,0.5634,0.4365,0.4225,48,98.5,0.708,2.069e+08,1.007e+08,3.075e+08,2.1e+07,0.06828
162,77.33,Pontarlier,city_centre,FR,FRC21,Doubs,6.355,46.9,6.486,1.785e+04,,155,101,41,68,21,12,0,3,63,55,1,66,31.17,0.6516,0.2619,0.3226,55,147.9,0.6566,1.774e+08,9.165e+07,2.691e+08,4.55e+07,0.1691
163,77.12,La Louvière,city_centre,BE,BE329,Arr. La Louvière,4.186,50.48,17.52,7.949e+04,,138,86,46,55,25,6,0,3,59,99,0,58,32.66,0.6232,0.4177,0.1087,55,127.2,0.6694,2.565e+08,1.328e+08,3.893e+08,2.176e+07,0.0559
164,77.1,Knocke-Heist,city_centre,BE,BE251,Arr. Brugge,3.288,51.34,59.04,3.403e+04,,102,73,26,44,18,11,1,3,9,36,0,47,27.64,0.7157,0.2609,0.2941,35,126.2,0.6993,1.351e+07,2.98e+07,4.331e+07,3.27e+06,0.07549
165,77.04,Sinsheim,city_centre,DE,DE128,Rhein-Neckar-Kreis,8.877,49.25,56.74,3.704e+04,,95,57,35,31,15,11,1,5,34,40,1,50,33.01,0.6,0.2963,0.3263,55,102.2,0.6919,2.11e+07,2.565e+07,4.675e+07,1.176e+05,0.002516
166,76.98,Bulle,city_centre,CH,CH022,Fribourg / Freiburg,7.058,46.62,28.01,2.71e+04,,58,35,18,14,6,15,3,4,15,54,1,33,25.46,0.6034,0.4821,0.1034,35,108,0.7077,1.969e+08,7.274e+07,2.696e+08,3.087e+05,0.001145
167,76.97,Brugg,city_centre,CH,CH033,Aargau,8.209,47.48,48.11,1.109e+04,,70,44,23,19,10,15,1,6,30,43,0,38,25.04,0.6286,0.3805,0.5,41,81.5,0.728,3.271e+07,2.747e+07,6.018e+07,5.161e+06,0.08575
168,76.89,Centre Commercial Carrefour Essey-lès-Nancy – Pulnoy,commercial_zone,FR,FRF31,Meurthe-et-Moselle ,6.245,48.71,62.15,,104.5,104,58,28,22,27,9,1,11,19,21,0,59,42.18,0.5577,0.168,0.5385,61,104.3,0.6829,1.096e+07,1.222e+07,2.318e+07,1.277e+06,0.05509
169,76.75,Hernani,city_centre,ES,ES212,Gipuzkoa,-1.975,43.27,17.88,1.754e+04,,158,81,71,39,35,7,1,7,51,73,0,64,39.68,0.5127,0.316,0.09494,92,139.4,0.6332,1.536e+08,5.684e+07,2.105e+08,2.2e+07,0.1045
170,76.62,Shopping Cora La Louvière – La Louvière,commercial_zone,BE,BE329,Arr. La Louvière,4.202,50.48,18.77,,24.83,69,55,12,35,13,7,1,3,14,14,0,41,29.19,0.7971,0.1687,0.6377,21,100.4,0.7357,1.146e+08,1.18e+08,2.326e+08,1.459e+07,0.06274
171,76.53,Deynze,city_centre,BE,BE234,Arr. Gent,3.527,50.98,34.21,,,88,61,23,41,11,9,1,3,17,51,0,39,24.29,0.6932,0.3669,0.2727,32,108.8,0.7002,1.066e+08,7.331e+07,1.799e+08,1.425e+07,0.07921
172,76.47,Tolosa,city_centre,ES,ES212,Gipuzkoa,-2.072,43.14,32.8,1.335e+04,,124,78,43,50,18,10,0,4,29,84,2,50,27.03,0.629,0.4038,0.1129,65,114,0.6671,8.096e+07,3.742e+07,1.184e+08,6.811e+06,0.05753
173,76.43,Waldkirch,city_centre,DE,DE133,Emmendingen,7.961,48.09,26.12,2.114e+04,,78,51,22,32,9,10,3,5,23,35,1,40,24.54,0.6538,0.3097,0.1154,42,133.5,0.6721,9.908e+07,9.601e+07,1.951e+08,1.351e+07,0.06923
174,76.42,Molenbeek-Saint-Jean,city_centre,BE,BE100,Arr. de Bruxelles-Capitale/Arr. Brussel-Hoofdstad,4.339,50.85,59.43,,,105,62,39,33,12,17,0,5,17,96,2,47,29.09,0.5905,0.4776,0.04762,64,87.9,0.6913,3.229e+07,3.266e+07,6.496e+07,2.123e+06,0.03268
175,76.42,Mercy,city_centre,DE,DEC02,Merzig-Wadern,6.637,49.44,6.396,2.967e+04,,82,50,26,33,9,8,4,2,18,49,0,38,25.14,0.6098,0.374,0.1707,32,152.6,0.6649,1.577e+08,1.71e+08,3.287e+08,8.443e+07,0.2569
176,76.36,Montreux,city_centre,CH,CH011,Vaud,6.913,46.43,7.085,2.621e+04,,80,63,16,47,7,9,1,3,16,63,1,34,16.93,0.7875,0.4406,0.2375,30,111.8,0.6977,1.244e+08,9.737e+07,2.218e+08,2.024e+06,0.009126
177,76.35,Wil-sur-le-Rhin,city_centre,DE,DE139,Lörrach,7.612,47.59,1.481,3e+04,,74,46,24,36,6,4,4,6,11,27,0,35,21.28,0.6216,0.2673,0.5405,42,147.8,0.6624,2.846e+08,1.855e+08,4.701e+08,2.893e+08,0.6155
178,76.15,Centre Commercial Porte Nord – Hesdigneul-lès-Béthune,commercial_zone,FR,FRE12,Pas-de-Calais,2.578,50.49,29.81,,96.09,76,53,14,25,21,7,1,4,11,23,0,38,25.4,0.6974,0.2323,0.6842,26,97.4,0.7197,1.293e+08,7.411e+07,2.034e+08,3.227e+06,0.01587
179,76.15,Shopping Froyennes – Froyennes,commercial_zone,BE,BE328,Arr. Tournai-Mouscron,3.372,50.62,7.341,,32.74,65,53,9,14,33,6,1,6,6,5,0,35,28.78,0.8154,0.07143,0.4462,27,97.7,0.7256,1.365e+08,1.084e+08,2.449e+08,7.61e+07,0.3107
180,75.99,Montbéliard,city_centre,FR,FRC21,Doubs,6.798,47.51,13.65,2.557e+04,,136,88,39,61,14,13,0,2,58,85,0,64,29.38,0.6471,0.3846,0.2868,45,128.1,0.6521,2.225e+08,1.128e+08,3.353e+08,1.381e+07,0.04119
181,75.87,Cité Europe – Coquelles,commercial_zone,FR,FRE12,Pas-de-Calais,1.809,50.93,54.29,,47.44,137,109,16,90,13,6,3,2,10,25,0,42,14.48,0.7956,0.1543,0.5985,22,221.7,0.6185,1.796e+07,5.59e+07,7.386e+07,5.123e+06,0.06935
182,75.84,La Galerie Val Semnoz – Vieugy,commercial_zone,FR,FRK28,Haute-Savoie,6.093,45.88,28.91,,47.87,59,44,13,29,10,5,1,4,12,15,0,36,26.44,0.7458,0.2027,0.8136,25,84.5,0.7448,8.031e+07,4.849e+07,1.288e+08,1.377e+07,0.1069
183,75.77,Thionville,city_centre,FR,FRF33,Moselle,6.168,49.36,11.63,4.216e+04,,75,51,21,30,9,12,1,2,11,55,1,42,25.26,0.68,0.4231,0.4,32,92.9,0.7165,1.99e+08,1.259e+08,3.249e+08,8.178e+07,0.2517
184,75.72,Saint-Jean-de-Luz,city_centre,FR,FRI15,Pyrénées-Atlantiques,-1.664,43.39,8.107,1.46e+04,,277,174,73,126,22,26,0,2,63,147,2,65,27.26,0.6282,0.3467,0.1444,89,253.2,0.588,1.393e+08,8.509e+07,2.244e+08,3.501e+07,0.156
185,75.7,St. Ingbert,city_centre,DE,DEC05,Saarpfalz-Kreis,7.116,49.28,11.45,3.625e+04,,67,43,22,27,10,6,1,3,28,49,0,41,28.65,0.6418,0.4224,0.3284,31,82.7,0.7259,1.568e+08,1.036e+08,2.604e+08,3.393e+07,0.1303
186,75.63,Thonon-les-Bains,city_centre,FR,FRK28,Haute-Savoie,6.478,46.37,6.16,3.703e+04,,86,48,36,26,9,13,1,5,19,52,1,43,31.31,0.5581,0.3768,0.2907,56,88.1,0.6808,1.404e+08,4.552e+07,1.859e+08,1.48e+07,0.07962
187,75.63,Saint-Raphaël,city_centre,FR,FRL05,Var,6.769,43.43,61.79,3.595e+04,,162,99,57,80,10,9,0,3,31,102,2,47,23.54,0.6111,0.3864,0.2716,76,145.8,0.6229,7.882e+06,1.552e+07,2.34e+07,2.746e+05,0.01174
188,75.62,Audenarde,city_centre,BE,BE235,Arr. Oudenaarde,3.604,50.84,28.94,,,68,50,16,40,6,4,1,3,17,49,0,35,19.47,0.7353,0.4188,0.4118,25,93.8,0.7204,9.655e+07,6.127e+07,1.578e+08,9.32e+06,0.05906
189,75.58,Grammont,city_centre,BE,BE231,Arr. Aalst,3.883,50.77,36.28,3.32e+04,,94,67,22,53,7,7,2,1,16,60,0,42,21.06,0.7128,0.3896,0.2553,25,138.4,0.666,6.039e+07,6.38e+07,1.242e+08,8.9e+06,0.07166
190,75.48,Oñati,city_centre,ES,ES212,Gipuzkoa,-2.414,43.03,61.76,9989,,86,63,23,19,35,9,0,5,10,37,1,33,26.57,0.7326,0.3008,0.05814,43,91.8,0.694,1.174e+06,4.378e+06,5.552e+06,1.324e+05,0.02384
191,75.45,Zone commerciale Beveren,commercial_zone,BE,BE256,Arr. Roeselare,3.12,50.97,19.52,,38.86,79,60,11,23,30,7,2,2,6,12,0,37,25.38,0.7595,0.1319,0.4557,17,127.9,0.6787,8.539e+07,1.088e+08,1.942e+08,2.005e+07,0.1032
192,75.37,Porrentruy,city_centre,CH,CH025,Jura,7.076,47.42,6.341,6574,,63,36,24,20,9,7,2,5,25,40,0,39,28.84,0.5714,0.3883,0.254,39,91.9,0.6879,1.321e+08,4.165e+07,1.737e+08,1.852e+07,0.1066
193,75.32,Diano Marina,city_centre,IT,ITC31,Imperia,8.082,43.91,33.98,6159,,116,63,48,41,12,10,0,5,29,88,1,55,34.46,0.5431,0.4314,0.0431,68,91.5,0.6588,9.495e+07,4.982e+07,1.448e+08,2.127e+06,0.01469
194,75.27,Saint-Gilles,city_centre,BE,BE100,Arr. de Bruxelles-Capitale/Arr. Brussel-Hoofdstad,4.345,50.83,56.58,,,133,52,76,11,14,27,1,6,35,164,5,57,31.32,0.391,0.5522,0.09774,119,89.9,0.6268,6.622e+07,3.351e+07,9.973e+07,2.734e+06,0.02741
195,75.25,Tiengen,city_centre,DE,DE13A,Waldshut,8.277,47.64,51.62,8900,,61,37,20,23,5,9,2,7,30,28,0,46,30.8,0.6066,0.3146,0.1311,41,92.8,0.6801,1.387e+07,1.723e+07,3.11e+07,1.245e+07,0.4004
196,75.17,Oftringen,city_centre,CH,CH023,Solothurn,7.921,47.31,37.2,1.512e+04,,42,31,8,15,9,7,3,4,4,10,0,29,22.48,0.7381,0.1923,0.619,20,104.4,0.7132,8.941e+07,7.852e+07,1.679e+08,5.016e+06,0.02987
197,75.12,Palamós,city_centre,ES,ES512,Girona,3.128,41.85,63.93,9926,,79,48,27,29,10,9,0,4,23,124,2,43,28.49,0.6076,0.6108,0.08861,49,69.3,0.706,1.467e+06,2.791e+06,4.257e+06,3969,0.0009322
198,75.05,Chieri,city_centre,IT,ITC11,Torino,7.822,45.01,60.37,3.287e+04,,137,80,45,52,16,12,2,2,42,56,1,58,33.46,0.5839,0.2902,0.09489,56,156.4,0.616,1.747e+07,3.895e+07,5.642e+07,0,0
199,75.02,Huy,city_centre,BE,BE331,Arr. Huy,5.241,50.52,48.11,2.135e+04,,66,42,22,24,7,11,1,3,15,71,0,38,27.49,0.6364,0.5182,0.1667,31,79.7,0.7243,1.725e+07,2.254e+07,3.979e+07,1.284e+05,0.003226
200,75,Deux-Ponts,city_centre,DE,DEB3A,"Zweibrücken, Kreisfreie Stadt",7.364,49.25,8.263,3.408e+04,,51,28,20,19,4,5,3,6,14,38,2,29,21.64,0.549,0.427,0.451,48,100.5,0.6686,2.21e+08,1.05e+08,3.26e+08,2.558e+07,0.07848
201,75,Jette,city_centre,BE,BE100,Arr. de Bruxelles-Capitale/Arr. Brussel-Hoofdstad,4.325,50.88,61.3,,,149,71,73,34,19,18,1,6,75,86,1,59,28.4,0.4765,0.366,0.1946,96,121.1,0.6045,3.705e+07,3.773e+07,7.478e+07,2.368e+06,0.03167
202,74.96,Locres,city_centre,BE,BE236,Arr. Sint-Niklaas,3.99,51.1,68.08,5.031e+04,,89,60,25,32,18,10,0,3,36,49,0,52,33.02,0.6742,0.3551,0.1573,34,87,0.6867,8.45e+06,1.675e+07,2.52e+07,1.852e+06,0.07348
203,74.9,Roses,city_centre,ES,ES512,Girona,3.176,42.26,19.02,1.145e+04,,55,35,19,25,8,2,0,10,12,75,2,29,18.12,0.6364,0.5769,0.3091,59,51.9,0.7243,1.041e+08,1.878e+07,1.229e+08,4.648e+06,0.03782
204,74.87,Bernkastel-Kues,city_centre,DE,DEB22,Bernkastel-Wittlich,7.071,49.92,65.96,6972,,98,67,31,41,4,22,0,4,15,73,0,40,22.54,0.6837,0.4269,0.08163,43,93.9,0.6778,2.729e+06,9.467e+06,1.22e+07,3.232e+06,0.265
205,74.8,Schlieren,city_centre,CH,CH040,Zürich,8.444,47.4,67.88,1.841e+04,,59,30,25,13,11,6,3,6,34,37,0,40,27.05,0.5085,0.3854,0.3729,43,103.2,0.6628,1.01e+07,1.795e+07,2.805e+07,2.354e+06,0.08394
206,74.76,Sant Feliu de Guíxols,city_centre,ES,ES512,Girona,3.028,41.78,68.62,2.241e+04,,75,43,30,26,9,8,0,9,16,78,2,35,21.42,0.5733,0.5098,0.2,67,62.1,0.6844,1.496e+06,2.524e+06,4.02e+06,1.919e+04,0.004774
207,74.69,Dietikon,city_centre,CH,CH033,Aargau,8.403,47.41,64.61,2.79e+04,,78,39,34,26,9,4,1,9,57,56,2,44,24.46,0.5,0.4179,0.3077,71,77.3,0.648,2.219e+07,1.554e+07,3.773e+07,2.697e+06,0.07149
208,74.57,Delémont,city_centre,CH,CH025,Jura,7.354,47.36,8.004,1.181e+04,,57,39,15,23,10,6,2,5,9,24,0,32,21.76,0.6842,0.2963,0.3509,30,96.7,0.6934,1.583e+08,6.477e+07,2.231e+08,7.615e+06,0.03414
209,74.55,Wohlen,city_centre,CH,CH033,Aargau,8.279,47.35,58.1,1.782e+04,,60,35,18,23,8,4,3,4,23,29,1,37,24.45,0.5833,0.3258,0.4,35,111.3,0.6592,1.484e+07,2.502e+07,3.987e+07,2.379e+06,0.05967
210,74.48,Gérardmer,city_centre,FR,FRF34,Vosges,6.878,48.07,51.56,7833,,117,69,34,45,12,12,1,3,26,59,2,51,30,0.5897,0.3352,0.1624,53,119.9,0.6334,4.068e+06,7.092e+06,1.116e+07,0,0
211,74.47,C.C. Valentin – École-Valentin,commercial_zone,FR,FRC21,Doubs,5.993,47.28,51.24,,49.46,85,47,31,22,19,6,1,7,10,17,0,53,38.69,0.5529,0.1667,0.5882,52,88.7,0.6649,1.916e+07,1.402e+07,3.319e+07,1.276e+05,0.003844
212,74.42,Lons-le-Saunier,city_centre,FR,FRC22,Jura,5.559,46.67,43.65,1.704e+04,,163,106,46,73,15,18,0,1,44,68,2,68,34.73,0.6503,0.2944,0.2883,59,153.6,0.6028,4.234e+07,2.594e+07,6.828e+07,1.049e+04,0.0001537
213,74.41,Shop'in Cambrai – Proville,commercial_zone,FR,FRE11,Nord,3.221,50.15,38.19,,67.89,89,58,22,33,15,10,1,3,14,5,0,51,36.04,0.6517,0.05319,0.6966,31,104,0.666,8.48e+07,6.501e+07,1.498e+08,5.222e+06,0.03486
214,74.3,Meroil Salt 2 – Salt,commercial_zone,ES,ES512,Girona,2.78,41.97,42.19,,21.02,93,82,7,59,12,11,1,3,13,19,0,36,17.25,0.8817,0.1696,0.5806,16,139.7,0.6503,5.657e+06,2.671e+07,3.236e+07,3.16e+06,0.09766
215,74.01,Saarpark Center – Neunkirchen (Saar),commercial_zone,DE,DEC03,Neunkirchen,7.174,49.35,20.18,,15.67,94,73,19,64,6,3,2,1,14,24,0,36,17.31,0.7766,0.2034,0.7447,22,148.6,0.6336,1.042e+08,1.709e+08,2.751e+08,2.28e+07,0.08287
216,73.93,Berthoud,city_centre,CH,CH021,Bern / Berne,7.624,47.06,45.26,1.729e+04,,68,38,30,23,9,6,0,12,26,45,0,40,25.29,0.5588,0.3982,0.2794,66,55.2,0.6799,1.107e+08,2.734e+07,1.381e+08,6.956e+05,0.005038
217,73.91,Bra,city_centre,IT,ITC16,Cuneo,7.854,44.7,59.47,3.022e+04,,165,101,50,55,24,22,0,2,40,76,0,70,41.39,0.6121,0.3154,0.08485,56,144.9,0.603,1.911e+07,3.874e+07,5.785e+07,0,0
218,73.85,Le Warens – Sallanches,commercial_zone,FR,FRK28,Haute-Savoie,6.629,45.95,19.7,,15.04,48,28,9,14,9,5,7,4,8,4,0,32,24.26,0.5833,0.07692,0.6458,21,180.5,0.6113,5.651e+07,8.43e+07,1.408e+08,1.926e+07,0.1368
219,73.82,Calw,city_centre,DE,DE12A,Calw,8.74,48.71,46.63,2.237e+04,,65,40,22,26,7,7,2,2,29,33,1,43,28.86,0.6154,0.3367,0.2154,33,97.9,0.6578,1.728e+07,2.127e+07,3.855e+07,2.073e+04,0.0005377
220,73.81,Tubize,city_centre,BE,BE241,Arr. Halle-Vilvoorde,4.205,50.69,39.29,2.2e+04,,65,39,24,18,14,7,1,4,29,38,0,44,29.9,0.6,0.3689,0.3231,36,76.4,0.6945,6.761e+07,4.41e+07,1.117e+08,4.727e+06,0.04231
221,73.78,Waldshut,city_centre,DE,DE13A,Waldshut,8.212,47.62,46.7,1.1e+04,,76,55,19,40,8,7,0,4,13,44,0,38,21.45,0.7237,0.3667,0.3421,31,80.4,0.7011,2.4e+07,2.323e+07,4.724e+07,1.783e+07,0.3775
222,73.68,Nagold,city_centre,DE,DE12A,Calw,8.723,48.55,54.46,2.124e+04,,72,44,25,31,6,7,1,4,16,43,2,38,26.08,0.6111,0.3739,0.1806,47,83.9,0.6628,2.214e+06,4.196e+06,6.409e+06,0,0
223,73.67,Nivelles,city_centre,BE,BE310,Arr. Nivelles,4.324,50.6,33.9,2.749e+04,,87,51,32,26,10,15,0,3,51,76,0,57,34.84,0.5862,0.4663,0.09195,41,72,0.6689,1.254e+08,5.908e+07,1.845e+08,6.834e+06,0.03704
224,73.66,Zone commerciale Ostende,commercial_zone,BE,BE255,Arr. Oostende,2.903,51.2,27.88,,48.05,73,55,13,19,32,4,1,6,1,3,0,31,22,0.7534,0.03947,0.6301,31,101.3,0.6719,1.069e+08,6.364e+07,1.706e+08,1.022e+07,0.05988
225,73.63,Braine-l'Alleud,city_centre,BE,BE310,Arr. Nivelles,4.369,50.68,43.46,,,87,49,30,29,10,10,0,4,48,53,0,52,30.29,0.5632,0.3786,0.4023,42,70.5,0.6664,4.141e+07,3.257e+07,7.398e+07,2.688e+06,0.03634
226,73.58,Zone commerciale de Neunkirch – Sarreguemines,commercial_zone,FR,FRF33,Moselle,7.092,49.12,1.546,,30.26,48,31,11,11,15,5,3,5,5,7,0,31,25.02,0.6458,0.1273,0.6667,26,105,0.671,1.008e+08,7.972e+07,1.805e+08,4.415e+07,0.2445
227,73.57,Wiesloch,city_centre,DE,DE128,Rhein-Neckar-Kreis,8.699,49.29,49.58,2.612e+04,,62,37,18,28,2,7,2,3,19,38,1,39,25.61,0.5968,0.38,0.2742,32,93.4,0.6662,2.385e+07,3.259e+07,5.644e+07,2.476e+05,0.004386
228,73.53,Lenzburg,city_centre,CH,CH033,Aargau,8.182,47.39,49.75,1.018e+04,,60,41,17,25,9,7,1,3,19,31,1,41,29.61,0.6833,0.3407,0.15,31,79.4,0.696,3.304e+07,2.904e+07,6.208e+07,3.142e+06,0.0506
229,73.44,Leonberg,city_centre,DE,DE112,Böblingen,9.015,48.8,60.27,4.546e+04,,56,31,21,20,6,5,3,2,38,50,0,40,25.97,0.5536,0.4717,0.08929,27,105,0.6463,9.356e+06,2.558e+07,3.494e+07,1.014e+05,0.002903
230,73.43,Donaueschingen,city_centre,DE,DE136,Schwarzwald-Baar-Kreis,8.496,47.95,65.34,2.143e+04,,54,34,17,18,5,11,1,5,6,33,1,35,26.6,0.6296,0.3793,0.3519,37,67.7,0.718,1.245e+06,3.159e+06,4.404e+06,8232,0.001869
231,73.43,Centre Commercial Puget-sur-Argens – Puget-sur-Argens,commercial_zone,FR,FRL05,Var,6.704,43.44,65.35,,32.94,66,53,10,30,18,5,1,4,7,11,0,32,20.84,0.803,0.1429,0.697,22,98,0.6903,4.114e+06,1.449e+07,1.861e+07,2.839e+05,0.01526
232,73.36,Shoppyland – Moosseedorf,commercial_zone,CH,CH021,Bern / Berne,7.492,47.02,46.94,,31.26,52,40,8,31,7,2,3,3,5,8,0,31,17.42,0.7692,0.1333,0.6538,17,119.4,0.6546,4.571e+07,8.244e+07,1.282e+08,1.199e+06,0.009357
233,73.29,Banyoles,city_centre,ES,ES512,Girona,2.765,42.12,25.95,2.072e+04,,88,55,32,25,9,21,0,5,17,52,0,37,29.28,0.625,0.3714,0.05682,47,76.2,0.6709,4.65e+07,2.033e+07,6.683e+07,1.568e+06,0.02346
233,73.29,Vilvorde,city_centre,BE,BE100,Arr. de Bruxelles-Capitale/Arr. Brussel-Hoofdstad,4.423,50.93,69.34,,,57,37,18,27,5,5,1,3,23,61,0,32,19.98,0.6491,0.5169,0.4386,27,74,0.7117,4.916e+06,1.603e+07,2.094e+07,3.342e+05,0.01596
235,73.19,Eppingen,city_centre,DE,DE118,"Heilbronn, Landkreis",8.91,49.14,52.99,2.092e+04,,62,38,20,24,8,6,1,5,18,33,1,40,27.97,0.6129,0.3474,0.2258,40,75.2,0.6853,9.313e+06,1.184e+07,2.115e+07,9728,0.00046
236,73.15,Centre commercial Carrefour Bassens – Bassens,commercial_zone,FR,FRK27,Savoie,5.946,45.57,61.5,,65.58,78,53,23,24,19,10,1,3,15,8,0,39,29.31,0.6795,0.09302,0.6026,32,96.5,0.6608,9.096e+06,1.748e+07,2.658e+07,2.262e+06,0.0851
237,72.96,Centre Commercial Aushopping – Idron,commercial_zone,FR,FRI15,Pyrénées-Atlantiques,-0.3294,43.31,50.59,,52.41,60,35,17,18,13,4,1,5,16,16,0,48,39.74,0.5833,0.2105,0.6667,32,71.3,0.6988,1.222e+07,1.293e+07,2.515e+07,0,0
238,72.92,Konz,city_centre,DE,DEB21,"Trier, Kreisfreie Stadt",6.574,49.7,26.89,1.763e+04,,41,27,13,12,7,8,1,5,25,22,1,38,28.82,0.6585,0.3492,0.2195,33,58.1,0.7209,9.688e+07,4.639e+07,1.433e+08,3.602e+07,0.2514
239,72.87,Le Grand Mail – Saint-Paul-lès-Dax,commercial_zone,FR,FRI13,Landes,-1.04,43.73,58.75,,30.12,92,72,14,49,18,5,0,2,16,14,0,48,27.05,0.7826,0.1321,0.6739,20,106.5,0.6518,3.861e+06,9.111e+06,1.297e+07,4.579e+05,0.0353
240,72.84,Alba,city_centre,IT,ITC16,Cuneo,8.036,44.7,64.76,2.991e+04,,79,50,25,34,7,9,0,3,9,77,0,40,26.46,0.6329,0.4936,0.2658,34,72.3,0.6998,5.837e+06,1.388e+07,1.972e+07,0,0
241,72.64,Rheinfelden,city_centre,CH,CH033,Aargau,7.792,47.55,15.75,1.336e+04,,72,52,14,24,5,23,0,4,25,35,1,41,27.26,0.7222,0.3271,0.06944,31,71.1,0.6857,1.154e+08,5.923e+07,1.746e+08,2.337e+07,0.1338
242,72.56,Zone commerciale Kingersheim,commercial_zone,FR,FRF12,Haut-Rhin,7.312,47.79,16.42,,131.2,85,61,20,31,25,5,0,4,2,19,0,35,22.74,0.7176,0.1827,0.6118,32,90,0.6698,1.775e+08,1.089e+08,2.864e+08,4.424e+07,0.1545
243,72.53,Saarbasar – Sarrebruck,commercial_zone,DE,DEC01,Regionalverband Saarbrücken,7.034,49.23,3.882,,20.07,41,27,10,15,8,4,2,3,8,13,0,33,26.76,0.6585,0.2407,0.7317,19,79.3,0.7098,1.11e+08,1.059e+08,2.169e+08,4.783e+07,0.2205
244,72.52,Wettingen,city_centre,CH,CH033,Aargau,8.327,47.47,57.19,2.186e+04,,66,35,24,21,8,6,2,6,38,29,0,45,27.36,0.5303,0.3053,0.2576,42,90.7,0.6248,2.106e+07,2.31e+07,4.417e+07,3.545e+06,0.08027
245,72.51,Monaco,city_centre,MC,MC,Monaco,7.421,43.73,0.6612,3.905e+04,,65,41,23,9,7,25,0,5,16,109,2,32,20.61,0.6308,0.6264,0.1846,48,54,0.6994,4.631e+07,1.739e+07,6.37e+07,5.189e+07,0.8147
246,72.49,Aushopping – Fayet,commercial_zone,FR,FRE21,Aisne,3.253,49.86,59.43,,58.8,64,49,11,22,22,5,1,2,8,10,0,36,26.62,0.7656,0.1351,0.7969,17,92,0.6878,7.808e+06,2.606e+07,3.386e+07,7.729e+05,0.02282
247,72.34,Vœlklange,city_centre,DE,DEC01,Regionalverband Saarbrücken,6.86,49.25,3.319,3.847e+04,,61,32,26,19,10,3,2,5,37,38,0,38,24.91,0.5246,0.3838,0.2623,41,87.1,0.6301,2.267e+08,1.072e+08,3.338e+08,6.213e+07,0.1861
248,72.3,Bad Dürkheim,city_centre,DE,DEB3C,Bad Dürkheim,8.171,49.46,48.29,1.883e+04,,83,57,24,38,9,10,0,1,27,56,2,51,35.6,0.6867,0.4029,0.1566,37,82.5,0.651,1.821e+07,2.402e+07,4.223e+07,4.654e+05,0.01102
249,72.11,Saverne,city_centre,FR,FRF11,Bas-Rhin,7.363,48.74,36.69,1.139e+04,,91,60,28,41,11,8,0,2,30,45,0,51,32.9,0.6593,0.3309,0.2088,34,87.6,0.6413,1.087e+08,4.63e+07,1.55e+08,4.564e+06,0.02944
250,72,Viernheim,city_centre,DE,DE128,Rhein-Neckar-Kreis,8.579,49.54,67.9,3.435e+04,,65,38,25,18,11,9,1,2,50,52,0,45,29.89,0.5846,0.4444,0.1846,31,74.3,0.6567,7.556e+06,1.613e+07,2.369e+07,7.446e+04,0.003143
251,71.9,Saint-Omer,city_centre,FR,FRE12,Pas-de-Calais,2.253,50.75,26.75,1.466e+04,,90,57,31,43,7,7,0,2,33,64,1,44,24.53,0.6333,0.4156,0.2778,42,83.4,0.6267,1.731e+08,4.683e+07,2.199e+08,3.326e+06,0.01512
252,71.86,Bourg-Saint-Maurice,city_centre,FR,FRK27,Savoie,6.77,45.62,9.955,7187,,78,49,27,26,13,10,0,3,17,45,1,45,35.72,0.6282,0.3659,0.1538,41,70.5,0.665,9.977e+07,3.446e+07,1.342e+08,5.741e+05,0.004277
253,71.84,Sabiñánigo,city_centre,ES,ES241,Huesca,-0.3648,42.52,30.79,8545,,80,43,31,13,20,10,0,7,29,35,0,50,38.77,0.5375,0.3043,0.1625,52,61.5,0.6473,5.141e+07,1.354e+07,6.494e+07,4.215e+05,0.00649
254,71.81,Centre commercial Aushopping Faches – Vendeville,commercial_zone,FR,FRE11,Nord,3.083,50.58,13.07,,74.97,61,52,5,38,11,3,1,2,8,19,0,29,18.83,0.8525,0.2375,0.8852,11,97.1,0.6787,7.895e+07,1.277e+08,2.067e+08,3.355e+07,0.1623
255,71.53,Shopping Cora – Montignies-sur-Sambre,commercial_zone,BE,BE32B,Arr. Charleroi,4.494,50.41,25.52,,29.62,55,46,7,34,9,3,2,2,8,12,0,28,18.05,0.8364,0.1791,0.5636,13,108.1,0.6542,9.567e+07,1.209e+08,2.166e+08,7.537e+06,0.0348
256,71.52,Etterbeek,city_centre,BE,BE100,Arr. de Bruxelles-Capitale/Arr. Brussel-Hoofdstad,4.386,50.84,58.9,,,117,44,64,13,15,16,0,6,42,124,1,49,26.36,0.3761,0.5145,0.1538,87,61.2,0.5934,3.124e+07,1.851e+07,4.974e+07,1.201e+06,0.02415
257,71.42,Ettlingen,city_centre,DE,DE122,"Karlsruhe, Stadtkreis",8.408,48.94,13.12,3.882e+04,,74,42,31,27,6,9,0,5,21,46,0,40,27.37,0.5676,0.3833,0.2973,46,60.3,0.662,2.031e+08,6.518e+07,2.682e+08,5.074e+06,0.01892
258,71.4,ZA des Landes – Estancarbon,commercial_zone,FR,FRJ23,Haute-Garonne,0.7649,43.12,28.58,,68.82,64,46,12,29,12,5,0,4,10,8,0,40,28.45,0.7188,0.1111,0.7969,24,67.5,0.6961,6.129e+07,4.219e+07,1.035e+08,3.739e+05,0.003613
259,71.38,Shopville Le Gru – Grugliasco,commercial_zone,IT,ITC11,Torino,7.613,45.06,43.61,,19.75,38,25,9,16,5,4,3,1,7,12,0,29,25.11,0.6579,0.24,0.6579,12,96.3,0.6754,2.381e+07,6.206e+07,8.587e+07,1.359e+05,0.001582
260,71.3,Local annexe Burger King – Schweighouse-sur-Moder,commercial_zone,FR,FRF11,Bas-Rhin,7.743,48.83,18.62,,146.8,57,42,13,20,17,5,0,4,7,14,0,34,25.49,0.7368,0.1972,0.7193,25,61.5,0.7132,9.336e+07,4.51e+07,1.385e+08,9.178e+06,0.06628
261,71.18,Andorre-la-Vieille,city_centre,AD,AD,Andorra,1.521,42.51,11.92,2.468e+04,,34,18,13,8,5,5,3,6,7,62,1,25,21.2,0.5294,0.6458,0.1176,36,85.5,0.6478,1.407e+08,5.287e+07,1.935e+08,3.519e+07,0.1818
262,71.08,Martigny,city_centre,CH,CH012,Valais / Wallis,7.073,46.1,11.09,2.176e+04,,62,40,19,26,4,10,0,3,16,70,1,36,25.15,0.6452,0.5303,0.1774,33,57,0.693,1.925e+08,4.083e+07,2.333e+08,7.998e+05,0.003428
263,71.01,Centre commercial Aushopping Arras – Anzin-Saint-Aubin,commercial_zone,FR,FRE12,Pas-de-Calais,2.732,50.3,45.17,,66.56,49,32,11,14,12,6,2,4,6,14,0,24,20.01,0.6531,0.2222,0.7755,23,86.2,0.6624,3.799e+07,4.482e+07,8.282e+07,3.194e+06,0.03857
264,71,Torroella de Montgrí,city_centre,ES,ES512,Girona,3.126,42.04,42.75,7751,,91,51,40,30,13,8,0,6,29,27,0,44,31.68,0.5604,0.2288,0.1099,58,74.1,0.6047,1.843e+07,9.161e+06,2.759e+07,1.124e+06,0.04074
265,70.97,Ath,city_centre,BE,BE32A,Arr. Ath,3.777,50.63,19.21,2.852e+04,,63,36,23,19,8,9,0,5,12,47,1,43,34.15,0.5714,0.4273,0.1111,43,51.3,0.6855,1.337e+08,3.609e+07,1.698e+08,1.311e+07,0.07718
266,70.91,Schopfheim,city_centre,DE,DE139,Lörrach,7.822,47.65,18.14,,,56,36,19,24,5,7,0,5,15,36,1,35,25.81,0.6429,0.3913,0.1786,39,51.9,0.6916,1.162e+08,3.819e+07,1.544e+08,3.748e+07,0.2428
267,70.87,Regensdorf,city_centre,CH,CH040,Zürich,8.468,47.43,68.49,1.801e+04,,42,35,5,22,8,5,1,5,11,13,0,27,18.3,0.8333,0.2364,0.4524,20,71,0.6938,3.671e+06,1.097e+07,1.464e+07,1.32e+06,0.09014
268,70.81,Maubeuge,city_centre,FR,FRE11,Nord,3.974,50.28,6.918,2.907e+04,,57,34,21,21,6,7,0,4,16,50,1,32,24.22,0.5965,0.4673,0.4211,38,48.9,0.6961,2.08e+08,4.426e+07,2.523e+08,3.658e+07,0.145
269,70.8,Platja d'Aro,city_centre,ES,ES512,Girona,3.069,41.82,66.79,9044,,56,40,15,33,3,4,0,5,4,67,1,27,14.43,0.7143,0.5447,0.2679,35,58.8,0.6925,9.312e+05,2.469e+06,3.401e+06,1.209e+04,0.003554
270,70.77,Val Thoiry – Thoiry,commercial_zone,FR,FRK21,Ain,5.993,46.23,0.6072,,18.42,78,64,11,52,9,3,1,2,8,9,0,38,17.44,0.8205,0.1034,0.8077,17,115.1,0.6124,5.749e+07,8.423e+07,1.417e+08,5.79e+07,0.4085
271,70.73,Morat,city_centre,CH,CH021,Bern / Berne,7.116,46.93,32.46,9552,,73,48,23,33,7,8,0,4,24,41,0,40,22.73,0.6575,0.3596,0.1918,35,69.6,0.65,1.228e+08,4.609e+07,1.689e+08,4.568e+05,0.002704
272,70.65,Topaze Shopping Center – Mersch,commercial_zone,LU,LU000,Luxembourg,6.1,49.76,28.21,,27.25,43,25,13,13,8,4,4,6,4,6,1,27,20.99,0.5814,0.1224,0.6047,36,116.3,0.5888,1.426e+08,1.429e+08,2.855e+08,2.558e+07,0.0896
273,70.45,Carrefour Lens 2 – Loos-en-Gohelle,commercial_zone,FR,FRE12,Pas-de-Calais,2.823,50.46,26.32,,41.28,51,37,8,20,13,4,2,2,5,8,0,28,20.89,0.7255,0.1356,0.8039,14,94.3,0.6557,8.091e+07,9.405e+07,1.75e+08,8.373e+06,0.04786
274,70.32,Eeklo,city_centre,BE,BE233,Arr. Eeklo,3.567,51.18,52.76,2.071e+04,,39,27,11,20,4,3,1,3,10,30,1,24,16.89,0.6923,0.4348,0.641,25,59.6,0.6991,8.576e+06,1.26e+07,2.118e+07,1.143e+06,0.05397
275,70.3,Neunkirchen (Saar),city_centre,DE,DEC03,Neunkirchen,7.184,49.35,20.78,4.682e+04,,66,31,31,14,13,4,1,4,37,54,0,42,29.65,0.4697,0.45,0.197,43,65.3,0.6296,1.961e+08,7.285e+07,2.689e+08,1.631e+07,0.06064
276,70.13,L'Escale – Hautmont,commercial_zone,FR,FRE11,Nord,3.937,50.25,8.473,,65.88,55,40,11,23,13,4,2,3,3,5,0,28,18.51,0.7273,0.08333,0.7818,20,98.8,0.6323,8.719e+07,7.899e+07,1.662e+08,2.341e+07,0.1409
277,70.11,La Neuve – Bourg-en-Bresse,commercial_zone,FR,FRK21,Ain,5.21,46.22,58.31,,51.04,57,38,15,17,14,7,1,3,5,12,0,34,26.27,0.6667,0.1739,0.614,24,74.9,0.6664,4.596e+06,6.379e+06,1.097e+07,4.446e+05,0.04051
278,70.05,Centre commercial Ametzondo Shopping – Saint-Pierre-d'Irube,commercial_zone,FR,FRI15,Pyrénées-Atlantiques,-1.445,43.48,21.35,,14.69,67,57,7,48,4,5,2,1,10,12,0,31,15.39,0.8507,0.1519,0.5821,10,124,0.5962,2.816e+07,5.202e+07,8.018e+07,4.461e+06,0.05564
279,69.97,Zone commerciale Crolles,commercial_zone,FR,FRK24,Isère,5.888,45.27,61.18,,29.59,46,27,16,13,10,4,0,6,16,22,0,39,32.5,0.587,0.3235,0.6087,34,39.3,0.7123,2.125e+06,2.516e+06,4.641e+06,8841,0.001905
280,69.93,Binche,city_centre,BE,BE329,Arr. La Louvière,4.165,50.41,11.25,3.347e+04,,82,53,25,30,13,10,0,1,35,65,1,49,30.5,0.6463,0.4422,0.122,33,76.5,0.6201,1.381e+08,7.119e+07,2.093e+08,1.881e+07,0.08988
281,69.92,Menton,city_centre,FR,FRL03,Alpes-Maritimes,7.503,43.78,2.324,3.041e+04,,92,51,37,35,11,5,0,1,20,77,1,49,33.48,0.5543,0.4556,0.413,45,75,0.6108,6.493e+07,3.27e+07,9.763e+07,1.926e+07,0.1972
282,69.89,Uccle,city_centre,BE,BE100,Arr. de Bruxelles-Capitale/Arr. Brussel-Hoofdstad,4.334,50.8,54.06,,,60,33,26,21,5,7,1,6,4,23,3,33,24.21,0.55,0.2771,0.3667,59,67.4,0.6128,4.425e+07,2.819e+07,7.244e+07,2.374e+06,0.03277
283,69.86,Arrasate / Mondragón,city_centre,ES,ES212,Gipuzkoa,-2.49,43.07,65.13,2.156e+04,,69,31,31,17,5,9,6,4,11,44,0,31,19.63,0.4493,0.3894,0.1014,43,163.8,0.535,1.556e+06,8.663e+06,1.022e+07,3.61e+05,0.03533
284,69.83,La Maison Blanche – Seclin,commercial_zone,FR,FRE11,Nord,3.054,50.55,15.73,,101.3,55,39,7,11,26,2,2,1,8,14,0,28,21.07,0.7091,0.2029,0.6364,10,97.9,0.6369,6.351e+07,1.18e+08,1.815e+08,2.661e+07,0.1466
285,69.82,Differdange,city_centre,LU,LU000,Luxembourg,5.889,49.52,2.555,1.502e+04,,74,37,31,28,5,4,1,4,28,59,1,38,24.15,0.5,0.4436,0.1081,48,74.3,0.5958,2.672e+08,1.069e+08,3.741e+08,9.316e+07,0.249
286,69.82,Saint-Dié-des-Vosges,city_centre,FR,FRF34,Vosges,6.947,48.29,50.39,1.932e+04,,103,60,38,46,7,7,0,2,42,62,2,48,24.34,0.5825,0.3758,0.2816,54,87.9,0.57,1.197e+07,7.273e+06,1.924e+07,6.759e+04,0.003513
287,69.78,Crissier,city_centre,CH,CH011,Vaud,6.577,46.55,10.91,7316,,44,30,13,19,8,3,1,3,8,14,0,32,26.17,0.6818,0.2414,0.5227,22,64.1,0.6874,1.204e+08,7.335e+07,1.938e+08,2.534e+06,0.01308
288,69.76,Tielt,city_centre,BE,BE257,Arr. Tielt,3.327,51,26.54,,,64,42,19,34,4,4,1,2,22,34,0,35,23.4,0.6562,0.3469,0.2344,25,81.8,0.6293,8.622e+07,5.303e+07,1.392e+08,9.003e+06,0.06465
289,69.74,Oberkirch,city_centre,DE,DE134,Ortenaukreis,8.079,48.53,20.18,1.966e+04,,59,31,25,18,2,11,1,5,12,33,0,39,30.1,0.5254,0.3587,0.3051,40,63.2,0.6484,9.732e+07,4.142e+07,1.387e+08,1.492e+07,0.1075
290,69.74,Foix,city_centre,FR,FRJ21,Ariège,1.605,42.96,33.75,9472,,73,48,19,27,5,16,0,1,16,58,3,43,31,0.6575,0.4427,0.1644,37,67.2,0.6393,9.815e+07,4.055e+07,1.387e+08,5.414e+04,0.0003904
291,69.7,Barañáin / Barañain,city_centre,ES,ES220,Navarra,-1.681,42.8,33.1,1.959e+04,,89,33,50,11,14,8,0,8,43,64,0,45,29.95,0.3708,0.4183,0.1236,74,47.1,0.5855,1.765e+08,2.989e+07,2.064e+08,6.919e+05,0.003352
292,69.59,Sélestat,city_centre,FR,FRF11,Bas-Rhin,7.454,48.26,15.25,1.93e+04,,91,55,31,42,5,8,0,1,26,63,1,47,32.03,0.6044,0.4091,0.2088,39,80.1,0.5998,1.18e+08,5.64e+07,1.744e+08,1.25e+07,0.07167
293,69.56,Wittlich,city_centre,DE,DEB22,Bernkastel-Wittlich,6.888,49.99,65.34,1.974e+04,,44,25,14,17,6,2,2,1,16,34,2,34,26.22,0.5682,0.4359,0.3182,27,76.9,0.641,8.386e+06,2.064e+07,2.902e+07,8.717e+06,0.3003
294,69.48,Aushopping Semécourt – Semécourt,commercial_zone,FR,FRF33,Moselle,6.147,49.19,29.81,,104.2,41,29,9,19,7,3,2,3,3,12,0,25,17.16,0.7073,0.2264,0.7561,18,82.6,0.6556,8.364e+07,8.708e+07,1.707e+08,2.782e+07,0.163
295,69.46,Zottegem,city_centre,BE,BE231,Arr. Aalst,3.809,50.87,42.98,,,108,58,31,38,11,9,1,1,37,58,1,59,35.64,0.537,0.3494,0.1481,39,104.3,0.5585,3.605e+07,3.128e+07,6.733e+07,2.369e+06,0.03518
296,69.36,Centre Commercial – Eckbolsheim,commercial_zone,FR,FRF11,Bas-Rhin,7.696,48.59,7.726,,32.75,42,28,13,19,6,3,1,5,7,11,0,25,19.85,0.6667,0.2075,0.9286,28,61.1,0.6742,1.289e+08,6.268e+07,1.915e+08,2.034e+07,0.1062
297,69.25,Hannut,city_centre,BE,BE334,Arr. Waremme,5.078,50.67,59.1,1.559e+04,,69,56,13,35,10,11,0,2,19,37,0,38,23.3,0.8116,0.3491,0.1449,19,80.7,0.6433,4.118e+06,1.476e+07,1.888e+07,8.338e+04,0.004416
298,69.13,Soignies,city_centre,BE,BE32C,Arr. Soignies,4.069,50.58,24.75,2.76e+04,,66,42,22,23,10,9,0,2,22,43,1,42,30.66,0.6364,0.3945,0.2273,33,60.3,0.6471,1.082e+08,5.027e+07,1.585e+08,9.277e+06,0.05854
299,69.04,Aeltre,city_centre,BE,BE234,Arr. Gent,3.449,51.08,38.87,1.903e+04,,52,38,14,21,13,4,0,4,20,26,1,30,20.67,0.7308,0.3333,0.1923,31,55.8,0.6627,6.324e+07,2.843e+07,9.167e+07,3.241e+06,0.03535
300,68.96,Saint-Girons,city_centre,FR,FRJ21,Ariège,1.146,42.98,22.37,6250,,114,65,43,32,21,12,0,2,40,29,1,61,40.16,0.5702,0.2028,0.1754,54,93.9,0.5499,8.142e+07,4.235e+07,1.238e+08,0,0
301,68.9,Gondelfingue (Bade-Wurtemberg),city_centre,DE,DE131,"Freiburg im Breisgau, Stadtkreis",7.867,48.04,19.59,1.153e+04,,50,33,15,15,10,8,0,4,16,14,2,39,31.63,0.66,0.2188,0.24,37,47.1,0.667,1.341e+08,4.55e+07,1.796e+08,1.134e+07,0.06315
302,68.87,La Roche-sur-Foron,city_centre,FR,FRK28,Haute-Savoie,6.312,46.07,14.62,1.126e+04,,70,44,25,22,12,10,0,4,18,30,1,39,26.82,0.6286,0.3,0.1286,42,63,0.6262,1.406e+08,4.337e+07,1.84e+08,2.808e+07,0.1526
303,68.73,Schaerbeek,city_centre,BE,BE100,Arr. de Bruxelles-Capitale/Arr. Brussel-Hoofdstad,4.374,50.87,61.72,,,116,37,76,14,18,5,0,8,27,88,2,44,23.98,0.319,0.4314,0.05172,110,54,0.5369,3.107e+07,1.388e+07,4.496e+07,9.782e+05,0.02176
304,68.64,Méridien – Ibos,commercial_zone,FR,FRJ26,Hautes-Pyrénées ,0.01461,43.24,50.54,,41.47,58,47,7,26,18,3,1,1,5,7,0,32,24.84,0.8103,0.1077,0.7241,10,89.6,0.6381,5.588e+06,2.126e+07,2.685e+07,0,0
305,68.62,Zumaia,city_centre,ES,ES212,Gipuzkoa,-2.257,43.3,38.66,9642,,72,33,35,11,16,6,0,8,15,49,0,39,29.13,0.4583,0.405,0.1528,59,47.7,0.6143,3.246e+07,9.205e+06,4.166e+07,2.163e+06,0.05191
306,68.55,Woluwe Shopping Center – Woluwe-Saint-Lambert,commercial_zone,BE,BE100,Arr. de Bruxelles-Capitale/Arr. Brussel-Hoofdstad,4.437,50.85,61.47,,6.529,46,32,10,22,3,7,2,2,12,11,0,29,19.4,0.6957,0.193,0.5652,16,85.9,0.6298,5.123e+06,2.499e+07,3.011e+07,8.797e+05,0.02922
307,68.54,Gaggenau,city_centre,DE,DE124,Rastatt,8.32,48.8,15.92,2.855e+04,,48,22,20,13,8,1,2,5,22,25,1,38,27.38,0.4583,0.3425,0.3333,40,72.7,0.602,1.066e+08,5.098e+07,1.575e+08,5.781e+06,0.0367
308,68.47,Tourcoing,city_centre,FR,FRE11,Nord,3.161,50.72,2.285,9.901e+04,,75,37,35,24,9,4,1,2,24,59,0,37,24.65,0.4933,0.4403,0.4133,41,74.3,0.592,2.715e+08,7.827e+07,3.498e+08,8.93e+07,0.2553
309,68.43,Oloron-Sainte-Marie,city_centre,FR,FRI15,Pyrénées-Atlantiques,-0.6116,43.19,27.41,1.062e+04,,69,40,23,22,8,10,1,1,29,37,3,46,32.97,0.5797,0.3491,0.1304,41,77,0.578,1.073e+08,3.104e+07,1.383e+08,6.316e+04,0.0004566
310,68.4,Rottweil,city_centre,DE,DE135,Rottweil,8.627,48.17,67.94,2.57e+04,,80,51,28,30,9,12,0,2,22,61,0,40,23.4,0.6375,0.4326,0.1375,34,72.9,0.6061,5.527e+05,1.4e+06,1.953e+06,0,0
311,68.33,Remiremont,city_centre,FR,FRF34,Vosges,6.591,48.02,65.02,7611,,101,67,31,47,10,10,0,0,29,43,1,52,28.67,0.6634,0.2986,0.2178,36,97.5,0.555,7.141e+05,2.501e+06,3.216e+06,0,0
312,68.27,Saint-Claude,city_centre,FR,FRC22,Jura,5.864,46.39,15.69,8727,,61,38,21,18,9,11,1,1,21,34,1,45,35.03,0.623,0.3579,0.1311,29,73.7,0.6189,7.492e+07,3.248e+07,1.074e+08,2.34e+06,0.02179
313,68.27,Centre Commercial Rives de l'Aa – Arques,commercial_zone,FR,FRE12,Pas-de-Calais,2.273,50.73,26.35,,41.45,62,50,9,34,14,2,1,2,6,3,0,27,18.54,0.8065,0.04615,0.9677,15,94.4,0.6144,6.566e+07,5.576e+07,1.214e+08,3.31e+06,0.02726
314,68.23,Coxyde,city_centre,BE,BE258,Arr. Veurne,2.635,51.12,7.029,,,95,71,23,52,8,11,0,3,3,70,0,29,11.3,0.7474,0.4242,0.1158,32,103.2,0.565,8.494e+07,4.936e+07,1.343e+08,2.538e+07,0.189
315,68.2,Porte di Torino – Mappano,commercial_zone,IT,ITC11,Torino,7.717,45.12,48.17,,46.53,38,29,4,24,4,1,5,1,0,3,0,15,9.008,0.7632,0.07317,0.7368,7,143.2,0.5476,1.019e+07,7.264e+07,8.284e+07,1.382e+05,0.001668
316,68.08,Münsingen,city_centre,CH,CH021,Bern / Berne,7.563,46.87,61.84,1.311e+04,,49,32,15,15,11,6,0,4,26,23,0,37,24.84,0.6531,0.3194,0.3061,27,46.2,0.6663,1.843e+07,1.61e+07,3.453e+07,1.242e+05,0.003598
317,68.02,Espace Commercial Metz Métropôle – Vantoux,commercial_zone,FR,FRF33,Moselle,6.233,49.11,34.97,,93.52,46,25,15,11,11,3,0,8,16,17,0,36,27.73,0.5435,0.2698,0.7174,39,36.6,0.6636,1.615e+08,3.573e+07,1.973e+08,1.418e+07,0.0719
318,68,45° NORD Entertainment Center – Moriondo,commercial_zone,IT,ITC11,Torino,7.709,44.98,54.83,,21.1,27,21,3,14,4,3,2,0,5,23,0,22,17.3,0.7778,0.46,0.6667,3,70.6,0.6897,3.492e+06,3.756e+07,4.105e+07,1.414e+04,0.0003445
319,67.88,Évian-les-Bains,city_centre,FR,FRK28,Haute-Savoie,6.59,46.4,6.052,9214,,67,39,28,20,10,9,0,2,16,67,2,35,27.91,0.5821,0.5,0.1493,44,55.8,0.6202,9.165e+07,2.581e+07,1.175e+08,1.378e+07,0.1173
320,67.8,Blieskastel,city_centre,DE,DEC05,Saarpfalz-Kreis,7.26,49.24,10.63,2.302e+04,,37,22,11,18,2,2,3,3,9,25,0,23,17.11,0.5946,0.4032,0.1622,20,92.4,0.5942,6.874e+07,8.055e+07,1.493e+08,1.644e+07,0.1101
321,67.7,Saint-Julien-en-Genevois,city_centre,FR,FRK28,Haute-Savoie,6.081,46.14,0.626,1.584e+04,,49,28,19,15,5,8,1,4,15,24,1,33,26.14,0.5714,0.3288,0.2245,36,59.6,0.6239,1.718e+08,5.664e+07,2.285e+08,9.279e+07,0.4061
322,67.58,Jodoigne,city_centre,BE,BE310,Arr. Nivelles,4.868,50.72,62.09,1.2e+04,,60,39,18,21,6,12,0,3,15,32,0,37,28.27,0.65,0.3478,0.1667,27,54.9,0.6469,6.174e+06,1.097e+07,1.714e+07,8.617e+04,0.005027
323,67.52,Arlon,city_centre,BE,BE341,Arr. Arlon,5.817,49.68,13.8,2.876e+04,,69,39,29,25,7,7,0,2,22,77,0,41,30.68,0.5652,0.5274,0.1304,35,56.4,0.6237,1.973e+08,8.072e+07,2.78e+08,1.123e+08,0.4038
324,67.5,Termonde,city_centre,BE,BE232,Arr. Dendermonde,4.098,51.03,68.83,,,39,22,15,14,4,4,1,4,8,30,0,27,20.21,0.5641,0.4348,0.6667,27,51.8,0.6639,4.612e+06,9.439e+06,1.405e+07,7.566e+05,0.05385
325,67.47,Espace commercial Saint-Christophe – Champtercier,commercial_zone,FR,FRL01,Alpes-de-Haute-Provence,6.188,44.08,64.18,,37.05,51,39,12,10,21,8,0,2,11,9,0,39,33.63,0.7647,0.15,0.549,18,56.1,0.6732,3.572e+05,5.344e+05,8.915e+05,0,0
326,67.38,Digne-les-Bains,city_centre,FR,FRL01,Alpes-de-Haute-Provence,6.235,44.09,60.14,1.719e+04,,85,44,38,32,6,6,0,2,31,57,1,46,30.06,0.5176,0.4014,0.2588,49,64.2,0.5691,1.275e+06,7.574e+05,2.032e+06,0,0
327,67.38,Ludwigshafen am Rhein,city_centre,DE,DE126,"Mannheim, Stadtkreis",8.438,49.47,57.22,1.633e+05,,65,26,38,7,11,8,0,8,27,73,0,34,21.83,0.4,0.529,0.3077,62,36.6,0.6048,3.501e+07,1.078e+07,4.579e+07,2.844e+05,0.006212
328,67.27,Briançon,city_centre,FR,FRL02,Hautes-Alpes ,6.644,44.9,8.446,1.056e+04,,84,59,21,26,8,25,0,0,12,52,1,42,28.75,0.7024,0.3824,0.09524,26,81,0.5915,4.171e+07,2.906e+07,7.076e+07,7.839e+06,0.1108
329,67.21,Audincourt,city_centre,FR,FRC21,Doubs,6.841,47.48,9.129,1.394e+04,,41,29,10,13,10,6,0,2,20,20,2,35,27.13,0.7073,0.3279,0.4634,26,41.7,0.6716,1.356e+08,3.79e+07,1.735e+08,8.226e+06,0.04741
330,67.1,Cagnes-sur-Mer,city_centre,FR,FRL03,Alpes-Maritimes,7.151,43.66,22.23,5.258e+04,,81,34,43,20,13,1,0,5,48,32,1,42,28.68,0.4198,0.2832,0.3457,63,50.7,0.5517,1.786e+08,3.141e+07,2.1e+08,3.097e+06,0.01475
331,67.07,Morteau,city_centre,FR,FRC21,Doubs,6.605,47.06,5.337,6867,,79,45,29,29,12,4,0,3,20,18,2,44,31.24,0.5696,0.1856,0.2785,48,66.3,0.5699,1.368e+08,3.804e+07,1.749e+08,3.02e+07,0.1727
332,67,Espace 2 - Les Rives – Villeneuve-Loubet,commercial_zone,FR,FRL03,Alpes-Maritimes,7.133,43.63,24.78,,57.54,44,30,11,15,13,2,0,6,10,13,0,24,18.22,0.6818,0.2281,0.7727,29,44.4,0.664,8.835e+07,2.981e+07,1.182e+08,2.135e+06,0.01807
333,66.82,E. Leclerc – Foetz,commercial_zone,LU,LU000,Luxembourg,6.011,49.52,4.326,,38.39,34,25,8,14,8,3,1,4,3,13,0,22,17.4,0.7353,0.2766,0.4706,20,56.6,0.6626,1.442e+08,1.035e+08,2.477e+08,5.19e+07,0.2095
334,66.75,Garbera Zentro Komertziala – Pasaia,commercial_zone,ES,ES212,Gipuzkoa,-1.945,43.31,13.68,,13.39,67,62,4,48,9,5,1,1,4,18,0,24,12.39,0.9254,0.2118,0.9552,7,111.5,0.5714,1.345e+07,4.676e+07,6.022e+07,9.765e+06,0.1622
335,66.71,Carré d'Or – Cabestany,commercial_zone,FR,FRJ15,Pyrénées-Orientales,2.944,42.7,24.47,,17.04,54,45,7,29,13,3,1,2,9,10,0,26,16.56,0.8333,0.1562,0.5,13,86.6,0.6022,3.644e+07,4.955e+07,8.598e+07,1.322e+06,0.01537
336,66.7,Lyss,city_centre,CH,CH021,Bern / Berne,7.305,47.07,32.68,1.408e+04,,37,17,17,6,6,5,2,4,12,31,0,28,22.9,0.4595,0.4559,0.3243,29,64,0.6114,1.097e+08,4.476e+07,1.545e+08,4.538e+05,0.002938
337,66.66,Ordizia,city_centre,ES,ES212,Gipuzkoa,-2.179,43.05,45.24,1.05e+04,,82,41,37,21,16,4,0,4,26,43,0,43,31.2,0.5,0.344,0.06098,49,60.3,0.5685,2.254e+07,1.201e+07,3.454e+07,1.815e+06,0.05254
338,66.63,Elgoibar,city_centre,ES,ES212,Gipuzkoa,-2.417,43.21,53.29,1.078e+04,,55,25,30,11,9,5,0,8,8,48,1,32,25.14,0.4545,0.466,0.1091,59,36,0.6107,1.001e+07,3.958e+06,1.397e+07,8.448e+05,0.06049
339,66.47,Dax,city_centre,FR,FRI13,Landes,-1.052,43.71,56.23,2.135e+04,,86,22,60,12,5,5,2,1,23,68,4,42,28.19,0.2558,0.4416,0.1628,83,71.5,0.5067,1.632e+07,5.526e+06,2.185e+07,3.014e+05,0.0138
340,66.45,Zone commerciale Boncelles,commercial_zone,BE,BE332,Arr. Liège,5.55,50.57,66.38,,19.62,40,27,13,14,11,2,0,5,5,15,0,27,22.72,0.675,0.2727,0.5,28,39.9,0.6816,3.356e+06,5.184e+06,8.54e+06,2.516e+04,0.002947
341,66.43,Actipole Verdun Sud – Belleray,commercial_zone,FR,FRF32,Meuse ,5.41,49.15,39.41,,60.95,51,34,15,14,14,6,0,4,6,9,0,29,23.77,0.6667,0.15,0.7451,27,49.2,0.6507,5.454e+07,2.369e+07,7.823e+07,9.901e+05,0.01266
342,66.35,Centre Commercial City Concorde – Bertrange,commercial_zone,LU,LU000,Luxembourg,6.067,49.6,12.75,,23.12,61,46,12,34,9,3,1,3,9,8,0,32,19.94,0.7541,0.1159,0.08197,21,88.1,0.5761,1.198e+08,1.446e+08,2.644e+08,4.588e+07,0.1735
343,66.34,Zone commerciale Saint-Paul-lès-Dax,commercial_zone,FR,FRI13,Landes,-1.074,43.73,57.03,,38.42,54,33,14,7,23,3,0,5,12,6,0,37,30.51,0.6111,0.1,0.4815,29,48.6,0.6305,6.707e+06,4.701e+06,1.141e+07,2.949e+05,0.02585
344,66.28,Ladenburg,city_centre,DE,DE126,"Mannheim, Stadtkreis",8.611,49.47,62.04,1.152e+04,,54,35,18,15,5,15,0,3,19,39,0,30,22.08,0.6481,0.4194,0.1852,27,48,0.6393,5.758e+06,9.364e+06,1.512e+07,3.444e+04,0.002277
345,66.13,Saint-Josse-ten-Noode,city_centre,BE,BE100,Arr. de Bruxelles-Capitale/Arr. Brussel-Hoofdstad,4.375,50.85,59.94,,,83,27,53,17,3,7,1,3,31,158,1,39,21.62,0.3253,0.6556,0.1325,67,58.4,0.524,2.712e+07,1.825e+07,4.537e+07,1.261e+06,0.0278
346,66.13,Ettelbruck,city_centre,LU,LU000,Luxembourg,6.098,49.85,38,7795,,45,27,15,14,7,6,0,6,10,34,0,29,21.8,0.6,0.4304,0.1333,33,38.7,0.6512,1.218e+08,4.3e+07,1.648e+08,8.934e+06,0.05421
347,66.11,Manor – Noës,commercial_zone,CH,CH012,Valais / Wallis,7.512,46.28,50.01,,10.17,27,13,8,8,5,0,5,3,5,5,0,23,20.08,0.4815,0.1562,0.5556,17,119.5,0.522,2.346e+07,3.536e+07,5.882e+07,9.154e+04,0.001556
348,66.08,Besigheim,city_centre,DE,DE115,Ludwigsburg,9.142,49,66.66,1.18e+04,,43,24,19,12,5,7,0,5,17,36,1,30,23.53,0.5581,0.4557,0.186,39,33.9,0.6434,1.652e+06,2.589e+06,4.24e+06,0,0
349,66.08,Auderghem,city_centre,BE,BE100,Arr. de Bruxelles-Capitale/Arr. Brussel-Hoofdstad,4.427,50.82,58.35,,,52,24,24,10,8,6,0,5,23,41,0,40,29,0.4615,0.4409,0.2885,39,34.2,0.6311,1.686e+07,1.166e+07,2.852e+07,6.74e+05,0.02363
350,66.06,Sierre,city_centre,CH,CH012,Valais / Wallis,7.532,46.29,51.56,1.671e+04,,39,24,14,15,4,5,0,4,14,48,0,29,23.1,0.6154,0.5517,0.2308,26,34.5,0.6933,3.044e+07,1.009e+07,4.053e+07,3.008e+04,0.0007421
351,65.93,Centre Commercial La Croisette – La Francheville,commercial_zone,FR,FRF21,Ardennes,4.705,49.74,12.26,,61.59,24,19,3,8,10,1,2,2,6,5,0,19,16.31,0.7917,0.1724,0.75,9,68.2,0.6417,4.75e+07,8.689e+07,1.344e+08,1.165e+07,0.0867
352,65.89,Champagnole,city_centre,FR,FRC22,Jura,5.908,46.75,24.08,8000,,73,40,32,21,13,6,0,3,23,22,1,42,31.04,0.5479,0.2316,0.2877,46,58.2,0.5659,9.367e+07,2.276e+07,1.164e+08,5.718e+05,0.004911
353,65.88,Sarrebourg,city_centre,DE,DEB25,Trier-Saarburg,6.549,49.61,16.99,7381,,45,34,10,20,5,9,0,2,10,41,1,27,20.3,0.7556,0.4767,0.1111,21,48.3,0.6577,6.27e+07,3.384e+07,9.654e+07,2.261e+07,0.2342
354,65.85,Gernsbach,city_centre,DE,DE124,Rastatt,8.338,48.76,18.32,1.431e+04,,39,23,13,9,7,7,0,4,13,30,1,33,26.73,0.5897,0.4348,0.2564,30,32.4,0.6751,7.949e+07,2.06e+07,1.001e+08,2.456e+06,0.02454
355,65.82,Ditzingen,city_centre,DE,DE111,"Stuttgart, Stadtkreis",9.066,48.83,63.07,2.427e+04,,53,25,25,12,6,7,1,6,18,26,0,36,24.83,0.4717,0.3291,0.3019,43,55.4,0.5822,9.398e+06,1.03e+07,1.969e+07,4.788e+04,0.002431
356,65.72,Anderlecht,city_centre,BE,BE100,Arr. de Bruxelles-Capitale/Arr. Brussel-Hoofdstad,4.33,50.84,57.6,,,142,45,89,19,18,8,1,2,17,86,1,52,26.67,0.3169,0.3772,0.1056,100,85.1,0.4685,4.74e+07,2.702e+07,7.442e+07,2.136e+06,0.0287
357,65.6,Brackenheim,city_centre,DE,DE118,"Heilbronn, Landkreis",9.067,49.08,62.32,6751,,49,30,17,17,9,4,0,5,12,21,1,32,24.29,0.6122,0.3,0.1224,37,43.8,0.6159,1.641e+06,2.827e+06,4.468e+06,0,0
358,65.59,Armentières,city_centre,FR,FRE11,Nord,2.882,50.69,1.471,2.558e+04,,79,51,28,28,15,8,0,1,25,37,0,36,24.63,0.6456,0.319,0.2785,31,74.1,0.5576,1.404e+08,6.496e+07,2.054e+08,3.543e+07,0.1725
359,65.59,Zone commerciale Ile Napoléon – Sausheim,commercial_zone,FR,FRF12,Haut-Rhin,7.385,47.77,10.99,,46.99,54,42,10,31,8,3,0,2,11,14,0,32,19.84,0.7778,0.2059,0.7407,16,62.1,0.6254,8.786e+07,7.909e+07,1.67e+08,3.691e+07,0.2211
360,65.54,Köniz,city_centre,CH,CH021,Bern / Berne,7.413,46.92,49.85,3.979e+04,,46,24,21,9,8,7,0,7,20,20,0,36,27.19,0.5217,0.303,0.3261,42,33.9,0.6214,5.819e+07,1.699e+07,7.518e+07,1.822e+05,0.002423
361,65.46,Lebach,city_centre,DE,DEC03,Neunkirchen,6.909,49.41,21.17,1.939e+04,,31,22,8,12,7,3,1,2,14,26,0,23,18.34,0.7097,0.4561,0.1613,14,52.1,0.6554,6.522e+07,5.231e+07,1.175e+08,8.27e+06,0.07036
362,65.44,Andenne,city_centre,BE,BE331,Arr. Huy,5.097,50.49,40.5,2.58e+04,,49,28,20,18,8,2,1,5,9,15,0,28,22.09,0.5714,0.2344,0.3061,35,61.4,0.5866,4.112e+07,2.355e+07,6.467e+07,3.165e+05,0.004895
363,65.4,Wissembourg,city_centre,FR,FRF11,Bas-Rhin,7.945,49.04,1.209,7516,,58,32,26,18,8,6,0,3,15,41,1,39,29.5,0.5517,0.4141,0.1034,40,46.2,0.601,7.101e+07,1.719e+07,8.82e+07,2.64e+07,0.2993
364,65.31,Aushopping Petite-Forêt – Petite-Forêt,commercial_zone,FR,FRE11,Nord,3.477,50.38,12.24,,53.48,53,44,7,27,10,7,0,1,11,16,0,32,22.46,0.8302,0.2319,0.8302,10,63.9,0.6319,5.07e+07,6.332e+07,1.14e+08,1.456e+07,0.1277
365,65.21,Gewerbegebiet Auestraße – Spire,commercial_zone,DE,DE128,Rhein-Neckar-Kreis,8.445,49.33,42.93,,53.07,41,28,10,9,12,7,0,5,4,10,0,27,23.61,0.6829,0.1961,0.439,25,39.9,0.6684,2.438e+07,1.389e+07,3.827e+07,1.996e+05,0.005215
366,65.12,Zone commerciale La Tour-du-Crieu,commercial_zone,FR,FRJ21,Ariège,1.63,43.11,48.41,,31.12,41,27,14,15,8,4,0,4,9,10,0,29,23.41,0.6585,0.1961,0.878,26,39.3,0.663,1.648e+07,1.129e+07,2.777e+07,0,0
367,65.11,Ring Shopping – Cuerne,commercial_zone,BE,BE254,Arr. Kortrijk,3.264,50.85,10.13,,6.251,43,32,9,23,6,3,2,1,6,7,0,23,16.17,0.7442,0.14,0.6279,12,87.1,0.578,8.084e+07,8.965e+07,1.705e+08,2.901e+07,0.1701
368,65.1,Shop'in Publier – Amphion-les-Bains,commercial_zone,FR,FRK28,Haute-Savoie,6.525,46.39,6.488,,15.46,34,22,10,14,5,3,1,4,5,6,0,25,21.4,0.6471,0.15,0.7647,22,52.1,0.6338,5.781e+07,2.727e+07,8.508e+07,8.921e+06,0.1049
369,65.02,La Folie Douce – Auvelais,commercial_zone,BE,BE352,Arr. Namur,4.644,50.45,33.92,,26.9,37,29,6,13,10,6,2,2,1,5,0,20,15.25,0.7838,0.119,0.5135,12,81.7,0.5914,6.322e+07,7.329e+07,1.365e+08,3.052e+06,0.02235
370,65,Suhr,city_centre,CH,CH033,Aargau,8.08,47.37,43.66,1.013e+04,,32,18,13,7,7,4,1,6,8,16,0,26,21.34,0.5625,0.3333,0.4062,31,45.8,0.6231,5.287e+07,1.926e+07,7.213e+07,1.942e+06,0.02692
371,64.82,Andoain,city_centre,ES,ES212,Gipuzkoa,-2.02,43.22,23.89,1.307e+04,,81,38,34,16,11,11,0,4,19,40,0,41,32.13,0.4691,0.3306,0.1111,46,53.7,0.5549,6.709e+07,1.987e+07,8.696e+07,6.276e+06,0.07217
372,64.74,Reinach BL,city_centre,CH,CH023,Solothurn,7.591,47.49,5.611,2.1e+04,,38,19,17,8,6,5,2,4,12,16,1,27,22.65,0.5,0.2963,0.3158,34,67,0.5638,1.445e+08,5.675e+07,2.012e+08,2.114e+07,0.1051
373,64.74,Bad Dürrheim,city_centre,DE,DE136,Schwarzwald-Baar-Kreis,8.53,48.02,67.55,1.326e+04,,35,24,8,16,2,6,0,2,25,29,2,34,23.8,0.6857,0.4531,0.1429,24,34.2,0.6511,7.448e+05,1.397e+06,2.142e+06,1381,0.0006446
374,64.62,Walldorf,city_centre,DE,DE128,Rhein-Neckar-Kreis,8.643,49.3,47.6,1.466e+04,,37,24,12,15,5,4,0,3,23,31,1,28,20.72,0.6486,0.4559,0.1892,26,34.8,0.6451,2.836e+07,1.473e+07,4.309e+07,1.891e+05,0.004387
375,64.56,Renningen,city_centre,DE,DE112,Böblingen,8.935,48.76,56.2,1.87e+04,,36,23,10,12,9,2,1,1,16,23,0,35,28.48,0.6389,0.3898,0.1944,13,53.9,0.6309,4.006e+06,1.212e+07,1.612e+07,4.362e+04,0.002705
376,64.55,Zone commerciale Sint-Denijs-Westrem,commercial_zone,BE,BE234,Arr. Gent,3.655,51.02,43.49,,23.51,43,30,8,11,18,1,0,4,6,5,0,29,24.46,0.6977,0.1042,0.6279,20,44.7,0.6484,3.408e+07,2.271e+07,5.679e+07,3.598e+06,0.06335
377,64.54,Vaihingen an der Enz,city_centre,DE,DE115,Ludwigsburg,8.957,48.93,53.2,2.935e+04,,50,26,17,9,10,7,1,2,23,30,0,44,36.57,0.52,0.375,0.08,23,56.9,0.5858,8.908e+06,1.357e+07,2.248e+07,5.013e+04,0.00223
378,64.51,Aushopping Grande-Synthe – Grande-Synthe,commercial_zone,FR,FRE11,Nord,2.281,51.01,20.45,,31.17,33,25,6,15,8,2,1,2,3,6,0,23,19.63,0.7576,0.1538,0.8788,12,56.9,0.6422,5.105e+07,3.55e+07,8.655e+07,8.444e+06,0.09756
379,64.47,Schwarzwald-Baar-Center – Weilersbach,commercial_zone,DE,DE136,Schwarzwald-Baar-Kreis,8.501,48.08,62.6,,22.01,34,24,7,13,8,3,1,2,4,10,0,26,19.52,0.7059,0.2273,0.8235,13,55.1,0.6406,4.754e+05,2.014e+06,2.49e+06,0,0
380,64.46,Krotzingue-les-Bains,city_centre,DE,DE132,Breisgau-Hochschwarzwald,7.7,47.92,7.993,1.745e+04,,36,22,14,16,1,5,0,6,7,29,2,19,15.16,0.6111,0.4462,0.25,42,31.5,0.6238,1.152e+08,2.528e+07,1.405e+08,1.87e+07,0.1331
381,64.41,Meyrin,city_centre,CH,CH013,Genève,6.071,46.23,1.484,2.187e+04,,33,11,18,3,5,3,4,4,14,22,0,23,18.76,0.3333,0.4,0.2424,30,95.6,0.5082,1.11e+08,6.643e+07,1.775e+08,2.452e+07,0.1382
382,64.41,Horb am Neckar,city_centre,DE,DE12C,Freudenstadt,8.691,48.44,59.71,2.431e+04,,40,21,17,15,2,4,2,3,9,26,1,23,16.8,0.525,0.3939,0.375,31,70.3,0.5591,1.342e+06,3.699e+06,5.041e+06,0,0
383,64.32,Shopping Center Nivelles – Nivelles,commercial_zone,BE,BE310,Arr. Nivelles,4.309,50.59,32.63,,11.17,72,64,7,55,5,4,1,1,6,13,0,26,11.03,0.8889,0.1529,0.5833,10,114.8,0.5128,3.299e+07,9.278e+07,1.258e+08,7.818e+06,0.06216
384,64.31,Louhans-Châteaurenaud,city_centre,FR,FRC13,Saône-et-Loire,5.223,46.63,67.8,6454,,60,34,24,19,10,5,0,2,22,38,2,40,28.86,0.5667,0.3878,0.1167,40,49.5,0.5666,1.07e+06,1.399e+06,2.469e+06,0,0
385,64.3,Albertville,city_centre,FR,FRK27,Savoie,6.393,45.68,32.94,1.981e+04,,78,49,23,35,6,8,0,0,29,45,1,42,24.08,0.6282,0.3659,0.2949,28,71.1,0.5388,9.07e+07,2.693e+07,1.176e+08,5.874e+05,0.004994
386,64.27,Loano,city_centre,IT,ITC32,Savona,8.26,44.13,43.81,1.141e+04,,60,22,34,8,7,7,0,5,12,63,1,39,28.73,0.3667,0.5122,0.1,54,30.9,0.5822,3.878e+07,1.138e+07,5.016e+07,1.513e+05,0.003017
387,64.2,Pinerolo,city_centre,IT,ITC11,Torino,7.332,44.89,25.38,3.349e+04,,42,26,13,9,6,11,0,2,4,57,2,31,28.08,0.619,0.5758,0.09524,29,35.7,0.6507,2.16e+08,3.232e+07,2.484e+08,0,0
388,64.15,Zone commerciale Karlsruhe,commercial_zone,DE,DE122,"Karlsruhe, Stadtkreis",8.361,49.01,10.66,,5.25,45,17,24,11,4,2,1,7,23,25,1,36,25.29,0.3778,0.3571,0.2222,50,44.9,0.5537,2.521e+08,4.881e+07,3.009e+08,5.952e+06,0.01978
389,64.12,Jambes,city_centre,BE,BE352,Arr. Namur,4.872,50.46,32.69,,,37,18,16,8,3,7,1,3,11,31,0,32,27.78,0.4865,0.4559,0.2432,25,44.9,0.6203,8.215e+07,3.359e+07,1.157e+08,9.429e+05,0.008146
390,64.02,Schiltigheim,city_centre,FR,FRF11,Bas-Rhin,7.748,48.6,4.422,3.413e+04,,49,24,24,12,6,6,0,2,32,61,3,39,27.26,0.4898,0.5545,0.2041,45,34.2,0.5746,1.8e+08,3.145e+07,2.115e+08,2.059e+07,0.09733
391,63.95,Centre Commercial Belle-Étoile – Bertrange,commercial_zone,LU,LU000,Luxembourg,6.051,49.62,15.39,,17.06,86,70,14,54,11,5,1,1,6,11,0,33,14.8,0.814,0.1134,0.0814,17,123.5,0.4775,8.351e+07,1.782e+08,2.617e+08,4.771e+07,0.1823
392,63.89,Belley,city_centre,FR,FRK21,Ain,5.686,45.76,45.84,9239,,56,29,27,20,7,2,0,4,28,36,1,32,22.86,0.5179,0.3913,0.1607,44,42.9,0.5615,2.542e+07,3.655e+06,2.908e+07,4.118e+04,0.001416
393,63.87,Weil der Stadt,city_centre,DE,DE112,Böblingen,8.871,48.75,52.66,1.842e+04,,37,20,17,10,3,7,0,5,21,32,0,30,23.86,0.5405,0.4638,0.2162,32,27.9,0.6429,8.456e+06,5.314e+06,1.377e+07,1.926e+04,0.001398
394,63.83,Luxeuil-les-Bains,city_centre,FR,FRC23,Haute-Saône,6.381,47.82,57.79,6659,,60,40,17,25,7,8,0,1,21,28,2,38,25.47,0.6667,0.3182,0.1667,30,57.6,0.5622,4.679e+06,5.634e+06,1.031e+07,1.921e+05,0.01862
395,63.82,Albenga,city_centre,IT,ITC32,Savona,8.213,44.05,39.97,2.421e+04,,57,23,32,13,3,7,0,9,10,47,0,30,20.22,0.4035,0.4519,0.193,59,32.4,0.5646,8.884e+07,1.705e+07,1.059e+08,3.726e+05,0.003519
396,63.75,Zone commerciale Bailleul,commercial_zone,FR,FRE11,Nord,2.736,50.73,3.766,,108.3,42,24,15,15,5,4,1,5,3,7,0,27,20.16,0.5714,0.1429,0.7857,30,54.8,0.5816,1.249e+08,4.648e+07,1.714e+08,2.576e+07,0.1503
397,63.71,Shopping Cora – Turpange,commercial_zone,BE,BE341,Arr. Arlon,5.812,49.61,6.422,,31.74,61,51,5,44,6,1,2,1,2,4,0,21,8.208,0.8361,0.06154,0.8033,8,116.2,0.5029,3.974e+07,1.531e+08,1.928e+08,1.108e+08,0.5743
398,63.61,Centre commercial Carrefour Brou – Bourg-en-Bresse,commercial_zone,FR,FRK21,Ain,5.249,46.2,55.2,,25.97,42,25,15,12,12,1,1,2,13,7,0,32,26.56,0.5952,0.1429,0.7143,21,57.2,0.5878,5.405e+06,5.646e+06,1.105e+07,4.494e+05,0.04066
399,63.55,Zofingen,city_centre,CH,CH033,Aargau,7.946,47.29,40.27,1.154e+04,,43,25,18,15,3,7,0,2,19,50,0,33,25.77,0.5814,0.5376,0.3488,24,35.4,0.6446,7.856e+07,2.211e+07,1.007e+08,1.866e+06,0.01854
400,63.48,Grugliasco,city_centre,IT,ITC11,Torino,7.578,45.07,40.52,3.872e+04,,41,21,16,3,10,8,1,3,12,23,2,33,28.24,0.5122,0.3594,0.07317,35,49.1,0.5703,9.065e+07,3.303e+07,1.237e+08,4.094e+05,0.003311
401,63.45,Schweich,city_centre,DE,DEB21,"Trier, Kreisfreie Stadt",6.752,49.82,44.76,,,43,22,18,12,6,4,2,4,16,18,0,30,22.01,0.5116,0.2951,0.1163,30,71.8,0.5353,4.495e+07,4.31e+07,8.805e+07,2.302e+07,0.2614
402,63.44,Schifferstadt,city_centre,DE,DEB3I,Rhein-Pfalz-Kreis,8.371,49.39,46.97,1.928e+04,,38,27,9,13,5,9,0,1,29,37,1,33,25.18,0.7105,0.4933,0.02632,17,37.8,0.6385,1.01e+07,1.106e+07,2.116e+07,1.719e+05,0.008124
403,63.26,Wetteren,city_centre,BE,BE232,Arr. Dendermonde,3.886,51.01,55.61,2.675e+04,,66,38,28,19,10,9,0,1,31,58,0,38,24.57,0.5758,0.4677,0.1364,31,54.3,0.5513,1.236e+07,1.322e+07,2.558e+07,1.502e+06,0.05873
404,63.07,Ottweiler,city_centre,DE,DEC03,Neunkirchen,7.163,49.4,25.4,1.468e+04,,38,24,13,12,5,7,0,3,18,32,0,30,23.83,0.6316,0.4571,0.1579,22,33.9,0.6544,8.162e+07,3.064e+07,1.123e+08,4.369e+06,0.03892
405,62.99,Shopping Etrembières – Étrembières,commercial_zone,FR,FRK28,Haute-Savoie,6.232,46.18,1.975,,7.927,40,32,7,27,3,2,1,2,4,4,0,23,14.99,0.8,0.09091,0.95,13,67.4,0.5835,7.003e+07,6.646e+07,1.365e+08,4.831e+07,0.3539
406,62.92,Endingen am Kaiserstuhl,city_centre,DE,DE133,Emmendingen,7.703,48.14,7.223,9048,,46,32,13,16,10,6,0,1,24,23,1,38,28.99,0.6957,0.3333,0.08696,21,46.2,0.5923,4.826e+07,3.147e+07,7.972e+07,1.189e+07,0.1492
407,62.91,Centro Commerciale Grande Cuneo – Madonna delle Grazie,commercial_zone,IT,ITC16,Cuneo,7.583,44.39,24.22,,11.65,34,30,2,20,4,6,1,1,4,8,0,22,17.03,0.8824,0.1905,0.8824,5,63.2,0.615,1.272e+07,4.391e+07,5.663e+07,2.415e+05,0.004265
408,62.85,Bordighera,city_centre,IT,ITC31,Imperia,7.673,43.78,11.58,1.046e+04,,53,26,27,18,6,2,0,4,16,50,1,31,22.13,0.4906,0.4854,0.0566,44,38.4,0.5624,6.163e+07,1.801e+07,7.964e+07,1.491e+07,0.1873
409,62.84,Losheim-au-Lac,city_centre,DE,DEC02,Merzig-Wadern,6.745,49.51,16.82,1.582e+04,,46,32,14,19,7,6,0,2,7,19,0,34,28.66,0.6957,0.2923,0.1522,20,46.2,0.621,7.127e+07,3.302e+07,1.043e+08,1.032e+07,0.09896
410,62.82,Virton,city_centre,BE,BE345,Arr. Virton,5.533,49.57,4.668,1.167e+04,,27,17,8,10,4,3,1,4,4,15,0,21,18.13,0.6296,0.3571,0.4074,20,44.6,0.6335,9.662e+07,4.304e+07,1.397e+08,3.789e+07,0.2713
411,62.82,Verdun,city_centre,FR,FRF32,Meuse ,5.387,49.16,38.12,1.669e+04,,45,30,15,20,5,5,0,1,11,34,1,29,21.02,0.6667,0.4304,0.4222,23,43.5,0.6099,5.103e+07,2.076e+07,7.178e+07,6.66e+05,0.009278
412,62.79,Fontarrabie,city_centre,ES,ES212,Gipuzkoa,-1.791,43.36,1.358,853,,43,24,18,16,2,6,0,7,5,43,0,22,15.46,0.5581,0.5,0.1628,39,34.2,0.5956,5.617e+07,1.18e+07,6.797e+07,1.892e+07,0.2783
413,62.73,Tafalla,city_centre,ES,ES220,Navarra,-1.674,42.53,60.43,1.083e+04,,36,24,12,5,14,5,0,2,11,34,1,30,26.1,0.6667,0.4857,0.08333,23,34.5,0.6588,0,0,0,0,
414,62.66,Roppenheim The Style Outlets – Neuhaeusel,commercial_zone,FR,FRF11,Bas-Rhin,8.088,48.84,1.504,,5.83,91,85,3,79,6,0,2,0,0,4,0,17,4.647,0.9341,0.04211,0.7033,3,167.5,0.4316,6.262e+06,9.406e+07,1.003e+08,5.244e+07,0.5227
415,62.5,Ciney,city_centre,BE,BE351,Arr. Dinant,5.101,50.3,22.54,1.567e+04,,52,35,15,20,9,6,0,2,17,22,0,34,22.59,0.6731,0.2973,0.2115,21,50.7,0.5803,6.41e+07,3.414e+07,9.825e+07,2.122e+06,0.0216
416,62.45,Kurpfalz Center – Viernheim,commercial_zone,DE,DE126,"Mannheim, Stadtkreis",8.557,49.52,65.13,,9.679,24,13,7,5,5,3,3,2,4,3,0,24,22.97,0.5417,0.1111,0.625,13,78.6,0.5454,4.378e+06,1.948e+07,2.386e+07,9.502e+04,0.003983
417,62.42,Gengenbach,city_centre,DE,DE134,Ortenaukreis,8.015,48.4,19.42,1.109e+04,,38,29,8,16,5,8,0,1,11,32,1,30,23.64,0.7632,0.4571,0.1579,16,41.1,0.6522,4.774e+07,2.916e+07,7.69e+07,6.581e+06,0.08558
418,62.41,Neckargemünd,city_centre,DE,DE125,"Heidelberg, Stadtkreis",8.797,49.4,62.65,1.422e+04,,37,20,16,10,3,7,0,5,16,23,0,32,27.51,0.5405,0.3833,0.2162,31,27.9,0.632,3.834e+06,3.9e+06,7.734e+06,6265,0.00081
419,62.19,Ochsner Sport / Let's Go Fitness – Collombey,commercial_zone,CH,CH011,Vaud,6.955,46.27,7.179,,9.231,25,15,7,6,6,3,3,5,1,4,0,17,14.32,0.6,0.1379,0.4,22,81.6,0.5194,9.186e+07,5.465e+07,1.465e+08,1.693e+06,0.01156
420,62.06,Kaufland-Center – Leimen,commercial_zone,DE,DE125,"Heidelberg, Stadtkreis",8.685,49.37,54.95,,11,38,26,9,13,11,2,1,1,5,7,0,29,23.97,0.6842,0.1556,0.5526,12,58.4,0.5902,5.63e+06,1.587e+07,2.15e+07,7.992e+04,0.003717
421,62.02,Zone commerciale Gembloux,commercial_zone,BE,BE310,Arr. Nivelles,4.7,50.57,46.02,,25.97,33,23,9,6,9,8,0,6,3,8,0,23,19.34,0.697,0.1951,0.4848,27,32.1,0.6531,4.297e+07,1.769e+07,6.067e+07,5.884e+05,0.009699
422,61.93,Staufen im Breisgau,city_centre,DE,DE132,Breisgau-Hochschwarzwald,7.733,47.88,11.41,7756,,63,46,16,28,4,14,0,0,15,27,1,33,23.99,0.7302,0.3,0.03175,21,64.8,0.5371,4.222e+07,3.978e+07,8.201e+07,1.155e+07,0.1408
423,61.88,Centre Commercial Porte Sud – Geispolsheim-Gare,commercial_zone,FR,FRF11,Bas-Rhin,7.693,48.52,6.769,,23.23,30,21,7,13,3,5,1,2,4,4,0,26,23.2,0.7,0.1176,0.7333,13,50,0.6255,5.125e+07,4.597e+07,9.722e+07,1.347e+07,0.1386
424,61.83,Centre commercial l'Arche – Morschwiller-le-Bas,commercial_zone,FR,FRF12,Haut-Rhin,7.288,47.74,17.33,,48.58,39,25,12,12,10,3,0,4,6,9,0,27,22.07,0.641,0.1875,0.7436,24,36.6,0.6299,1.3e+08,4.28e+07,1.728e+08,1.956e+07,0.1132
425,61.72,Viella,city_centre,ES,ES513,Lleida,0.7955,42.7,9.364,3685,,45,29,14,16,4,9,0,3,4,54,0,25,17.81,0.6444,0.5455,0.08889,23,40.8,0.616,4.1e+07,1.882e+07,5.983e+07,9.381e+06,0.1568
426,61.7,Zone commerciale Saint-Jean-du-Falga,commercial_zone,FR,FRJ21,Ariège,1.625,43.1,47.2,,19.49,49,33,11,20,10,3,1,1,7,2,0,30,21.64,0.6735,0.03922,0.6939,14,68.6,0.5437,6.86e+06,1.633e+07,2.319e+07,0,0
427,61.69,Fourmies,city_centre,FR,FRE11,Nord,4.046,50.02,6.418,1.146e+04,,48,26,21,15,7,4,0,3,20,25,2,30,23.73,0.5417,0.3425,0.2083,40,37.8,0.5453,1.165e+08,3.008e+07,1.465e+08,1.012e+07,0.06904
428,61.62,Prats de Lluçanès,city_centre,ES,ES511,Barcelona,2.03,42.01,37.56,2708,,60,31,26,15,9,7,0,5,20,10,0,40,30.68,0.5167,0.1429,0.05,41,44.4,0.5269,2.352e+07,1.501e+07,3.852e+07,1.12e+05,0.002906
429,61.55,St. Georgen,city_centre,DE,DE136,Schwarzwald-Baar-Kreis,8.333,48.13,49.14,1.309e+04,,48,21,25,12,4,5,1,6,3,24,0,29,21.88,0.4375,0.3333,0.1875,43,50,0.5272,8.228e+06,4.211e+06,1.244e+07,1252,0.0001006
430,61.53,Zone commerciale de l'Inquétrie – La Capelle-lès-Boulogne,commercial_zone,FR,FRE12,Pas-de-Calais,1.674,50.73,66.48,,30.62,38,33,4,21,10,2,0,2,6,7,0,27,20.24,0.8684,0.1556,0.9474,10,48.9,0.6386,1.966e+06,5.819e+06,7.784e+06,2.674e+05,0.03436
431,61.49,Lens,city_centre,FR,FRE12,Pas-de-Calais,2.832,50.43,29.79,3.262e+04,,70,34,31,20,5,9,0,1,16,51,0,38,27.36,0.4857,0.4215,0.4714,34,48.3,0.5329,1.956e+08,4.502e+07,2.407e+08,6.185e+06,0.0257
432,61.44,Müllheim im Markgräflerland,city_centre,DE,DE132,Breisgau-Hochschwarzwald,7.626,47.81,5.683,1.845e+04,,46,23,20,16,3,4,0,3,14,35,1,31,23.46,0.5,0.4321,0.3043,34,33.3,0.5732,1.089e+08,2.725e+07,1.361e+08,3.749e+07,0.2754
433,61.42,Finale Ligure,city_centre,IT,ITC32,Savona,8.344,44.17,51.1,1.171e+04,,62,26,33,10,5,11,0,4,4,63,1,28,22.66,0.4194,0.504,0.04839,50,35.7,0.5363,1.819e+07,9.227e+06,2.742e+07,6.095e+04,0.002223
434,61.41,Zone commerciale Doubs,commercial_zone,FR,FRC21,Doubs,6.341,46.92,6.983,,20.57,47,34,12,19,10,5,0,1,11,5,0,36,30.92,0.7234,0.09615,0.5745,15,49.5,0.5931,4.057e+07,2.77e+07,6.827e+07,9.807e+06,0.1436
435,61.39,Chantrans – Montmorot,commercial_zone,FR,FRC22,Jura,5.526,46.67,46.06,,11.64,29,22,5,8,9,5,1,2,3,1,0,25,23.25,0.7586,0.03333,0.6207,11,51.5,0.621,5.647e+06,7.319e+06,1.297e+07,1886,0.0001455
436,61.37,Mühlacker,city_centre,DE,DE12B,Enzkreis,8.841,48.95,44.65,2.493e+04,,33,20,13,10,6,4,0,4,12,27,0,27,21.51,0.6061,0.45,0.2727,25,28.8,0.6575,3.326e+07,1.378e+07,4.704e+07,1.838e+05,0.003908
437,61.34,Wemmel,city_centre,BE,BE241,Arr. Halle-Vilvoorde,4.303,50.91,64.27,,,38,28,10,22,4,2,0,6,12,16,0,22,11.15,0.7368,0.2963,0.1842,28,41.4,0.5739,9.945e+06,1.209e+07,2.203e+07,7.252e+05,0.03291
438,61.33,Zone commerciale Pau,commercial_zone,FR,FRI15,Pyrénées-Atlantiques,-0.3585,43.32,50.15,,11.55,35,23,9,22,0,1,1,2,10,13,0,22,14.48,0.6571,0.2708,0.8857,15,54.2,0.5738,4.705e+06,9.058e+06,1.376e+07,0,0
439,61.32,Haßloch,city_centre,DE,DEB3C,Bad Dürkheim,8.257,49.36,41.13,2.153e+04,,47,23,21,11,8,4,2,1,14,18,1,32,24.6,0.4894,0.2769,0.2128,29,73.3,0.4971,2.937e+07,2.345e+07,5.282e+07,7.832e+05,0.01483
440,61.27,Neustadt,city_centre,DE,DE132,Breisgau-Hochschwarzwald,8.211,47.92,44.45,9150,,32,21,11,9,4,8,0,3,6,20,1,29,26.26,0.6562,0.3846,0.2188,25,29.1,0.6657,1.324e+07,6.422e+06,1.966e+07,2.895e+05,0.01473
441,61.26,Les Tourrades – Mandelieu-la-Napoule,commercial_zone,FR,FRL03,Alpes-Maritimes,6.956,43.55,41.54,,21.22,49,37,7,14,18,5,0,1,4,12,0,30,23.33,0.7551,0.1967,0.6122,10,54,0.596,1.465e+07,2.196e+07,3.66e+07,8.613e+05,0.02353
442,61.22,Haslach im Kinzigtal,city_centre,DE,DE134,Ortenaukreis,8.087,48.28,26.05,6874,,37,23,14,12,7,4,0,4,6,31,0,23,18.19,0.6216,0.4559,0.2432,26,33.3,0.6343,7.118e+07,1.895e+07,9.013e+07,2.571e+06,0.02853
443,61.1,Hockenheim Center – Hockenheim,commercial_zone,DE,DE128,Rhein-Neckar-Kreis,8.533,49.34,45.97,,6.927,21,11,6,6,3,2,4,1,5,5,0,19,16.09,0.5238,0.1923,0.5714,9,95.9,0.4957,7.231e+06,3.099e+07,3.822e+07,1.795e+05,0.004698
444,61.06,Gembloux,city_centre,BE,BE310,Arr. Nivelles,4.694,50.56,44.66,2.3e+04,,42,27,13,10,8,9,0,2,11,33,0,30,25.14,0.6429,0.44,0.1429,19,37.8,0.6269,2.347e+07,1.783e+07,4.13e+07,4.501e+05,0.0109
445,60.79,Hazebrouck,city_centre,FR,FRE11,Nord,2.536,50.72,12.21,2.15e+04,,54,32,20,19,8,5,0,1,19,27,1,34,25.24,0.5926,0.3333,0.3333,28,46.5,0.5394,9.802e+07,2.917e+07,1.272e+08,9.251e+06,0.07274
446,60.79,Furtwangen,city_centre,DE,DE136,Schwarzwald-Baar-Kreis,8.207,48.05,44.49,9004,,40,19,21,7,5,7,0,5,14,28,1,28,21.88,0.475,0.4118,0.25,41,26.4,0.5685,1.183e+07,3.806e+06,1.564e+07,2.896e+04,0.001852
447,60.73,Zone commerciale de Drumettaz-Clarafond (Aix sud) – Viviers-du-Lac,commercial_zone,FR,FRK27,Savoie,5.912,45.66,52.18,,39.11,36,22,13,6,14,2,0,4,7,10,0,30,25.87,0.6111,0.2174,0.5,25,32.4,0.6303,1.525e+07,7.762e+06,2.301e+07,1.737e+06,0.07549
448,60.73,Saint-Gaudens,city_centre,FR,FRJ23,Haute-Garonne,0.7247,43.11,27.36,1.161e+04,,57,35,20,25,4,6,0,1,30,24,2,35,23.27,0.614,0.2963,0.2105,33,50.7,0.5078,8.384e+07,2.815e+07,1.12e+08,2.943e+05,0.002628
449,60.61,Centre commercial Carrefour – Dorlisheim,commercial_zone,FR,FRF11,Bas-Rhin,7.496,48.53,20.52,,15.94,28,17,9,13,3,1,1,4,9,6,0,23,18.99,0.6071,0.1765,0.4643,21,45.2,0.5732,7.2e+07,3.405e+07,1.061e+08,6.845e+06,0.06454
450,60.57,Ostermundigen,city_centre,CH,CH021,Bern / Berne,7.491,46.96,51.6,1.618e+04,,38,16,21,4,5,7,1,7,15,17,1,25,19,0.4211,0.3091,0.2895,47,41.9,0.5078,4.979e+07,1.741e+07,6.721e+07,2.078e+05,0.003092
451,60.48,Zone commerciale Lochristi,commercial_zone,BE,BE234,Arr. Gent,3.809,51.09,57.04,,32.66,55,50,4,23,23,4,0,2,0,7,0,23,14.09,0.9091,0.1129,0.5091,10,73.8,0.5303,6.387e+06,2.227e+07,2.866e+07,2.703e+06,0.09433
452,60.45,Thann,city_centre,FR,FRF12,Haut-Rhin,7.102,47.81,32.24,7766,,49,32,15,16,10,6,0,1,15,24,0,37,26.73,0.6531,0.3288,0.1837,18,46.2,0.5663,5.57e+07,3.362e+07,8.931e+07,8.097e+06,0.09066
453,60.45,Zone commerciale Sélestat,commercial_zone,FR,FRF11,Bas-Rhin,7.46,48.28,15.81,,57.97,34,24,8,9,11,4,0,4,7,3,0,27,22.93,0.7059,0.08108,0.7353,20,34.8,0.6407,6.629e+07,2.683e+07,9.312e+07,5.709e+06,0.06131
454,60.44,Kandel,city_centre,DE,DEB3E,Germersheim,8.197,49.08,11.48,8351,,47,29,16,17,6,6,0,2,12,21,0,36,29.15,0.617,0.3088,0.1277,22,41.7,0.5748,7.533e+07,3.392e+07,1.092e+08,7.117e+06,0.06515
455,60.36,Zone d'activité Sud – Villar-Saint-Pancrace,commercial_zone,FR,FRL02,Hautes-Alpes ,6.625,44.88,10.21,,22.08,42,23,14,10,11,2,1,3,9,4,0,30,24.67,0.5476,0.08696,0.5714,23,53.9,0.534,3.858e+07,1.973e+07,5.83e+07,3.702e+06,0.06349
456,60.33,Fréjus,city_centre,FR,FRL05,Var,6.736,43.43,63.65,5.708e+04,,62,36,23,19,7,10,0,0,24,42,0,36,26.66,0.5806,0.4038,0.1935,23,51,0.5233,2.977e+06,5.802e+06,8.779e+06,1.11e+05,0.01264
457,60.25,Schramberg,city_centre,DE,DE135,Rottweil,8.385,48.23,48.91,2.072e+04,,37,29,8,17,4,8,0,2,4,27,1,24,17.97,0.7838,0.4219,0.1081,19,41.1,0.6167,7.181e+06,5.297e+06,1.248e+07,9.982e+04,0.008
458,60.19,Elzach,city_centre,DE,DE133,Emmendingen,8.071,48.17,29.61,7157,,42,26,15,11,12,3,1,2,3,12,1,25,21.28,0.619,0.2222,0.07143,26,58.1,0.5199,3.899e+07,2.703e+07,6.602e+07,2.753e+06,0.04169
459,60.18,Dossenheim,city_centre,DE,DE125,"Heidelberg, Stadtkreis",8.673,49.45,62.04,1.162e+04,,34,17,15,8,5,4,1,3,14,18,0,31,27.03,0.5,0.3462,0.08824,24,44.3,0.5503,6.674e+06,9.291e+06,1.597e+07,4.268e+04,0.002673
460,60.17,Lochristi,city_centre,BE,BE234,Arr. Gent,3.836,51.1,59.04,2.073e+04,,35,19,14,10,5,4,1,2,7,21,0,25,21.75,0.5429,0.375,0.3714,20,47.3,0.5634,1.042e+07,1.287e+07,2.329e+07,1.758e+06,0.07546
461,60.1,La Vallière – Montmorot,commercial_zone,FR,FRC22,Jura,5.54,46.67,45.12,,11.11,29,20,5,11,7,2,1,1,7,6,0,27,23.4,0.6897,0.1714,0.8276,8,49.4,0.614,4.769e+06,7.588e+06,1.236e+07,1983,0.0001605
462,60.09,Cuorgnè,city_centre,IT,ITC11,Torino,7.65,45.39,36.44,9891,,50,28,21,15,10,3,0,3,12,41,0,25,18.48,0.56,0.4505,0.1,30,41.1,0.5433,5.693e+07,1.113e+07,6.806e+07,0,0
463,60.05,Ciriè,city_centre,IT,ITC11,Torino,7.6,45.24,36.53,1.819e+04,,44,23,18,7,11,5,1,1,10,25,0,37,32.52,0.5227,0.3623,0.09091,21,53,0.537,5.279e+07,2.222e+07,7.501e+07,0,0
464,60.02,Bitburg,city_centre,DE,DEB23,Eifelkreis Bitburg-Prüm,6.525,49.97,55.01,1.523e+04,,39,19,20,12,5,2,0,3,6,34,1,30,24.07,0.4872,0.4658,0.4103,34,27.9,0.5951,1.354e+07,7.649e+06,2.119e+07,9.544e+06,0.4504
465,60.01,Germersheim,city_centre,DE,DE123,"Karlsruhe, Landkreis",8.367,49.22,29.37,2.02e+04,,33,24,8,11,5,8,0,1,12,34,1,27,20.86,0.7273,0.5075,0.303,16,33.6,0.6513,4.821e+07,2.008e+07,6.83e+07,8.361e+05,0.01224
466,59.91,Zweibrücken Fashion Outlet – Contwig,commercial_zone,DE,DEB3A,"Zweibrücken, Kreisfreie Stadt",7.405,49.23,5.645,,6.112,99,96,2,89,7,0,1,0,0,8,0,15,3.784,0.9697,0.07477,0.5556,2,164,0.386,6.034e+06,1.177e+08,1.237e+08,1.17e+07,0.09455
467,59.89,Zone commerciale de l'Oasis – Pusey,commercial_zone,FR,FRC23,Haute-Saône,6.141,47.65,63.84,,35.86,35,24,9,16,5,3,1,2,2,5,0,22,16.68,0.6857,0.125,0.6571,15,55.1,0.5555,1.197e+06,2.639e+06,3.836e+06,9854,0.002569
468,59.85,La Sapinière – Laxou,commercial_zone,FR,FRF31,Meurthe-et-Moselle ,6.129,48.7,68.59,,101.5,29,12,11,4,8,0,2,3,9,10,0,24,20.06,0.4138,0.2564,0.8621,20,58,0.5202,2.532e+06,7.185e+06,9.717e+06,1.147e+06,0.118
469,59.81,La Madeleine,city_centre,FR,FRE11,Nord,3.073,50.65,11.48,2.249e+04,,58,26,28,17,6,3,0,3,28,40,0,33,20.48,0.4483,0.4082,0.2931,37,38.1,0.5087,2.449e+08,4.283e+07,2.877e+08,4.129e+07,0.1435
470,59.78,Payerne,city_centre,CH,CH011,Vaud,6.939,46.82,30.36,1.054e+04,,40,14,24,6,6,2,1,3,15,39,1,27,19.72,0.35,0.4937,0.225,38,40.4,0.5145,1.648e+08,2.504e+07,1.899e+08,3.217e+05,0.001694
471,59.63,Le Coq,city_centre,BE,BE255,Arr. Oostende,3.032,51.28,39.73,,,45,28,15,17,6,5,0,1,16,55,0,31,22.6,0.6222,0.55,0.1333,18,40.5,0.5802,2.259e+07,1.316e+07,3.575e+07,1.467e+06,0.04104
472,59.62,Kirchheimbolanden,city_centre,DE,DEB3D,Donnersbergkreis,8.011,49.66,66.68,8010,,32,22,10,12,4,6,0,3,10,24,1,21,16.87,0.6875,0.4286,0.1875,24,31.2,0.6208,4.958e+06,5.702e+06,1.066e+07,8.41e+04,0.007889
473,59.61,Javein,city_centre,IT,ITC11,Torino,7.352,45.04,28.78,1.675e+04,,29,14,14,7,5,2,0,6,6,14,5,24,20,0.4828,0.3256,0.2069,57,20.4,0.5246,1.402e+08,1.115e+07,1.513e+08,4.43e+05,0.002928
474,59.5,Saint-Ghislain,city_centre,BE,BE323,Arr. Mons,3.82,50.45,10.34,2.297e+04,,44,32,12,22,3,7,0,1,19,27,0,30,20.13,0.7273,0.3803,0.06818,15,45.9,0.5627,6.741e+07,4.63e+07,1.137e+08,2.338e+07,0.2056
475,59.47,Enghien,city_centre,BE,BE241,Arr. Halle-Vilvoorde,4.041,50.7,37.56,1.356e+04,,40,27,13,19,6,2,0,2,6,28,0,24,19.93,0.675,0.4118,0.2,19,39.9,0.6052,4.01e+07,2.308e+07,6.317e+07,3.622e+06,0.05734
476,59.46,Kusel,city_centre,DE,DEB3G,Kusel,7.401,49.54,39.71,5183,,43,23,20,17,3,3,0,5,15,18,0,28,21.08,0.5349,0.2951,0.1628,35,33.6,0.5363,5.956e+07,1.628e+07,7.584e+07,9.91e+05,0.01307
477,59.35,Wadern,city_centre,DE,DEC02,Merzig-Wadern,6.889,49.54,27.6,1.585e+04,,29,17,11,12,1,4,1,3,8,13,0,22,18.63,0.5862,0.3095,0.3103,20,44.3,0.5633,5.595e+07,2.41e+07,8.005e+07,2.881e+06,0.03598
478,59.33,el Pont de Suert,city_centre,ES,ES241,Huesca,0.7402,42.41,31.8,2142,,39,21,17,12,7,2,1,4,6,16,0,24,20.24,0.5385,0.2909,0.05128,29,50.9,0.5163,2.948e+07,1.401e+07,4.35e+07,3.006e+04,0.000691
479,59.31,Durlach Center – Karlsruhe,commercial_zone,DE,DE122,"Karlsruhe, Stadtkreis",8.44,49.01,15.83,,27.5,36,15,17,7,6,2,1,6,8,7,0,26,21.23,0.4167,0.1628,0.8056,35,41.9,0.5171,1.6e+08,4.268e+07,2.027e+08,3.029e+06,0.01495
480,59.3,Iseghem,city_centre,BE,BE256,Arr. Roeselare,3.215,50.92,15.19,,,37,26,10,18,6,2,0,1,21,51,0,25,17.54,0.7027,0.5795,0.2162,13,38.4,0.6059,5.17e+07,2.818e+07,7.988e+07,7.11e+06,0.08902
481,59.25,Obernai,city_centre,FR,FRF11,Bas-Rhin,7.482,48.46,19.95,1.222e+04,,63,34,28,16,4,14,0,2,9,47,1,29,19.35,0.5397,0.4273,0.1111,39,46.8,0.4948,9.852e+07,2.894e+07,1.275e+08,6.307e+06,0.04949
482,59.14,Espace de la Motte – Vesoul,commercial_zone,FR,FRC23,Haute-Saône,6.146,47.64,62.97,,41.62,38,24,9,5,16,3,0,4,8,2,0,28,22.91,0.6316,0.05,0.8421,21,35.1,0.5945,1.921e+06,1.85e+06,3.771e+06,9198,0.002439
483,59.07,Lauffen am Neckar,city_centre,DE,DE117,"Heilbronn, Stadtkreis",9.151,49.08,68.26,1.114e+04,,47,18,21,12,3,3,0,4,14,30,0,37,30.37,0.383,0.3896,0.2128,33,26.1,0.5541,7.209e+05,1.24e+06,1.961e+06,0,0
484,58.93,Kirchzarten,city_centre,DE,DE132,Breisgau-Hochschwarzwald,7.957,47.97,25.07,,,40,22,16,9,7,6,0,5,10,21,0,25,19.27,0.55,0.3443,0.225,31,31.2,0.5584,5.783e+07,1.899e+07,7.682e+07,4.02e+06,0.05233
485,58.82,Morbach,city_centre,DE,DEB22,Bernkastel-Wittlich,7.123,49.81,59.47,1.116e+04,,40,23,16,12,6,5,0,4,11,15,0,28,22.72,0.575,0.2727,0.225,28,33,0.5656,3.207e+06,4.503e+06,7.71e+06,6.082e+05,0.07888
486,58.77,Sandhausen,city_centre,DE,DE125,"Heidelberg, Stadtkreis",8.66,49.34,51.73,1.429e+04,,35,21,14,12,5,4,0,3,16,21,0,29,23.1,0.6,0.375,0.2571,23,30.3,0.6016,1.15e+07,8.358e+06,1.986e+07,6.537e+04,0.003292
487,58.75,Oberwil BL,city_centre,CH,CH032,Basel-Landschaft,7.553,47.51,2.079,1.11e+04,,25,16,8,7,6,3,1,3,8,9,0,20,17.02,0.64,0.2647,0.4,17,43.1,0.578,6.186e+07,3.343e+07,9.529e+07,1.159e+07,0.1217
488,58.68,Centre commercial Rocville – Villeneuve,commercial_zone,CH,CH011,Vaud,6.933,46.39,9.593,,17.24,25,20,2,3,14,3,3,0,0,3,0,13,8.892,0.8,0.1071,0.4,2,89.1,0.4825,7.469e+06,6.524e+07,7.271e+07,1.216e+06,0.01672
489,58.64,Lancy,city_centre,CH,CH013,Genève,6.12,46.18,4.222,,,21,5,13,1,1,3,3,5,4,21,3,12,9.98,0.2381,0.5,0.3333,43,66.6,0.4447,1.798e+08,4.684e+07,2.267e+08,2.826e+07,0.1247
490,58.58,Zone commerciale Renaix,commercial_zone,BE,BE235,Arr. Oudenaarde,3.586,50.75,23.53,,23.3,26,18,7,10,7,1,1,4,3,2,0,16,12.79,0.6923,0.07143,0.9615,19,46.7,0.5548,7.049e+07,3.11e+07,1.016e+08,8.557e+06,0.08423
491,58.52,Zone d'activité de la Baronnie – Le Pont-de-Beauvoisin,commercial_zone,FR,FRK24,Isère,5.689,45.53,69.63,,35.16,34,22,11,10,10,2,0,4,11,5,0,25,20.51,0.6471,0.1282,0.6176,23,32.4,0.5918,8.873e+05,1.602e+06,2.49e+06,2.45e+05,0.09841
492,58.41,Sarrebourg,city_centre,FR,FRF33,Moselle,7.056,48.73,42.03,1.236e+04,,55,36,17,28,6,2,0,0,17,29,0,31,20.35,0.6545,0.3452,0.2182,17,53.4,0.509,1.778e+07,1.126e+07,2.904e+07,7.446e+05,0.02564
493,58.28,Aire-sur-la-Lys,city_centre,FR,FRE12,Pas-de-Calais,2.396,50.64,25.72,9585,,55,37,17,23,9,5,0,1,17,18,0,34,21.43,0.6727,0.2466,0.1091,20,54,0.4991,6.249e+07,2.659e+07,8.908e+07,1.476e+06,0.01657
494,58.23,Le Locle,city_centre,CH,CH024,Neuchâtel,6.745,47.06,1.988,1.053e+04,,41,19,22,6,6,7,0,3,11,34,1,30,25.1,0.4634,0.4533,0.1463,36,26.4,0.549,9.435e+07,1.325e+07,1.076e+08,8.884e+06,0.08257
495,58.14,Saint-Jean-de-Maurienne,city_centre,FR,FRK27,Savoie,6.345,45.28,29,7536,,48,26,19,15,6,5,0,1,30,29,2,34,24.02,0.5417,0.3766,0.2083,32,37.5,0.4922,7.08e+07,1.195e+07,8.275e+07,2.817e+06,0.03404
496,58.14,Zone d'Activités Jaldaï – Guéthary,commercial_zone,FR,FRI15,Pyrénées-Atlantiques,-1.625,43.41,10.74,,52.1,48,28,13,11,14,3,0,2,9,6,0,40,35.75,0.5833,0.1111,0.3542,19,41.1,0.544,3.057e+07,1.375e+07,4.432e+07,5.361e+06,0.121
497,58.14,Cap Émeraude – Bourg-en-Bresse,commercial_zone,FR,FRK21,Ain,5.244,46.22,55.68,,14.71,37,30,5,21,5,4,1,1,5,3,0,23,13.94,0.8108,0.075,0.6216,8,63.8,0.5147,1.639e+06,5.337e+06,6.976e+06,3.988e+05,0.05717
498,58.12,Belp,city_centre,CH,CH021,Bern / Berne,7.498,46.89,57.01,1.155e+04,,39,23,16,7,10,6,0,3,11,15,1,28,23.56,0.5897,0.2778,0.1538,30,32.7,0.5449,1.832e+07,1.033e+07,2.866e+07,7.32e+04,0.002554
499,58.11,Shopping Mosan – Wanze,commercial_zone,BE,BE331,Arr. Huy,5.219,50.52,47.95,,7.942,25,17,5,11,4,2,2,1,0,2,0,19,16.22,0.68,0.07407,0.48,8,64.9,0.5184,4.359e+06,1.662e+07,2.098e+07,1.018e+05,0.004851
500,58.05,Laon,city_centre,FR,FRE21,Aisne,3.621,49.56,59.34,2.402e+04,,54,27,22,13,4,10,0,0,18,51,0,40,31,0.5,0.4857,0.2222,22,37.5,0.5326,7.838e+06,5.219e+06,1.306e+07,6572,0.0005034
501,57.97,Dour,city_centre,BE,BE323,Arr. Mons,3.779,50.4,4.787,1.69e+04,,31,16,14,4,7,5,1,3,4,20,0,19,16.73,0.5161,0.3922,0.4194,23,42.5,0.5422,6.174e+07,2.867e+07,9.041e+07,2.604e+07,0.2881
502,57.94,Centre Commercial Carrefour Besançon Chalezeule – Chalezeule,commercial_zone,FR,FRC21,Doubs,6.061,47.26,46.01,,23.93,23,16,5,8,5,3,1,2,3,4,0,21,19.52,0.6957,0.1481,0.7826,11,43.1,0.6089,3.417e+06,5.658e+06,9.076e+06,1.68e+04,0.001851
503,57.9,Tremp,city_centre,ES,ES513,Lleida,0.895,42.17,60.96,5559,,30,17,11,3,7,7,0,5,9,23,0,23,18.28,0.5667,0.434,0.3333,26,23.4,0.6181,1.313e+06,1.133e+06,2.447e+06,0,0
504,57.87,Puigcerdà,city_centre,ES,ES512,Girona,1.928,42.43,1.096,7909,,37,14,22,8,3,3,0,7,7,50,0,24,18.79,0.3784,0.5747,0.1351,43,20.1,0.546,1.002e+08,2.576e+07,1.26e+08,4.068e+07,0.3229
505,57.74,Schriesheim,city_centre,DE,DE128,Rhein-Neckar-Kreis,8.661,49.48,64.05,1.49e+04,,39,23,14,8,9,6,0,2,17,25,0,33,26.57,0.5897,0.3906,0.1538,20,32.7,0.5766,5.518e+06,7.025e+06,1.254e+07,2.727e+04,0.002175
506,57.72,Puttelange-lès-Sarrelouis,city_centre,DE,DEC01,Regionalverband Saarbrücken,6.883,49.29,7.395,1.875e+04,,39,25,14,19,2,4,0,2,23,23,0,26,18.97,0.641,0.371,0.1795,20,36.3,0.5476,7.572e+07,3.458e+07,1.103e+08,1.509e+07,0.1368
507,57.53,Grasse,city_centre,FR,FRL03,Alpes-Maritimes,6.924,43.66,40.05,4.832e+04,,53,29,21,18,4,7,0,1,14,49,0,31,21.93,0.5472,0.4804,0.1509,24,41.4,0.5105,3.117e+07,1.25e+07,4.367e+07,3.727e+05,0.008534
508,57.48,Selles,city_centre,BE,BE232,Arr. Dendermonde,4.039,51.07,68.3,2.055e+04,,40,20,19,10,6,4,0,3,14,33,0,28,22.34,0.5,0.4521,0.2,28,28.8,0.5575,6.701e+06,5.372e+06,1.207e+07,7.291e+05,0.06039
509,57.46,Borgo San Dalmazzo,city_centre,IT,ITC16,Cuneo,7.487,44.33,20.16,1.127e+04,,76,36,36,17,13,6,0,1,21,27,0,47,34.73,0.4737,0.2621,0.01316,39,52.2,0.4384,7.835e+07,2.714e+07,1.055e+08,1.816e+06,0.01722
510,57.2,Bidart Océan – Bidart,commercial_zone,FR,FRI15,Pyrénées-Atlantiques,-1.575,43.45,16.24,,13.75,41,25,14,10,14,1,0,3,12,6,0,29,22.2,0.6098,0.1277,0.3659,23,37.2,0.5347,4.652e+07,1.329e+07,5.98e+07,3.218e+06,0.05382
511,57.18,Parc d'Activités La Grone – Argelès-sur-Mer,commercial_zone,FR,FRJ15,Pyrénées-Orientales,3.01,42.56,9.197,,60.3,31,14,14,7,6,1,1,4,6,7,0,26,22.1,0.4516,0.1842,0.5806,26,40.7,0.5124,5.508e+07,1.717e+07,7.225e+07,1.238e+06,0.01713
512,57.16,Sant Joan de Vilatorrada,city_centre,ES,ES511,Barcelona,1.804,41.74,69.16,1.087e+04,,54,17,35,7,6,4,0,7,11,27,0,30,20.11,0.3148,0.3333,0.1296,56,24.3,0.4643,1.003e+07,5.01e+06,1.504e+07,0,0
513,57.13,Sulzbach/Saar,city_centre,DE,DEC01,Regionalverband Saarbrücken,7.061,49.3,11.85,1.629e+04,,29,14,12,7,3,4,1,3,8,15,0,27,23.82,0.4828,0.3409,0.2414,21,39.8,0.54,9.306e+07,4.325e+07,1.363e+08,1.376e+07,0.1009
514,57.07,Lilienthal-Center – Scharhof,commercial_zone,DE,DE126,"Mannheim, Stadtkreis",8.455,49.55,66.06,,21.01,20,10,8,2,6,2,2,3,12,4,0,21,16.56,0.5,0.1667,0.7,17,54.4,0.4902,4.465e+06,1.191e+07,1.638e+07,1.102e+05,0.006729
515,56.99,Mouans-Sartoux,city_centre,FR,FRL03,Alpes-Maritimes,6.97,43.62,37.53,1.053e+04,,40,20,18,11,6,3,0,2,24,40,0,32,23.59,0.5,0.5,0.175,24,29.1,0.5429,3.653e+07,1.031e+07,4.684e+07,3.645e+05,0.007782
516,56.92,Erstein,city_centre,FR,FRF11,Bas-Rhin,7.663,48.42,5.81,1.089e+04,,39,25,12,15,6,4,0,3,11,21,0,24,16.55,0.641,0.35,0.1795,21,36.3,0.5486,4.969e+07,2.35e+07,7.318e+07,8.433e+06,0.1152
517,56.91,Birkenfeld,city_centre,DE,DEB15,Birkenfeld,7.165,49.65,50.24,6922,,27,15,12,9,4,2,0,5,8,26,0,21,18.16,0.5556,0.4906,0.2593,27,21.9,0.6146,2.754e+07,9.595e+06,3.714e+07,9.303e+05,0.02505
518,56.85,Mondovicino – Briaglia,commercial_zone,IT,ITC16,Cuneo,7.852,44.42,30.45,,24.79,83,78,5,67,8,3,0,1,1,10,0,18,3.993,0.9398,0.1075,0.4096,8,116.1,0.3861,2.248e+07,5.519e+07,7.766e+07,3.097e+04,0.0003988
519,56.78,Torino Outlet Village – Settimo Torinese,commercial_zone,IT,ITC11,Torino,7.737,45.13,49.38,,14.11,73,68,3,65,3,0,1,0,0,5,0,14,3.632,0.9315,0.0641,0.5342,3,122,0.381,3.28e+06,4.865e+07,5.193e+07,8.113e+04,0.001562
520,56.7,Denzlingen,city_centre,DE,DE132,Breisgau-Hochschwarzwald,7.886,48.07,21.87,1.332e+04,,32,21,9,6,9,6,0,2,15,16,1,30,22.89,0.6562,0.3333,0.1875,20,29.7,0.5794,5.918e+07,2.411e+07,8.329e+07,5.062e+06,0.06078
521,56.62,Denain,city_centre,FR,FRE11,Nord,3.394,50.33,18.28,2.064e+04,,45,26,19,16,8,2,0,1,19,32,1,23,17.15,0.5778,0.4156,0.3333,27,38.4,0.4928,1.066e+08,2.963e+07,1.362e+08,7.869e+06,0.05776
522,56.5,Landstuhl,city_centre,DE,DEB3F,"Kaiserslautern, Landkreis",7.572,49.41,27.2,8956,,26,17,9,12,1,4,0,3,17,42,0,21,15.04,0.6538,0.6176,0.2692,18,24.3,0.6307,5.875e+07,1.962e+07,7.836e+07,1.98e+06,0.02527
523,56.4,Settimo Cielo Retail Park – Mappano,commercial_zone,IT,ITC11,Torino,7.733,45.14,48.7,,25.22,21,16,3,6,9,1,2,0,0,5,0,15,11.78,0.7619,0.1923,0.619,3,63.7,0.5168,4.333e+06,3.137e+07,3.571e+07,6.058e+04,0.001696
524,56.28,Dudelange,city_centre,LU,LU000,Luxembourg,6.085,49.48,1.667,2.129e+04,,32,14,18,8,1,5,0,4,7,52,1,24,20.16,0.4375,0.619,0.25,35,19.5,0.5683,1.906e+08,2.916e+07,2.197e+08,5.311e+07,0.2417
525,56.27,Salt,city_centre,ES,ES512,Girona,2.795,41.97,41.98,3.458e+04,,40,12,28,5,6,1,0,16,8,23,0,23,13.55,0.3,0.3651,0.175,76,17.7,0.4261,2.153e+07,2.717e+06,2.424e+07,8.79e+05,0.03626
526,56.14,Westland Shopping – Dilbeek,commercial_zone,BE,BE100,Arr. de Bruxelles-Capitale/Arr. Brussel-Hoofdstad,4.287,50.84,56.53,,7.178,20,15,4,11,1,3,1,2,5,5,0,18,16.04,0.75,0.2,0.45,10,41.6,0.5883,7.406e+06,1.745e+07,2.486e+07,1.147e+06,0.04615
527,56.12,Bellegarde-sur-Valserine,city_centre,FR,FRK21,Ain,5.826,46.11,10.39,1.133e+04,,42,21,20,11,5,5,0,1,20,30,1,34,27.26,0.5,0.4167,0.2381,28,30,0.5132,7.415e+07,1.422e+07,8.837e+07,7.181e+06,0.08126
528,56.05,Zone d'Activités Commerciales de Buehlfeld – Houssen,commercial_zone,FR,FRF12,Haut-Rhin,7.365,48.13,15.84,,35.59,35,27,7,18,5,4,0,3,2,4,0,18,14.43,0.7714,0.1026,0.8286,16,39.3,0.5688,5.532e+07,3.229e+07,8.761e+07,6.963e+06,0.07948
529,56.02,Herbolzheim,city_centre,DE,DE133,Emmendingen,7.778,48.22,7.981,1.078e+04,,31,19,11,7,7,5,0,3,13,17,0,28,24.08,0.6129,0.3542,0.129,20,27,0.5925,4.175e+07,1.793e+07,5.968e+07,4.927e+06,0.08256
530,55.95,Menin,city_centre,BE,BE253,Arr. Ieper,3.121,50.8,0.4682,,,42,25,16,18,7,0,0,1,7,38,0,29,23.51,0.5952,0.475,0.09524,19,37.5,0.5494,7.247e+07,2.844e+07,1.009e+08,1.928e+07,0.1911
531,55.87,Bad Bergzabern,city_centre,DE,DEB3H,Südliche Weinstraße,7.999,49.1,6.672,7641,,36,21,14,10,5,6,0,1,17,34,0,33,27.05,0.5833,0.4857,0.1667,17,29.7,0.5812,4.777e+07,1.606e+07,6.382e+07,6.608e+06,0.1035
532,55.83,Cabesto – Mandelieu-la-Napoule,commercial_zone,FR,FRL03,Alpes-Maritimes,6.947,43.55,42.21,,18.93,21,16,3,7,5,4,1,2,2,0,0,19,18.07,0.7619,0,0.8095,9,42.8,0.5856,1.145e+07,1.616e+07,2.76e+07,6.348e+05,0.023
533,55.67,Sangüesa / Zangoza,city_centre,ES,ES220,Navarra,-1.283,42.58,49.2,4639,,36,14,20,3,5,6,0,7,10,15,0,29,24.01,0.3889,0.2941,0.1944,41,19.2,0.512,0,0,0,0,
534,55.63,Littoral Parc – Buchillon,commercial_zone,CH,CH011,Vaud,6.421,46.48,5.856,,88,31,25,6,3,17,5,0,4,2,8,0,17,12.75,0.8065,0.2051,0.2903,18,36,0.5728,4.83e+07,2.562e+07,7.392e+07,2.083e+06,0.02818
535,55.54,La Panne,city_centre,BE,BE258,Arr. Veurne,2.592,51.1,3.399,,,39,21,18,11,5,5,0,2,6,61,0,25,18.99,0.5385,0.61,0.3333,24,30,0.5634,6.142e+07,1.429e+07,7.57e+07,1.966e+07,0.2597
536,55.53,Oyonnax,city_centre,FR,FRK21,Ain,5.656,46.26,24.73,2.228e+04,,32,24,8,15,5,4,0,1,11,22,1,21,15.62,0.75,0.4074,0.2812,16,34.8,0.5681,1.021e+08,1.792e+07,1.2e+08,8.237e+05,0.006864
537,55.48,Céret,city_centre,FR,FRJ15,Pyrénées-Orientales,2.749,42.49,6.656,7648,,37,19,17,12,4,3,0,3,8,28,1,23,18.66,0.5135,0.4308,0.1892,31,27.6,0.5246,4.702e+07,9.047e+06,5.606e+07,1.877e+06,0.03348
538,55.46,Lure,city_centre,FR,FRC23,Haute-Saône,6.495,47.69,42.51,7918,,50,28,19,17,4,7,0,0,19,27,1,35,24.66,0.56,0.3506,0.18,24,39.9,0.4717,2.166e+07,9.716e+06,3.137e+07,6.209e+05,0.01979
539,55.45,Vence,city_centre,FR,FRL03,Alpes-Maritimes,7.112,43.72,24.13,1.942e+04,,38,14,22,7,5,2,0,4,10,35,0,27,21.45,0.3684,0.4795,0.3158,34,20.4,0.5437,5.574e+07,8.476e+06,6.422e+07,6.662e+05,0.01037
540,55.43,Saint-Amand-les-Eaux,city_centre,FR,FRE11,Nord,3.428,50.45,5.752,1.598e+04,,40,25,13,14,6,5,0,1,15,20,1,28,20.89,0.625,0.3333,0.25,21,36,0.5135,5.293e+07,2.339e+07,7.632e+07,7.976e+06,0.1045
541,55.36,Shopping Pajot – Negenmanneke,commercial_zone,BE,BE100,Arr. de Bruxelles-Capitale/Arr. Brussel-Hoofdstad,4.291,50.81,53.11,,8.42,21,16,4,8,6,2,1,2,1,3,0,17,14.33,0.7619,0.125,0.8571,10,43.4,0.5736,7.656e+06,1.798e+07,2.564e+07,1.223e+06,0.04769
542,55.33,Embrun,city_centre,FR,FRL02,Hautes-Alpes ,6.496,44.56,28.8,6404,,37,15,20,6,3,6,0,3,8,40,1,30,25.11,0.4054,0.5195,0.1622,34,20.7,0.5448,3.869e+07,8.968e+06,4.766e+07,6629,0.0001391
543,55.19,Zone commerciale Egerkingen,commercial_zone,CH,CH023,Solothurn,7.803,47.32,29.82,,10.23,29,21,8,7,10,4,0,3,5,3,0,23,20.21,0.7241,0.09375,0.7241,17,30.3,0.6063,7.764e+07,2.536e+07,1.03e+08,3.071e+06,0.02981
544,55.13,Bastogne,city_centre,BE,BE342,Arr. Bastogne,5.717,50,46.9,1.513e+04,,36,21,14,15,2,4,0,3,2,35,0,21,16.2,0.5833,0.493,0.1944,23,30.3,0.5651,4.045e+07,1.96e+07,6.005e+07,1.018e+07,0.1695
545,55.13,Maximilian Center – Maximiliansau,commercial_zone,DE,DE122,"Karlsruhe, Stadtkreis",8.295,49.04,8.897,,11.22,23,15,6,9,4,2,1,1,5,10,0,20,17.23,0.6522,0.303,0.7391,9,41.9,0.5707,3.778e+07,4.1e+07,7.878e+07,3.344e+06,0.04245
546,55.03,Thourout,city_centre,BE,BE251,Arr. Brugge,3.102,51.06,30.18,2.04e+04,,31,17,13,9,4,4,0,2,6,40,1,26,21.75,0.5484,0.5634,0.3226,24,24.3,0.5867,8.543e+07,1.613e+07,1.016e+08,4.661e+06,0.0459
547,54.98,E.Leclerc – Marly,commercial_zone,FR,FRF33,Moselle,6.144,49.07,42.32,,91.92,38,14,15,2,8,4,1,2,22,12,0,36,24.69,0.3684,0.24,0.3947,21,39.8,0.4606,4.248e+07,2.4e+07,6.648e+07,7.166e+06,0.1078
548,54.93,Divonne-les-Bains,city_centre,FR,FRK21,Ain,6.143,46.36,1.285,1.014e+04,,41,22,17,10,5,7,0,1,20,28,1,31,23.73,0.5366,0.4058,0.2195,25,30.9,0.5011,6.211e+07,1.928e+07,8.139e+07,4.174e+07,0.5129
549,54.86,ZA Vincent – Montauroux,commercial_zone,FR,FRL05,Var,6.755,43.6,54.75,,41.32,35,16,18,8,8,0,0,5,5,12,0,27,23.02,0.4571,0.2553,0.4286,33,24,0.5314,6.315e+06,3.062e+06,9.377e+06,5.915e+04,0.006308
550,54.79,Liévin,city_centre,FR,FRE12,Pas-de-Calais,2.774,50.42,31.22,3.015e+04,,24,17,7,11,3,3,0,3,8,11,0,19,16.61,0.7083,0.3143,0.8333,16,24.6,0.6404,9.035e+07,2.325e+07,1.136e+08,2.518e+06,0.02217
551,54.78,Leimen,city_centre,DE,DE125,"Heidelberg, Stadtkreis",8.691,49.35,53.74,2.703e+04,,27,16,9,6,5,5,0,2,15,26,1,28,23.86,0.5926,0.4906,0.1111,20,22.5,0.5945,7.447e+06,5.393e+06,1.284e+07,2.96e+04,0.002306
552,54.72,Zone commerciale de Grésy-sur-Aix (Aix nord) – Grésy-sur-Aix,commercial_zone,FR,FRK27,Savoie,5.924,45.72,45.55,,62.68,28,14,12,7,4,3,1,2,7,10,0,24,21.44,0.5,0.2632,0.6429,18,40.1,0.5179,1.752e+07,1.137e+07,2.889e+07,2.678e+06,0.09269
553,54.62,Oostkamp,city_centre,BE,BE251,Arr. Brugge,3.234,51.15,40.87,,,40,26,14,19,4,3,0,2,8,11,0,26,18.85,0.65,0.2157,0.275,20,38.1,0.517,4.516e+07,2.078e+07,6.594e+07,3.861e+06,0.05855
554,54.61,Bad Sobernheim,city_centre,DE,DEB14,Bad Kreuznach,7.652,49.78,68.4,6470,,31,17,14,9,5,3,0,2,8,28,1,26,22.58,0.5484,0.4746,0.2258,25,24.6,0.5649,2.145e+05,4.797e+05,6.942e+05,0,0
555,54.6,Pamiers,city_centre,FR,FRJ21,Ariège,1.608,43.11,48.26,1.639e+04,,48,21,21,13,3,5,0,2,22,29,1,33,23.22,0.4375,0.3766,0.1458,32,30,0.4526,1.274e+07,6.137e+06,1.888e+07,0,0
556,54.46,Marche-en-Famenne,city_centre,BE,BE343,Arr. Marche-en-Famenne,5.342,50.23,33.33,1.745e+04,,27,19,8,7,8,4,0,3,0,19,0,17,15.25,0.7037,0.413,0.3704,17,27.3,0.6307,6.617e+07,1.853e+07,8.47e+07,7.365e+05,0.008695
557,54.41,Zollikofen,city_centre,CH,CH021,Bern / Berne,7.458,47,47.04,1.004e+04,,24,13,10,3,6,4,0,5,22,14,0,24,17.25,0.5417,0.3684,0.4167,25,18.3,0.5666,4.51e+07,1.004e+07,5.514e+07,1.535e+05,0.002783
558,54.39,Cluses,city_centre,FR,FRK28,Haute-Savoie,6.58,46.06,18.88,1.716e+04,,38,19,18,11,4,4,0,1,17,30,0,33,27.89,0.5,0.4412,0.3684,21,27.3,0.5453,7.193e+07,1.414e+07,8.607e+07,5.67e+06,0.06587
559,54.37,Zizur Mayor / Zizur Nagusia,city_centre,ES,ES220,Navarra,-1.693,42.79,35.1,1.647e+04,,43,18,23,7,4,7,0,4,11,18,0,28,24.56,0.4186,0.2951,0.1628,35,24.9,0.4877,7.368e+07,1.419e+07,8.787e+07,3.71e+05,0.004222
560,54.32,Mondojuve - Galleria Artemisia – Garino,commercial_zone,IT,ITC11,Torino,7.62,44.98,48.64,,20.21,17,14,1,13,1,0,2,1,0,3,0,7,4.851,0.8235,0.15,0.7059,4,61,0.489,7.318e+06,3.514e+07,4.246e+07,6.86e+04,0.001616
561,54.26,Mamut – Errenteria,commercial_zone,ES,ES212,Gipuzkoa,-1.883,43.3,9.522,,5.503,23,19,1,6,9,4,2,0,2,5,0,15,11.82,0.8261,0.1786,0.04348,1,67.3,0.4618,1.577e+06,2.426e+07,2.584e+07,5.518e+06,0.2135
562,54.25,Forbach,city_centre,FR,FRF33,Moselle,6.896,49.19,2.653,2.113e+04,,36,22,14,13,4,5,0,1,20,37,0,25,15.82,0.6111,0.5068,0.3333,17,31.5,0.5379,7.026e+07,2.817e+07,9.843e+07,2.809e+07,0.2854
563,54.25,Holzgerlingen,city_centre,DE,DE112,Böblingen,9.012,48.64,67.84,1.169e+04,,30,18,10,10,4,4,1,1,10,8,0,28,23.99,0.6,0.2105,0.1,13,45.8,0.4962,8.998e+05,4.373e+06,5.272e+06,2213,0.0004197
564,54.22,Zone commerciale Orchies,commercial_zone,FR,FRE11,Nord,3.234,50.47,6.883,,15.64,31,14,12,7,6,1,1,4,5,3,0,23,19.16,0.4516,0.08824,0.7419,24,40.7,0.4659,9.974e+07,3.708e+07,1.368e+08,1.469e+07,0.1074
565,54.18,Chablais Centre – Illarsaz,commercial_zone,CH,CH011,Vaud,6.937,46.32,6.706,,5.921,21,14,5,7,4,3,1,2,4,3,0,19,17.55,0.6667,0.125,0.6667,11,40.1,0.5546,5.005e+07,3.066e+07,8.071e+07,8.271e+05,0.01025
566,54.08,Orthez,city_centre,FR,FRI15,Pyrénées-Atlantiques,-0.7738,43.49,55.74,1.068e+04,,41,24,14,13,8,3,0,0,18,24,1,33,23.85,0.5854,0.3692,0.2195,19,35.1,0.4963,1.332e+07,5.812e+06,1.913e+07,5.614e+04,0.002935
567,54.07,Ypres,city_centre,BE,BE253,Arr. Ieper,2.885,50.85,12.16,,,33,21,12,15,2,4,0,1,12,79,0,23,17.08,0.6364,0.7054,0.303,15,30.3,0.576,7.036e+07,2.051e+07,9.087e+07,1.019e+07,0.1121
568,53.97,Somain,city_centre,FR,FRE11,Nord,3.281,50.36,16.2,1.179e+04,,35,23,12,16,4,3,0,1,18,18,0,26,18.7,0.6571,0.3396,0.3714,15,33.6,0.5366,5.387e+07,2.593e+07,7.98e+07,4.276e+06,0.05358
569,53.85,Einkaufscenter Bous EKC – Bous,commercial_zone,DE,DEC04,Saarlouis,6.784,49.28,7.94,,9.783,17,9,5,5,3,1,3,2,1,1,0,12,11.01,0.5294,0.05556,0.7059,11,73.2,0.4076,4.793e+07,6.778e+07,1.157e+08,2.509e+07,0.2168
570,53.81,Espace commercial Au Grand Air – Bouxières-aux-Dames,commercial_zone,FR,FRF31,Meurthe-et-Moselle ,6.149,48.74,63.56,,29.25,37,20,15,10,3,7,0,5,3,6,0,20,16.07,0.5405,0.1395,0.8649,30,27.9,0.5084,6.08e+06,4.638e+06,1.072e+07,9.575e+05,0.08934
571,53.65,Dreispitz – Bâle,commercial_zone,CH,CH031,Basel-Stadt,7.604,47.54,4.341,,5.317,17,12,4,4,6,2,1,2,1,3,0,17,16.67,0.7059,0.15,0.8824,10,37.4,0.5903,5.114e+07,3.627e+07,8.741e+07,1.207e+07,0.1381
572,53.61,Gerlingen,city_centre,DE,DE111,"Stuttgart, Stadtkreis",9.062,48.8,63.69,1.907e+04,,41,19,20,10,4,5,0,3,16,22,0,28,22.86,0.4634,0.3492,0.1463,29,27,0.4834,4.55e+06,4.006e+06,8.557e+06,1.842e+04,0.002152
573,53.43,Muttenz,city_centre,CH,CH032,Basel-Landschaft,7.648,47.53,7.438,1.737e+04,,36,17,19,10,3,4,0,4,7,12,1,22,18.63,0.4722,0.25,0.4167,36,24.3,0.4828,1.475e+08,2.009e+07,1.676e+08,1.797e+07,0.1072
574,53.4,Molsheim,city_centre,FR,FRF11,Bas-Rhin,7.492,48.54,21.18,9359,,25,14,10,9,2,3,0,2,18,22,1,25,20.94,0.56,0.4681,0.36,21,20.1,0.5773,6.498e+07,1.39e+07,7.887e+07,3.424e+06,0.04342
575,53.4,Woluwe-Saint-Lambert,city_centre,BE,BE100,Arr. de Bruxelles-Capitale/Arr. Brussel-Hoofdstad,4.426,50.84,60.83,,,29,8,21,3,2,3,0,5,14,32,0,27,22.89,0.2759,0.5246,0.2069,36,11.1,0.5449,1.031e+07,2.92e+06,1.323e+07,2.148e+05,0.01624
576,53.37,Echternach,city_centre,LU,LU000,Luxembourg,6.421,49.81,35.61,5617,,35,18,15,13,1,4,0,2,12,41,0,27,22.4,0.5143,0.5395,0.1714,21,25.8,0.5478,4.374e+07,1.491e+07,5.865e+07,8.785e+06,0.1498
577,53.29,Centre commercial du mail – Lons,commercial_zone,FR,FRI15,Pyrénées-Atlantiques,-0.3822,43.33,50.02,,21.38,19,12,5,3,7,2,1,3,3,4,0,16,14.37,0.6316,0.1739,0.6842,14,37.4,0.5393,3.659e+06,5.58e+06,9.239e+06,0,0
578,53.29,Ottignies-Louvain-la-Neuve,city_centre,BE,BE310,Arr. Nivelles,4.567,50.67,50.58,3.153e+04,,32,11,17,5,4,2,1,3,10,11,0,28,23.56,0.3438,0.2558,0.2188,26,35.9,0.4538,1.339e+07,1.132e+07,2.47e+07,4.967e+05,0.02011
579,53.28,Zone commerciale Morsbach,commercial_zone,FR,FRF33,Moselle,6.881,49.17,1.514,,39.87,28,17,9,5,11,1,0,5,7,6,0,18,13.73,0.6071,0.1765,0.8214,24,25.2,0.5402,1.148e+08,2.384e+07,1.386e+08,3.176e+07,0.2291
580,53.25,Zone commerciale Wasquehal,commercial_zone,FR,FRE11,Nord,3.125,50.68,6.774,,13.4,35,31,4,25,4,2,0,1,9,6,0,19,13.12,0.8857,0.1463,0.9429,7,45.9,0.5199,4.894e+07,5.107e+07,1e+08,2.117e+07,0.2117
581,53.07,Le Fornaci – Fornaci,commercial_zone,IT,ITC11,Torino,7.593,45.02,44.22,,15.75,14,7,4,4,3,0,3,3,0,3,0,9,8.22,0.5,0.1765,0.5,13,70.5,0.3977,2.751e+07,4.066e+07,6.817e+07,1.668e+05,0.002447
582,53.06,Diekirch,city_centre,LU,LU000,Luxembourg,6.16,49.87,39.88,7047,,31,17,12,12,2,3,0,2,9,42,2,22,17.45,0.5484,0.5753,0.06452,28,24.6,0.5104,6.519e+07,1.93e+07,8.449e+07,3.902e+06,0.04618
583,53.05,Genappe,city_centre,BE,BE310,Arr. Nivelles,4.451,50.61,41.11,1.4e+04,,37,15,21,8,4,3,0,5,3,11,1,25,21.2,0.4054,0.2292,0.2703,41,21.6,0.4685,5.525e+07,1.049e+07,6.575e+07,1.235e+06,0.01879
584,52.94,Saint-Louis,city_centre,FR,FRF12,Haut-Rhin,7.562,47.59,1.085,2.27e+04,,39,23,15,10,8,5,0,0,14,23,1,28,22.03,0.5897,0.371,0.3333,20,33,0.5,9.401e+07,3.542e+07,1.294e+08,7.498e+07,0.5793
585,52.87,Ettenheim,city_centre,DE,DE134,Ortenaukreis,7.813,48.26,9.134,1.195e+04,,38,22,13,10,7,5,0,2,17,15,0,30,24.36,0.5789,0.283,0.07895,19,31.5,0.501,5.142e+07,2.217e+07,7.359e+07,5.239e+06,0.07119
585,52.87,Zone commerciale Bidos,commercial_zone,FR,FRI15,Pyrénées-Atlantiques,-0.6172,43.18,26.04,,13.98,29,19,9,8,7,4,0,4,6,2,0,22,18.02,0.6552,0.06452,0.5517,21,27.3,0.5475,5.315e+07,1.068e+07,6.383e+07,2.566e+04,0.0004019
587,52.83,Herxheim bei Landau/Pfalz,city_centre,DE,DEB3H,Südliche Weinstraße,8.216,49.15,18.86,1.04e+04,,38,24,13,14,7,3,0,2,14,13,0,27,19.5,0.6316,0.2549,0.05263,19,35.1,0.4896,5.291e+07,2.159e+07,7.45e+07,2.605e+06,0.03497
588,52.67,Lede,city_centre,BE,BE231,Arr. Aalst,3.978,50.97,58.44,1.84e+04,,29,17,12,12,3,2,0,4,8,20,0,18,14.64,0.5862,0.4082,0.1724,24,24.9,0.5375,8.578e+06,6.306e+06,1.488e+07,5.822e+05,0.03912
589,52.63,Thuir,city_centre,FR,FRJ15,Pyrénées-Orientales,2.755,42.63,20.24,8173,,56,20,34,14,2,4,0,2,20,23,1,32,23.53,0.3571,0.2911,0.1429,45,28.8,0.3927,7.17e+07,1.089e+07,8.259e+07,6.468e+05,0.007831
590,52.63,Savigliano,city_centre,IT,ITC16,Cuneo,7.656,44.64,46.18,1.988e+04,,54,21,32,10,5,6,0,2,5,33,0,29,24.12,0.3889,0.3793,0.03704,38,29.7,0.4291,5.645e+07,1.345e+07,6.99e+07,66.1,9.456e-07
591,52.53,Zone commerciale Bouvent,commercial_zone,FR,FRK21,Ain,5.663,46.28,25.17,,18.41,20,17,2,8,7,2,1,1,2,4,0,13,11.44,0.85,0.1667,1.05,5,44.9,0.5447,3.085e+07,2.341e+07,5.426e+07,9.796e+05,0.01805
592,52.29,Centre commercial Grand Val – Pontcharra,commercial_zone,FR,FRK24,Isère,6.007,45.44,60.8,,9.919,21,10,8,5,4,1,1,4,5,4,0,22,19.92,0.4762,0.16,0.5238,20,34.7,0.4939,3.557e+06,4.14e+06,7.697e+06,3.338e+05,0.04337
593,52.27,Zone commerciale Westrem,commercial_zone,BE,BE231,Arr. Aalst,3.846,50.98,51.74,,9.943,23,18,1,10,8,0,1,1,2,2,0,18,15.02,0.7826,0.08,0.5652,4,47,0.5193,3.893e+06,1.848e+07,2.237e+07,1.99e+06,0.08897
594,52.27,Elizondo,city_centre,ES,ES220,Navarra,-1.518,43.15,7.014,3293,,38,18,20,5,6,7,0,3,9,21,0,29,24.43,0.4737,0.3559,0.05263,29,24.9,0.4941,1.956e+07,4.098e+06,2.366e+07,3.129e+06,0.1323
595,52.21,Lexy Park – Lexy,commercial_zone,FR,FRF31,Meurthe-et-Moselle ,5.737,49.51,3.005,,41.32,31,17,11,2,12,3,0,4,6,7,0,24,19.9,0.5484,0.1842,0.6129,23,24.6,0.5326,1.153e+08,2.626e+07,1.416e+08,4.345e+07,0.307
596,52.16,Monthey,city_centre,CH,CH012,Valais / Wallis,6.948,46.25,6.971,1.818e+04,,29,12,17,5,1,6,0,5,7,41,0,22,18.31,0.4138,0.5857,0.1379,32,16.2,0.5364,1.446e+08,1.083e+07,1.554e+08,1.704e+06,0.01096
597,52.12,Burlada / Burlata,city_centre,ES,ES220,Navarra,-1.614,42.82,28.44,2.123e+04,,36,15,20,4,6,5,0,2,12,54,0,28,23.65,0.4167,0.6,0.25,26,21,0.5266,6.266e+07,1.314e+07,7.579e+07,5.34e+05,0.007046
598,52.1,Hénin-Beaumont,city_centre,FR,FRE12,Pas-de-Calais,2.947,50.42,26.93,2.604e+04,,41,21,19,10,5,6,0,1,12,26,0,30,23.98,0.5122,0.3881,0.2927,22,29.7,0.494,1.163e+08,2.778e+07,1.44e+08,5.369e+06,0.03727
599,51.83,Vandœuvre-lès-Nancy,city_centre,FR,FRF31,Meurthe-et-Moselle ,6.172,48.66,69.71,2.954e+04,,35,16,17,6,8,2,1,1,6,22,2,22,16.59,0.4571,0.386,0.05714,30,43.4,0.394,2.041e+06,2.886e+06,4.927e+06,1.773e+05,0.03598
600,51.79,Wanze,city_centre,BE,BE331,Arr. Huy,5.214,50.54,48.94,1.336e+04,,21,14,7,5,8,1,0,3,5,18,0,17,14.65,0.6667,0.4615,0.3333,16,20.7,0.6195,8.364e+06,5.884e+06,1.425e+07,5.361e+04,0.003763
601,51.73,Hockenheim,city_centre,DE,DE128,Rhein-Neckar-Kreis,8.548,49.32,44.91,2.111e+04,,31,17,13,7,5,5,0,1,14,25,2,28,23.03,0.5484,0.4464,0.03226,26,24,0.495,2.135e+07,7.909e+06,2.926e+07,7.625e+04,0.002606
602,51.7,Centre Commercial Carrefour Auchy-Les-Mines – Auchy-les-Mines,commercial_zone,FR,FRE11,Nord,2.795,50.52,20.61,,19.47,30,13,13,8,4,1,1,3,1,5,0,22,19.16,0.4333,0.1429,0.6333,22,39.2,0.4515,9.517e+07,3.111e+07,1.263e+08,5.134e+06,0.04065
603,51.62,Tervuren,city_centre,BE,BE241,Arr. Halle-Vilvoorde,4.514,50.82,62.2,2.082e+04,,22,15,7,6,5,4,0,2,5,31,0,18,16.68,0.6818,0.5849,0.3636,13,21.3,0.6422,3.843e+06,5.738e+06,9.58e+06,2.03e+05,0.02119
604,51.51,Zone commerciale Leval-Trahegnies,commercial_zone,BE,BE329,Arr. La Louvière,4.237,50.41,14.11,,12.9,25,17,6,9,6,2,1,1,2,3,0,18,15.21,0.68,0.1071,0.64,9,44.9,0.495,3.208e+07,3.496e+07,6.704e+07,4.652e+06,0.06939
605,51.48,Zone de loisirs des étoiles – Cernay,commercial_zone,FR,FRF12,Haut-Rhin,7.168,47.79,27.19,,45.67,30,15,13,12,3,0,0,6,5,8,0,20,14.67,0.5,0.2105,0.6333,31,22.5,0.4876,1.194e+08,1.908e+07,1.385e+08,8.47e+06,0.06116
606,51.46,Ambérieu-en-Bugey,city_centre,FR,FRK21,Ain,5.36,45.96,49.95,1.485e+04,,29,22,7,15,4,3,0,1,7,10,0,24,19.63,0.7586,0.2564,0.4138,10,32.1,0.5724,4.43e+06,3.801e+06,8.232e+06,2.802e+05,0.03404
607,51.44,Mutterstadt,city_centre,DE,DEB34,"Ludwigshafen am Rhein, Kreisfreie Stadt",8.354,49.44,52.41,1.246e+04,,33,16,17,11,2,3,0,2,22,21,1,25,19,0.4848,0.3889,0.2727,28,23.1,0.4666,2.169e+07,7.191e+06,2.888e+07,2.942e+05,0.01019
608,51.31,Barcelonnette,city_centre,FR,FRL01,Alpes-de-Haute-Provence,6.651,44.39,19.05,2539,,38,19,15,8,7,4,0,1,8,33,0,33,29.49,0.5,0.4648,0.1053,18,27.3,0.5231,3.485e+07,1.519e+07,5.004e+07,7.071e+04,0.001413
609,51.3,Zone commerciale Chambry,commercial_zone,FR,FRE21,Aisne,3.649,49.59,55.98,,45.22,27,18,7,6,9,3,0,3,5,4,0,21,17.63,0.6667,0.129,0.8148,16,26.1,0.5676,9.017e+06,5.03e+06,1.405e+07,3.761e+04,0.002677
610,51.08,Leingarten,city_centre,DE,DE117,"Heilbronn, Stadtkreis",9.124,49.14,68.07,1.043e+04,,32,14,15,9,4,1,0,5,8,16,0,23,19.2,0.4375,0.3333,0.1875,30,20.7,0.4864,9.835e+05,1.063e+06,2.047e+06,0,0
611,51.03,Rochefort,city_centre,BE,BE351,Arr. Dinant,5.223,50.16,23.53,4000,,30,18,12,10,4,4,0,2,2,22,1,18,15.87,0.6,0.4231,0.2333,23,25.8,0.5234,7.9e+07,1.741e+07,9.64e+07,1.424e+06,0.01477
612,50.97,Ferney-Voltaire,city_centre,FR,FRK21,Ain,6.11,46.26,0.896,1.092e+04,,34,17,17,10,2,5,0,1,19,29,1,27,21.14,0.5,0.4603,0.1765,25,24,0.4765,1.094e+08,2.012e+07,1.295e+08,6.1e+07,0.471
613,50.9,Centre B'Est – Farébersviller,commercial_zone,FR,FRF33,Moselle,6.855,49.11,4.647,,29.17,18,13,3,10,0,3,1,1,1,9,0,13,11.09,0.7222,0.3333,0.8889,6,38.6,0.5568,2.651e+07,3.288e+07,5.94e+07,1.383e+07,0.2328
614,50.88,Zone commerciale Sainte-Marguerite,commercial_zone,FR,FRF34,Vosges,6.969,48.27,48.36,,39.99,28,13,13,7,5,1,0,7,8,5,0,21,15.43,0.4643,0.1515,0.6786,34,19.2,0.4694,9.448e+06,1.729e+06,1.118e+07,2.753e+04,0.002463
615,50.83,Anglet,city_centre,FR,FRI15,Pyrénées-Atlantiques,-1.515,43.48,20.8,4.115e+04,,33,16,15,6,9,1,0,1,23,21,1,32,23.45,0.4848,0.3889,0.303,23,23.7,0.4717,5.29e+07,8.537e+06,6.144e+07,1.776e+06,0.02891
616,50.75,Carvin,city_centre,FR,FRE11,Nord,2.958,50.49,22.62,1.785e+04,,43,23,20,19,3,1,0,1,16,21,0,27,18.93,0.5349,0.3281,0.2558,23,34.2,0.4303,6.809e+07,2.315e+07,9.124e+07,5.419e+06,0.05939
617,50.74,Berriozar,city_centre,ES,ES220,Navarra,-1.675,42.84,30.09,1.124e+04,,22,7,12,4,2,1,1,5,4,12,0,17,13.58,0.3182,0.3529,0.6818,27,30.2,0.4546,6.015e+07,1.758e+07,7.773e+07,4.344e+05,0.005588
618,50.68,Esch-sur-Alzette,city_centre,LU,LU000,Luxembourg,5.985,49.5,1.101,3.622e+04,,18,12,5,5,3,4,1,0,5,47,0,15,13.57,0.6667,0.7231,0.3889,5,36.8,0.5657,3.237e+07,5.856e+07,9.093e+07,1.972e+07,0.2168
619,50.54,I Viali – Borgaretto,commercial_zone,IT,ITC11,Torino,7.625,45.01,47.45,,15.34,16,11,4,4,5,2,1,2,3,4,0,14,12.83,0.6875,0.2,0.6875,10,35.9,0.5396,2.416e+07,2.436e+07,4.853e+07,1.086e+05,0.002237
620,50.51,Sarreguemines,city_centre,FR,FRF33,Moselle,7.071,49.11,0.664,2.062e+04,,21,10,10,4,3,3,1,2,6,26,0,16,13.32,0.4762,0.5532,0.381,16,34.1,0.4968,6.37e+07,2.438e+07,8.807e+07,1.753e+07,0.199
621,50.48,Vesoul,city_centre,FR,FRC23,Haute-Saône,6.154,47.62,61.51,1.513e+04,,50,20,29,13,2,5,0,1,14,36,1,25,17.04,0.4,0.4186,0.26,37,28.5,0.3836,2.799e+06,1.214e+06,4.013e+06,5494,0.001369
622,50.44,Aigle,city_centre,CH,CH011,Vaud,6.969,46.32,9.008,1.141e+04,,29,13,15,7,2,4,0,4,7,26,0,21,17.48,0.4483,0.4727,0.2414,27,18.3,0.5249,1.148e+08,1.257e+07,1.274e+08,7.589e+05,0.005957
623,50.4,Prades,city_centre,FR,FRJ15,Pyrénées-Orientales,2.423,42.62,23,6124,,40,20,19,11,5,4,0,1,14,24,1,28,21.49,0.5,0.375,0.15,27,28.8,0.4346,4.22e+07,8.78e+06,5.098e+07,2.969e+05,0.005825
624,50.38,Lutry,city_centre,CH,CH011,Vaud,6.687,46.5,5.448,9571,,27,8,17,2,4,2,1,2,6,21,1,22,19.27,0.2963,0.4375,0.07407,28,31.4,0.4318,9.506e+07,2.481e+07,1.199e+08,7.379e+05,0.006156
624,50.38,Centre Commercial « Val de Lys » – Aire-sur-la-Lys,commercial_zone,FR,FRE12,Pas-de-Calais,2.413,50.64,25.18,,22.82,22,11,9,6,5,0,1,3,5,3,0,19,16.01,0.5,0.12,0.9545,18,36.5,0.4626,4.46e+07,1.573e+07,6.033e+07,9.803e+05,0.01625
626,50.38,Chivasso,city_centre,IT,ITC11,Torino,7.886,45.19,59.43,2.365e+04,,23,15,8,7,1,7,0,2,6,37,0,19,16.2,0.6522,0.6167,0.3043,14,20.4,0.6127,6.561e+06,5.845e+06,1.241e+07,0,0
627,50.36,Mains & Sabots – Évregnies,commercial_zone,BE,BE328,Arr. Tournai-Mouscron,3.283,50.72,2.607,,51.02,23,20,2,8,11,1,1,1,0,4,0,13,10.04,0.8696,0.1481,0.3043,5,49.7,0.4777,2.509e+07,4.58e+07,7.088e+07,2.102e+07,0.2966
628,50.36,Bad Wildbad,city_centre,DE,DE12A,Calw,8.55,48.75,33.5,1.039e+04,,27,18,9,11,4,3,0,1,8,32,0,22,19.22,0.6667,0.5424,0.07407,12,26.1,0.5768,1.625e+07,7.865e+06,2.412e+07,2.099e+04,0.0008706
629,50.32,Munster,city_centre,FR,FRF12,Haut-Rhin,7.137,48.04,32.21,4707,,46,26,20,16,5,5,0,1,7,20,0,24,18.58,0.5652,0.303,0.1522,23,37.5,0.4248,3.661e+07,1.204e+07,4.865e+07,1.285e+06,0.02642
630,50.25,Zone commerciale Montagny-près-Yverdon,commercial_zone,CH,CH011,Vaud,6.622,46.79,12.55,,14.32,20,11,8,3,5,3,1,5,1,2,0,16,13.4,0.55,0.09091,0.55,23,35.6,0.4518,8.836e+07,2.639e+07,1.147e+08,1.107e+06,0.009647
631,50.04,Merchtem,city_centre,BE,BE241,Arr. Halle-Vilvoorde,4.234,50.96,67.87,,,23,9,13,5,2,2,0,6,5,16,0,21,17.27,0.3913,0.4103,0.6087,31,12.9,0.5347,3.808e+06,2.046e+06,5.854e+06,5.824e+04,0.009948
632,49.99,Berga,city_centre,ES,ES511,Barcelona,1.845,42.1,30.59,1.598e+04,,36,17,19,12,4,1,0,3,3,22,1,22,17.09,0.4722,0.3793,0.1111,33,25.2,0.4445,8.099e+07,1.987e+07,1.009e+08,5.675e+05,0.005626
632,49.99,Les Terrasses – Imling,commercial_zone,FR,FRF33,Moselle,7.046,48.72,43.59,,40.29,22,15,6,6,7,2,1,0,4,5,0,19,16.63,0.6818,0.1852,0.6818,6,41.9,0.5073,6.907e+06,1.053e+07,1.744e+07,8.667e+05,0.04969
634,49.93,Benfeld,city_centre,FR,FRF11,Bas-Rhin,7.595,48.37,10.15,5870,,32,18,13,11,3,4,0,1,16,14,2,27,21.42,0.5625,0.3043,0.1562,26,25.8,0.4484,6.099e+07,1.507e+07,7.606e+07,4.854e+06,0.06382
635,49.93,Maldegem,city_centre,BE,BE233,Arr. Eeklo,3.445,51.21,51.04,2.24e+04,,27,15,11,9,3,3,0,3,5,25,0,19,16.04,0.5556,0.4808,0.2593,20,21.6,0.5499,9.705e+06,4.853e+06,1.456e+07,4.725e+05,0.03246
636,49.89,Prilly,city_centre,CH,CH011,Vaud,6.606,46.53,8.803,1.161e+04,,22,9,12,0,4,5,1,3,8,15,1,16,13.59,0.4091,0.4054,0.2273,26,32,0.432,1.07e+08,2.788e+07,1.349e+08,1.103e+06,0.008172
637,49.86,Rumilly,city_centre,FR,FRK28,Haute-Savoie,5.943,45.87,28.97,1.6e+04,,45,22,21,15,4,3,0,1,21,24,0,26,18.55,0.4889,0.3478,0.2444,24,32.1,0.4047,4.137e+07,8.129e+06,4.949e+07,1.629e+06,0.03291
638,49.79,Dixmude,city_centre,BE,BE252,Arr. Diksmuide,2.865,51.03,18.66,,,25,12,13,6,1,5,0,5,4,17,0,18,15.17,0.48,0.4048,0.52,28,16.5,0.5317,9.823e+07,9.236e+06,1.075e+08,4.967e+06,0.04622
639,49.74,Centre Commercial Douai Flers – Lauwin-Planque,commercial_zone,FR,FRE11,Nord,3.046,50.4,22.3,,15.77,20,14,4,11,1,2,1,2,1,2,0,14,11.74,0.7,0.09091,0.6,10,40.4,0.4887,5.049e+07,3.712e+07,8.761e+07,4.727e+06,0.05395
640,49.63,Txingudi merkatalgunea – Oiartzun,commercial_zone,ES,ES212,Gipuzkoa,-1.836,43.32,5.229,,13.84,11,7,1,6,0,1,2,1,2,4,0,9,8.151,0.6364,0.2667,0.4545,4,50.2,0.4593,6.641e+06,1.847e+07,2.511e+07,6.414e+06,0.2554
641,49.6,Oberderdingen,city_centre,DE,DE123,"Karlsruhe, Landkreis",8.802,49.06,43.01,1.18e+04,,28,12,15,2,7,3,0,4,10,20,0,24,20.16,0.4286,0.4167,0.1786,27,17.1,0.509,2.172e+07,4.706e+06,2.642e+07,3.029e+04,0.001146
642,49.59,Zone commerciale San Rocco Castagnaretta,commercial_zone,IT,ITC16,Cuneo,7.522,44.38,23.95,,17.28,18,12,3,4,6,2,1,1,6,4,0,21,20.18,0.6667,0.1818,0.2222,6,37.4,0.5252,1.584e+07,2.541e+07,4.126e+07,2.591e+05,0.00628
643,49.56,Zone commerciale Wittenheim,commercial_zone,FR,FRF12,Haut-Rhin,7.314,47.81,16.44,,39.83,25,17,8,7,8,2,0,3,3,2,0,20,18.15,0.68,0.07407,0.64,17,24.9,0.5492,6.801e+07,2.376e+07,9.176e+07,1.155e+07,0.1259
644,49.5,Zone commerciale Zimmern ob Rottweil,commercial_zone,DE,DE135,Rottweil,8.575,48.17,64.15,,11.37,25,11,12,5,4,2,1,4,3,3,0,19,16.24,0.44,0.1071,0.56,24,35.9,0.4224,7.166e+05,1.147e+06,1.864e+06,0,0
645,49.46,Tienne de l'Europe – Dinant,commercial_zone,BE,BE351,Arr. Dinant,4.932,50.27,13.13,,17.5,18,11,6,4,4,3,1,4,1,0,0,13,11.09,0.6111,0,0.7778,18,35.6,0.4648,4.49e+07,2.02e+07,6.51e+07,3.028e+06,0.04651
646,49.45,Altsasu / Alsasua,city_centre,ES,ES220,Navarra,-2.169,42.89,56.85,7535,,42,19,23,10,4,5,0,3,3,26,0,24,16.69,0.4524,0.3824,0.07143,32,27,0.428,4.656e+06,3.943e+06,8.598e+06,1.945e+05,0.02262
647,49.33,Villava / Atarrabia,city_centre,ES,ES220,Navarra,-1.607,42.83,27.31,9918,,37,16,20,8,3,5,0,2,12,20,1,28,22.34,0.4324,0.3509,0.1622,31,22.5,0.4365,7.107e+07,1.312e+07,8.419e+07,6.698e+05,0.007956
648,49.17,Zone commerciale Saint-Pierre,commercial_zone,BE,BE251,Arr. Brugge,3.213,51.22,48.13,,9.885,20,10,8,4,5,1,1,3,1,4,0,17,15.73,0.5,0.1667,0.75,17,34.7,0.4702,1.99e+07,1.339e+07,3.329e+07,2.276e+06,0.06839
649,49.14,Renens VD,city_centre,CH,CH011,Vaud,6.593,46.53,8.824,2.141e+04,,26,12,14,0,8,4,0,4,11,25,0,18,15.06,0.4615,0.4902,0.2692,26,16.8,0.513,1.057e+08,1.502e+07,1.207e+08,8.549e+05,0.007082
650,49.13,La Ravoire,city_centre,FR,FRK27,Savoie,5.964,45.56,63.21,9042,,28,11,9,4,6,1,1,2,12,8,0,27,22.83,0.3929,0.2222,0.25,15,36.2,0.4273,3.708e+06,5.492e+06,9.2e+06,6.834e+05,0.07428
651,49.12,Fossano,city_centre,IT,ITC16,Cuneo,7.725,44.55,41.45,2.485e+04,,37,12,25,5,3,4,0,2,9,38,1,26,21.98,0.3243,0.5067,0.08108,36,16.8,0.4467,5.25e+07,7.691e+06,6.019e+07,1.92e+04,0.0003189
652,49.06,Éco-Quartier de La Filature – Saint-Étienne-lès-Remiremont,commercial_zone,FR,FRF34,Vosges,6.606,48.01,64,,29.08,22,15,6,6,7,2,0,3,2,5,0,19,17.21,0.6818,0.1852,0.5909,15,21.9,0.5744,3.35e+05,6.219e+05,9.568e+05,0,0
653,49.04,Merelbeke,city_centre,BE,BE234,Arr. Gent,3.746,50.99,47.12,,,29,20,9,10,5,5,0,1,7,15,0,21,17.62,0.6897,0.3409,0.3103,12,28.5,0.5391,1.501e+07,1.218e+07,2.719e+07,2.008e+06,0.07386
654,49,Shopping Léman – Thonon-les-Bains,commercial_zone,FR,FRK28,Haute-Savoie,6.496,46.38,6.252,,8.341,21,12,8,10,1,1,1,3,5,1,0,15,11.56,0.5714,0.04545,1,17,37.7,0.4393,4.014e+07,1.681e+07,5.695e+07,5.121e+06,0.08992
655,48.99,Zone commerciale Brühl,commercial_zone,DE,DE126,"Mannheim, Stadtkreis",8.541,49.41,53.55,,7.461,16,11,4,7,1,3,1,2,7,0,0,16,13.37,0.6875,0,0.8125,10,35.6,0.5009,5.776e+06,1.038e+07,1.616e+07,5.731e+04,0.003547
656,48.89,Wehr,city_centre,DE,DE139,Lörrach,7.905,47.63,23.7,,,34,19,14,8,4,7,0,2,4,12,0,26,23.54,0.5588,0.2609,0.2353,20,26.4,0.4977,4.908e+07,1.48e+07,6.387e+07,1.455e+07,0.2277
657,48.8,Jemeppe-sur-Meuse,city_centre,BE,BE332,Arr. Liège,5.5,50.62,68.04,1.139e+04,,15,6,8,3,2,1,1,4,4,10,0,15,13.19,0.4,0.4,0.6667,20,28.7,0.4785,2.402e+06,3.63e+06,6.031e+06,7474,0.001239
658,48.68,Wörth am Rhein,city_centre,DE,DEB3E,Germersheim,8.267,49.05,9.327,1.812e+04,,17,8,7,4,2,2,1,3,12,9,0,19,16.53,0.4706,0.3462,0.1765,16,31.4,0.4591,4.793e+07,2.385e+07,7.178e+07,3.072e+06,0.0428
659,48.65,Eisenberg (Pfalz),city_centre,DE,DEB3C,Bad Dürkheim,8.073,49.56,56.66,9777,,34,19,15,11,6,2,0,1,11,12,0,30,26.86,0.5588,0.2609,0.1765,18,27.9,0.4758,5.153e+06,6.247e+06,1.14e+07,1.121e+05,0.009835
660,48.59,Centre Agy – Granges-Paccot,commercial_zone,CH,CH022,Fribourg / Freiburg,7.153,46.82,41.95,,9.14,18,9,6,1,5,3,2,2,2,2,0,13,11.99,0.5,0.1,0.5,12,52.6,0.3795,2.857e+07,2.451e+07,5.308e+07,8.107e+04,0.001527
661,48.58,Zone commerciale Tiengen,commercial_zone,DE,DE13A,Waldshut,8.263,47.63,50.54,,21.47,23,15,6,3,10,2,0,3,6,4,0,21,18.52,0.6522,0.1481,0.5217,15,21.9,0.5522,5.442e+06,4.004e+06,9.445e+06,3.714e+06,0.3932
662,48.51,Zone commerciale Locres,commercial_zone,BE,BE232,Arr. Dendermonde,4.015,51.09,68.63,,17.92,31,22,7,13,7,2,0,3,0,3,0,16,10.9,0.7097,0.08824,0.6129,16,32.4,0.4833,4.783e+06,6.454e+06,1.124e+07,7.893e+05,0.07025
663,48.49,Kenzingen,city_centre,DE,DE133,Emmendingen,7.769,48.19,8.341,9098,,32,15,16,7,3,5,0,3,3,20,1,21,16.36,0.4688,0.3846,0.2188,30,21,0.4555,7.073e+07,1.41e+07,8.484e+07,6.81e+06,0.08027
664,48.4,Auto Center Mons – Jemappes,commercial_zone,BE,BE323,Arr. Mons,3.905,50.45,11.46,,15.2,21,16,5,7,9,0,0,3,2,5,0,13,11.32,0.7619,0.1923,0.7619,14,24,0.5567,6.742e+07,2.478e+07,9.22e+07,1.52e+07,0.1648
665,48.34,Alassio,city_centre,IT,ITC32,Savona,8.173,44.01,37.34,1.093e+04,,48,23,25,19,1,3,0,1,7,36,0,22,14.9,0.4792,0.4286,0.1458,28,33.6,0.3819,3.097e+07,1.337e+07,4.434e+07,2.066e+05,0.00466
666,48.33,Estella-Lizarra,city_centre,ES,ES220,Navarra,-2.031,42.67,63.47,1.436e+04,,27,13,13,1,4,8,0,3,8,27,0,22,19.41,0.4815,0.5,0.1852,22,17.1,0.5316,8.294e+05,1.267e+06,2.097e+06,0,0
667,48.32,Zone commerciale Deynze,commercial_zone,BE,BE234,Arr. Gent,3.543,50.98,34.84,,20.89,22,13,9,3,7,3,0,4,5,8,0,19,16.68,0.5909,0.2667,0.3636,21,18.6,0.537,5.789e+07,1.059e+07,6.848e+07,3.88e+06,0.05666
668,48.1,Pont-à-Mousson,city_centre,FR,FRF31,Meurthe-et-Moselle ,6.055,48.9,57.34,1.434e+04,,34,17,16,6,4,7,0,0,12,30,1,26,22.07,0.5,0.4688,0.2059,21,23.4,0.4692,1.004e+07,6.455e+06,1.649e+07,1.608e+06,0.09747
669,48.04,Zone commerciale Coquelles,commercial_zone,FR,FRE12,Pas-de-Calais,1.808,50.94,54.17,,28.68,24,16,8,4,9,3,0,3,5,4,0,16,14.32,0.6667,0.1429,0.75,17,23.1,0.5306,1.306e+07,5.431e+06,1.849e+07,7.228e+05,0.0391
670,48,Zone économique Les Rives De La Bièvre – Sarrebourg,commercial_zone,FR,FRF33,Moselle,7.076,48.74,41.64,,15.61,28,16,8,9,5,2,0,2,9,6,0,27,23.44,0.5714,0.1765,0.6429,14,23.4,0.5217,2.075e+07,6.803e+06,2.755e+07,6.966e+05,0.02528
671,47.94,Dotterbind – Hüfingen,commercial_zone,DE,DE136,Schwarzwald-Baar-Kreis,8.499,47.94,65.65,,11.67,16,9,6,4,4,1,1,3,2,4,0,13,11.56,0.5625,0.2,0.9375,15,33.2,0.4763,6.28e+05,1.633e+06,2.261e+06,7948,0.003516
672,47.91,Z.A.des Cloyes – Roye,commercial_zone,FR,FRC23,Haute-Saône,6.517,47.68,40.94,,26.3,29,21,7,8,9,4,0,1,4,3,0,24,21,0.7241,0.09375,0.5517,10,30.3,0.5261,1.226e+07,9.107e+06,2.137e+07,5.924e+05,0.02773
673,47.89,Le Cannet,city_centre,FR,FRL03,Alpes-Maritimes,7.019,43.58,35.87,4.16e+04,,39,14,21,3,7,4,0,1,23,26,1,30,22.29,0.359,0.4,0.2051,29,19.8,0.4013,5.322e+07,7.941e+06,6.117e+07,4.295e+05,0.007022
674,47.77,La Tour-de-Peilz,city_centre,CH,CH011,Vaud,6.857,46.45,4.037,1.097e+04,,26,10,15,4,2,4,0,3,17,22,1,24,18.66,0.3846,0.4583,0.1154,29,13.8,0.4613,9.421e+07,9.648e+06,1.039e+08,3.855e+05,0.003712
675,47.76,Edenkoben,city_centre,DE,DEB3H,Südliche Weinstraße,8.128,49.28,28.64,6655,,36,19,17,9,7,3,0,0,12,22,1,30,23.48,0.5278,0.3793,0.05556,22,27.6,0.4316,4.06e+07,1.073e+07,5.133e+07,6.87e+05,0.01338
676,47.67,Solsona,city_centre,ES,ES513,Lleida,1.518,41.99,55.98,9234,,22,9,13,2,2,5,0,6,7,19,0,16,13.02,0.4091,0.4634,0.3636,31,12,0.4966,2.747e+06,1.746e+06,4.493e+06,0,0
677,47.66,Borgaro Torinese,city_centre,IT,ITC11,Torino,7.658,45.15,42.65,1.276e+04,,26,11,11,4,6,1,0,3,9,19,1,25,21.6,0.4231,0.4222,0.1538,25,16.2,0.4895,4.108e+07,7.919e+06,4.9e+07,2.87e+04,0.0005859
678,47.63,M-Galerie – Weiswampach,commercial_zone,LU,LU000,Luxembourg,6.057,50.15,68.33,,11.31,21,18,2,13,3,2,1,1,1,1,0,12,7.253,0.8571,0.04545,0.6667,5,46.4,0.4485,2.595e+05,4.917e+06,5.176e+06,7.151e+05,0.1381
679,47.63,Evere,city_centre,BE,BE100,Arr. de Bruxelles-Capitale/Arr. Brussel-Hoofdstad,4.403,50.87,63.02,,,30,5,25,2,2,1,0,5,17,31,0,18,13.47,0.1667,0.5082,0.1667,40,7.2,0.4314,8.675e+06,1.527e+06,1.02e+07,1.392e+05,0.01364
680,47.62,Azpeitia,city_centre,ES,ES212,Gipuzkoa,-2.266,43.18,42.98,1.328e+04,,26,8,18,3,2,3,0,5,5,47,1,15,12.57,0.3077,0.6438,0.1923,38,11.1,0.453,5.677e+06,1.003e+06,6.68e+06,2.924e+05,0.04376
681,47.53,Centre commercial de l'Aviation – Ambérieu-en-Bugey,commercial_zone,FR,FRK21,Ain,5.338,45.97,50.97,,9.66,19,13,4,9,3,1,1,1,2,3,0,15,11.78,0.6842,0.1364,0.8421,7,39.2,0.4806,3.668e+06,5.387e+06,9.055e+06,4.281e+05,0.04728
682,47.51,Granges,city_centre,CH,CH021,Bern / Berne,7.397,47.19,26.78,1.64e+04,,19,7,12,3,1,3,0,7,4,22,0,14,10.62,0.3684,0.5366,0.6842,33,9.6,0.5049,1.241e+08,6.253e+06,1.304e+08,2.778e+05,0.00213
683,47.48,Versoix,city_centre,CH,CH011,Vaud,6.169,46.28,4.173,1.385e+04,,19,10,9,3,3,4,0,4,7,17,0,17,14.65,0.5263,0.4722,0.3684,21,13.8,0.5519,7.042e+07,9.56e+06,7.998e+07,8.886e+06,0.1111
684,47.34,Zone commerciale RN43 – Férin,commercial_zone,FR,FRE11,Nord,3.093,50.34,24.59,,38.22,27,11,15,1,8,2,0,6,4,9,0,17,13.78,0.4074,0.25,0.7037,33,15.9,0.4489,1.206e+08,1.139e+07,1.32e+08,2.714e+06,0.02057
685,47.28,Pasaia,city_centre,ES,ES212,Gipuzkoa,-1.92,43.32,11.25,,,28,8,19,2,2,4,0,4,7,33,1,17,14.93,0.2857,0.541,0.1786,36,10.8,0.4524,4.905e+07,3.527e+06,5.258e+07,6.487e+06,0.1234
686,47.26,Einkaufspark Oggersheim – Maxdorf,commercial_zone,DE,DEB31,"Frankenthal (Pfalz), Kreisfreie Stadt",8.352,49.49,56.47,,41.63,19,14,4,3,9,2,0,2,3,5,0,19,18.21,0.7368,0.2083,0.9474,10,20.4,0.606,5.854e+06,6.037e+06,1.189e+07,1.331e+05,0.01119
687,47.19,E. Leclerc – Bartrès,commercial_zone,FR,FRJ26,Hautes-Pyrénées ,-0.03782,43.11,35.78,,18.48,17,7,7,3,2,2,1,4,5,6,0,16,13.82,0.4118,0.2609,0.6471,19,29.9,0.4391,4.665e+07,1.035e+07,5.7e+07,0,0
688,47.16,Centre commercial le Val d'Arve – Scionzier,commercial_zone,FR,FRK28,Haute-Savoie,6.55,46.07,20.66,,8.35,27,21,5,17,3,1,0,2,6,2,0,16,11.08,0.7778,0.06897,0.963,11,31.2,0.4924,3.756e+07,1.739e+07,5.494e+07,6.283e+06,0.1144
689,47.09,Esneux,city_centre,BE,BE332,Arr. Liège,5.569,50.53,64.87,1.324e+04,,25,15,9,7,7,1,0,1,8,20,1,23,19.78,0.6,0.4444,0.04,17,22.2,0.5071,7.528e+05,1.437e+06,2.19e+06,1.177e+04,0.005372
690,47.06,Zone commerciale de la Creule – Hazebrouck,commercial_zone,FR,FRE11,Nord,2.548,50.74,10.36,,20.67,29,15,13,1,13,1,0,4,4,4,0,18,15.01,0.5172,0.1212,0.8276,25,22.2,0.4579,8.121e+07,1.326e+07,9.447e+07,7.99e+06,0.08457
691,47.04,Zone commerciale Andelnans,commercial_zone,FR,FRC24,Territoire de Belfort,6.861,47.61,15.53,,16.87,35,29,3,7,19,3,0,0,1,3,0,20,15.47,0.8286,0.07895,0.5429,3,42.6,0.4717,1.286e+07,3.557e+07,4.843e+07,4.964e+06,0.1025
692,46.99,Baiersbronn,city_centre,DE,DE12C,Freudenstadt,8.372,48.51,38.46,1.445e+04,,31,20,11,12,4,4,0,1,8,17,0,22,17.97,0.6452,0.3542,0.09677,14,28.8,0.4823,1.776e+07,6.763e+06,2.452e+07,1.45e+05,0.005912
693,46.96,Sedan,city_centre,FR,FRF21,Ardennes,4.943,49.7,9.313,1.661e+04,,34,14,20,8,1,5,0,2,4,39,0,21,17.55,0.4118,0.5342,0.3235,26,19.5,0.4747,1.165e+08,2.085e+07,1.373e+08,1.753e+07,0.1277
694,46.93,Zone commerciale Dainville,commercial_zone,FR,FRE12,Pas-de-Calais,2.74,50.28,47.06,,20.34,23,15,7,4,7,4,0,2,5,4,0,22,19.8,0.6522,0.1481,0.7826,13,21.3,0.5501,1.662e+07,9.359e+06,2.598e+07,7.774e+05,0.02993
695,46.88,Zone d'Activité Sud – Sélestat,commercial_zone,FR,FRF11,Bas-Rhin,7.436,48.25,16.03,,66.42,24,12,11,2,8,2,0,6,3,4,0,19,15.54,0.5,0.1429,0.5,29,17.4,0.4666,8.274e+07,1.139e+07,9.413e+07,4.148e+06,0.04406
696,46.86,Centre commercial Ecublens – Chavannes-près-Renens,commercial_zone,CH,CH011,Vaud,6.565,46.53,8.689,,5.377,14,5,7,4,1,0,2,4,2,2,0,11,9.514,0.3571,0.125,0.6429,19,47.5,0.338,5.712e+07,3.317e+07,9.029e+07,1.044e+06,0.01156
697,46.86,Dinant,city_centre,BE,BE351,Arr. Dinant,4.913,50.26,12.04,1.367e+04,,34,15,19,8,1,6,0,1,9,44,1,22,18.38,0.4412,0.5641,0.1471,27,20.7,0.4363,8.148e+07,1.245e+07,9.393e+07,4.456e+06,0.04744
698,46.85,Centre Commercial du Mont des Bruyères – Saint-Amand-les-Eaux,commercial_zone,FR,FRE11,Nord,3.441,50.44,7.168,,16.91,28,21,5,15,4,2,0,1,2,4,0,22,16.45,0.75,0.125,0.75,8,30.9,0.5179,2.905e+07,2.376e+07,5.281e+07,6.97e+06,0.132
699,46.83,Elne,city_centre,FR,FRJ15,Pyrénées-Orientales,2.97,42.6,13.4,9428,,18,10,7,3,4,3,1,1,5,10,0,19,18.07,0.5556,0.3571,0.2222,10,34.1,0.4779,2.383e+07,1.6e+07,3.983e+07,5.871e+05,0.01474
700,46.79,Sort,city_centre,ES,ES513,Lleida,1.13,42.41,32.95,1727,,29,14,14,5,8,1,0,3,4,22,0,20,18.23,0.4828,0.4314,0.06897,23,20.7,0.4807,2.063e+07,7.842e+06,2.847e+07,9.153e+04,0.003215
701,46.78,ZAC du Pied des Gouttes – Arbouans,commercial_zone,FR,FRC21,Doubs,6.814,47.5,12.05,,24.81,24,20,4,10,9,1,0,1,2,4,0,19,16.63,0.8333,0.1429,0.6667,7,29.7,0.5407,3.471e+07,2.538e+07,6.009e+07,3.07e+06,0.05109
702,46.76,Eplatures Centre – La Chaux-de-Fonds,commercial_zone,CH,CH024,Neuchâtel,6.803,47.09,4.145,,5.394,13,6,5,0,4,2,2,3,0,2,0,11,10.09,0.4615,0.1333,0.4615,14,48.4,0.3651,3.725e+07,2.321e+07,6.046e+07,3.177e+06,0.05255
703,46.62,Leclerc – Thal-Marmoutier,commercial_zone,FR,FRF11,Bas-Rhin,7.373,48.7,34.14,,35.84,11,9,1,3,5,1,1,1,3,2,0,12,11.48,0.8182,0.1538,0.8182,4,33.2,0.5277,1.056e+07,1.607e+07,2.663e+07,1.407e+06,0.05284
704,46.58,Pully,city_centre,CH,CH011,Vaud,6.662,46.51,6.131,1.762e+04,,33,10,22,2,6,2,0,2,12,29,1,25,20.07,0.303,0.4677,0.09091,33,14.4,0.4208,1.163e+08,1.146e+07,1.277e+08,6.301e+05,0.004934
705,46.57,Landen,city_centre,BE,BE224,Arr. Hasselt,5.081,50.75,67.75,1.5e+04,,27,13,14,5,4,4,0,4,3,16,0,17,14.74,0.4815,0.3721,0.3333,26,18.3,0.4782,1.318e+06,1.371e+06,2.689e+06,0,0
706,46.56,Boréal Parc – Beaurains,commercial_zone,FR,FRE12,Pas-de-Calais,2.799,50.27,45.23,,29.38,18,12,5,5,7,0,1,0,4,6,0,16,14.15,0.6667,0.25,0.6667,5,38,0.4848,6.763e+06,1.717e+07,2.393e+07,1.305e+06,0.05452
707,46.51,Zone commerciale Rauental,commercial_zone,DE,DE124,Rastatt,8.238,48.86,8.071,,20.88,26,17,8,1,15,1,0,2,8,5,0,20,15.54,0.6538,0.1613,0.5769,14,25.2,0.4966,5.265e+07,2.284e+07,7.549e+07,4.102e+06,0.05433
708,46.5,Vieux Brisach,city_centre,DE,DE132,Breisgau-Hochschwarzwald,7.581,48.03,0.3759,1.446e+04,,25,13,11,8,1,4,0,2,8,37,0,19,16.2,0.52,0.5968,0.32,17,18.3,0.5213,4.184e+07,1.106e+07,5.29e+07,1.847e+07,0.3491
709,46.44,Heitersheim,city_centre,DE,DE132,Breisgau-Hochschwarzwald,7.659,47.87,6.402,5833,,23,14,9,9,1,4,0,3,4,15,0,17,14.3,0.6087,0.3947,0.1739,18,19.8,0.5185,4.479e+07,1.382e+07,5.861e+07,1.033e+07,0.1763
710,46.38,Orbassano,city_centre,IT,ITC11,Torino,7.537,45.01,41.86,2.158e+04,,15,7,6,4,3,0,1,2,1,17,1,13,12.34,0.4667,0.5312,0.2,17,30.5,0.4533,3.242e+07,1.576e+07,4.819e+07,4218,8.753e-05
711,46.33,Pfalz-Center – Kaiserslautern,commercial_zone,DE,DEB32,"Kaiserslautern, Kreisfreie Stadt",7.817,49.44,38.5,,5.571,11,8,2,4,3,1,1,1,4,2,0,14,13.68,0.7273,0.1538,0.7273,5,31.7,0.5238,9.005e+06,1.608e+07,2.508e+07,4.6e+05,0.01834
712,46.28,Zone commerciale Ambérieu-en-Bugey,commercial_zone,FR,FRK21,Ain,5.34,45.97,51.06,,29.42,32,20,11,4,13,3,0,2,4,2,0,21,18.17,0.625,0.05882,0.375,17,29.1,0.4541,7.73e+06,3.588e+06,1.132e+07,3.022e+05,0.0267
713,46.2,Zone commerciale Fautenbach,commercial_zone,DE,DE134,Ortenaukreis,8.06,48.63,12.02,,15.73,21,13,8,3,7,3,0,4,2,3,0,16,14.2,0.619,0.125,0.7619,20,18.6,0.5142,6.271e+07,1.446e+07,7.718e+07,7.816e+06,0.1013
714,46.16,Altensteig,city_centre,DE,DE12A,Calw,8.601,48.59,44.85,1.118e+04,,18,12,6,4,4,4,0,1,5,17,1,21,20.39,0.6667,0.4857,0.05556,14,16.8,0.5766,5.444e+06,1.957e+06,7.401e+06,0,0
715,46.13,Centre Commercial Les Dauphins – Luingne,commercial_zone,BE,BE254,Arr. Kortrijk,3.237,50.75,3.072,,20.08,22,18,4,14,3,1,0,2,3,6,0,14,8.908,0.8182,0.2143,0.8636,10,26.7,0.5233,5.391e+07,2.551e+07,7.942e+07,2.341e+07,0.2947
716,46.11,lyssach center – Alchenflüh,commercial_zone,CH,CH021,Bern / Berne,7.57,47.07,42.13,,18.6,20,17,0,2,10,5,1,0,0,3,0,14,11.34,0.85,0.1304,0.65,0,44,0.4744,0,2.385e+07,2.385e+07,4.815e+05,0.02019
717,46.09,Schwaigern,city_centre,DE,DE118,"Heilbronn, Landkreis",9.057,49.14,63.33,1.1e+04,,25,12,12,5,4,3,1,1,7,12,0,22,18.72,0.48,0.3243,0,15,37.1,0.3981,7.637e+05,2.378e+06,3.142e+06,0,0
718,46.08,Neuchâtel-sur-le-Rhin,city_centre,DE,DE132,Breisgau-Hochschwarzwald,7.563,47.82,1.064,1.171e+04,,23,10,12,5,2,3,0,5,2,17,1,13,10.52,0.4348,0.425,0.3913,32,14.1,0.4557,1.102e+08,1.281e+07,1.231e+08,4.949e+07,0.4021
719,46.04,ZA de Villeneuve – Fréjus,commercial_zone,FR,FRL05,Var,6.732,43.42,64.43,,8.619,26,21,4,19,2,0,0,1,4,2,0,18,14.65,0.8077,0.07143,0.9231,7,31.5,0.5047,8.107e+05,3.355e+06,4.166e+06,5.878e+04,0.01411
720,45.89,Waldbronn,city_centre,DE,DE122,"Karlsruhe, Stadtkreis",8.472,48.93,18.02,1.228e+04,,23,12,11,6,2,4,0,3,11,16,0,19,15.71,0.5217,0.4103,0.2609,20,16.8,0.497,5.514e+07,1.294e+07,6.808e+07,8.878e+05,0.01304
721,45.86,Alpirsbach,city_centre,DE,DE12C,Freudenstadt,8.403,48.35,48.09,6310,,20,9,9,4,1,4,1,2,1,15,0,16,14.72,0.45,0.4286,0.2,15,32.3,0.4464,4.315e+06,3.826e+06,8.141e+06,5.277e+04,0.006482
722,45.85,Woippy,city_centre,FR,FRF33,Moselle,6.152,49.15,33.72,1.43e+04,,32,17,12,4,13,0,0,2,8,14,0,23,19.39,0.5312,0.3043,0.1562,18,25.5,0.4462,5.694e+07,1.977e+07,7.671e+07,7.084e+06,0.09235
723,45.84,Avesnes-sur-Helpe,city_centre,FR,FRE11,Nord,3.932,50.12,14,4118,,25,12,12,8,3,1,0,3,11,17,0,19,15.64,0.48,0.4048,0.36,21,17.7,0.4804,7.704e+07,1.282e+07,8.985e+07,4.111e+06,0.04576
724,45.84,Bonndorf,city_centre,DE,DE13A,Waldshut,8.342,47.82,56.44,6876,,22,14,8,7,4,3,0,3,4,10,0,17,14.65,0.6364,0.3125,0.1818,17,20.1,0.5113,1.226e+06,1.126e+06,2.353e+06,4.591e+04,0.01951
725,45.77,Bönnigheim,city_centre,DE,DE115,Ludwigsburg,9.093,49.04,63.54,7204,,20,14,6,7,4,3,0,1,11,22,0,20,16.48,0.7,0.5238,0.05,9,20.1,0.5617,3.299e+05,1.278e+06,1.608e+06,0,0
726,45.76,Dahn,city_centre,DE,DEB3K,Südwestpfalz,7.779,49.15,9.597,4772,,30,17,12,8,7,2,0,2,5,22,0,20,15.23,0.5667,0.4231,0.06667,18,24.9,0.4654,4.303e+07,1.086e+07,5.389e+07,2.098e+06,0.03893
727,45.62,Frunpark – Iseghem,commercial_zone,BE,BE256,Arr. Roeselare,3.197,50.92,14.67,,8.317,16,11,4,9,2,0,1,2,2,1,0,9,7.071,0.6875,0.05882,0.9375,10,36.5,0.448,4.808e+07,2.962e+07,7.77e+07,9.043e+06,0.1164
728,45.54,l'Escala,city_centre,ES,ES512,Girona,3.139,42.11,34.81,1.006e+04,,29,14,15,8,2,4,0,2,5,34,0,22,18.63,0.4828,0.5397,0.06897,21,19.8,0.4808,1.256e+07,2.841e+06,1.54e+07,4.914e+05,0.0319
729,45.54,Zone commerciale Péronne,commercial_zone,FR,FRE23,Somme,2.928,49.94,68.8,,40.75,27,14,11,7,6,1,0,3,5,5,0,20,16.89,0.5185,0.1562,1,20,20.7,0.4739,3.226e+06,3.278e+06,6.504e+06,1.752e+05,0.02694
730,45.47,Grimbergen,city_centre,BE,BE241,Arr. Halle-Vilvoorde,4.372,50.93,68.35,,,34,18,16,12,4,2,0,1,9,24,0,23,17.33,0.5294,0.4138,0.1471,19,26.4,0.4314,3.736e+06,5.285e+06,9.021e+06,2.318e+05,0.02569
731,45.47,Zone commerciale Romanel-sur-Lausanne,commercial_zone,CH,CH011,Vaud,6.613,46.56,11.51,,5.258,16,12,4,6,5,1,0,3,5,3,0,15,13.44,0.75,0.1579,0.75,13,17.7,0.5653,5.638e+07,1.702e+07,7.339e+07,5.665e+05,0.007719
732,45.44,Loos,city_centre,FR,FRE11,Nord,3.016,50.61,12.14,2.301e+04,,25,12,13,6,3,3,0,2,15,22,0,19,15.62,0.48,0.4681,0.44,19,17.1,0.4834,9.132e+07,1.626e+07,1.076e+08,1.226e+07,0.114
733,45.43,Zone commerciale du Luc – Dechy,commercial_zone,FR,FRE11,Nord,3.117,50.35,23.44,,54.41,30,26,2,15,9,2,0,0,6,2,0,20,13.53,0.8667,0.0625,0.8667,2,38.4,0.4704,7.802e+06,2.882e+07,3.662e+07,2.747e+06,0.075
734,45.39,Centre Commercial Gibraltar – Catllar,commercial_zone,FR,FRJ15,Pyrénées-Orientales,2.429,42.63,24.02,,9.215,17,10,5,5,4,1,1,2,3,1,0,15,13.78,0.5882,0.05556,0.7647,11,34.7,0.4425,1.931e+07,1.122e+07,3.053e+07,3.39e+05,0.0111
735,45.38,Centre Commercial Auchan Cambrai – Escaudœuvres,commercial_zone,FR,FRE11,Nord,3.256,50.18,34.14,,13.92,20,12,5,10,2,0,1,1,3,3,0,17,14.37,0.6,0.1304,0.65,8,38,0.4376,1.971e+07,2.015e+07,3.985e+07,1.803e+06,0.04525
736,45.26,Illkirch-Graffenstaden,city_centre,FR,FRF11,Bas-Rhin,7.711,48.53,6.092,2.712e+04,,23,7,14,4,3,0,1,1,5,20,0,19,17.07,0.3043,0.4651,0.2609,17,30.5,0.4169,5.612e+07,2.314e+07,7.926e+07,9.174e+06,0.1157
737,45.23,Albisola Superiore,city_centre,IT,ITC32,Savona,8.509,44.34,68.5,1.016e+04,,31,15,14,1,11,3,0,2,7,17,0,26,23.01,0.4839,0.3542,0.09677,20,21.6,0.4558,3.446e+06,3.453e+06,6.899e+06,1060,0.0001536
738,45.18,Beauraing,city_centre,BE,BE351,Arr. Dinant,4.955,50.11,5.121,,,27,17,10,7,7,3,0,1,2,14,0,23,21.38,0.6296,0.3415,0.1111,13,24.6,0.5023,5.61e+07,1.844e+07,7.454e+07,9.726e+06,0.1305
739,45.05,Zone commerciale Langensteinbach,commercial_zone,DE,DE123,"Karlsruhe, Landkreis",8.502,48.92,20.35,,8.659,25,14,10,4,7,3,0,4,5,3,0,20,17.23,0.56,0.1071,0.28,22,20.1,0.4574,6.162e+07,1.482e+07,7.643e+07,8.681e+05,0.01136
740,45.02,Laufenpark – Laufenbourg (Bade),commercial_zone,DE,DE13A,Waldshut,8.074,47.57,36.39,,7.421,23,14,8,10,2,2,0,3,5,5,0,17,13.65,0.6087,0.1786,0.6957,17,20.4,0.49,3.98e+07,1.002e+07,4.982e+07,2.111e+07,0.4237
741,44.98,Centre commercial Carrefour Meylan – Meylan,commercial_zone,FR,FRK24,Isère,5.765,45.2,68.84,,11.1,15,8,5,3,3,2,1,2,4,3,0,16,15.26,0.5333,0.1667,0.7333,11,31.4,0.4575,2.927e+05,9.318e+05,1.224e+06,0,0
742,44.98,Zone commerciale Villargondran,commercial_zone,FR,FRK27,Savoie,6.365,45.27,27.22,,18.17,28,17,10,9,7,1,0,2,6,3,0,19,15.58,0.6071,0.09677,0.8571,16,25.2,0.46,3.632e+07,7.96e+06,4.428e+07,1.929e+06,0.04356
743,44.93,Zone commerciale Corbais,commercial_zone,BE,BE310,Arr. Nivelles,4.647,50.64,51.66,,18.05,22,11,7,2,8,1,0,4,8,6,1,21,18.05,0.5,0.2143,0.1818,24,16.2,0.4492,1.594e+07,5.715e+06,2.165e+07,2.658e+05,0.01228
744,44.85,Ripoll,city_centre,ES,ES512,Girona,2.193,42.2,20.29,9405,,28,14,14,5,0,9,0,2,3,17,2,19,16.48,0.5,0.3778,0.07143,30,18.3,0.4139,6.222e+07,6.795e+06,6.902e+07,1.851e+05,0.002681
745,44.83,Poligny,city_centre,FR,FRC22,Jura,5.709,46.83,42.03,4011,,42,18,22,7,7,4,0,0,14,20,1,29,22.33,0.4286,0.3226,0.09524,27,25.8,0.3508,7.499e+06,3.021e+06,1.052e+07,4319,0.0004105
746,44.78,IKEA – La Gaude,commercial_zone,FR,FRL03,Alpes-Maritimes,7.195,43.71,17.6,,5.38,18,13,5,2,8,3,0,2,2,9,0,16,14.77,0.7222,0.3333,0.5556,11,18.6,0.5776,2.573e+07,1.103e+07,3.675e+07,1.169e+06,0.0318
747,44.66,Urdorf,city_centre,CH,CH040,Zürich,8.426,47.38,66.96,1.05e+04,,15,6,8,2,3,1,1,3,9,5,1,14,11.87,0.4,0.25,0.4667,22,28.7,0.3758,4.031e+06,3.83e+06,7.862e+06,5.897e+05,0.07501
748,44.59,Ondarroa,city_centre,ES,ES212,Gipuzkoa,-2.422,43.32,51.71,8011,,32,15,15,9,3,3,0,1,4,26,1,23,20.4,0.4688,0.4483,0.03125,23,21.6,0.4303,1.366e+06,1.161e+06,2.528e+06,1.685e+05,0.06668
749,44.58,Fugueiré – Vallauris,commercial_zone,FR,FRL03,Alpes-Maritimes,7.056,43.6,32.09,,38.78,29,16,12,0,16,0,0,4,0,4,0,15,12.16,0.5517,0.1212,0.5517,24,24,0.4194,4.472e+07,1.057e+07,5.529e+07,6.427e+05,0.01162
750,44.5,Bruay-la-Buissière,city_centre,FR,FRE12,Pas-de-Calais,2.546,50.48,32.17,2.183e+04,,28,15,11,10,2,3,0,1,16,21,0,25,17.72,0.5357,0.4286,0.2143,14,21.6,0.4581,5.617e+07,1.249e+07,6.865e+07,5.422e+05,0.007897
750,44.5,Zone commerciale Tihange,commercial_zone,BE,BE331,Arr. Huy,5.262,50.53,50.32,,12.7,12,7,4,0,7,0,1,3,3,2,0,10,8.813,0.5833,0.1429,1,13,30.5,0.4465,3.99e+06,5.556e+06,9.547e+06,2.576e+04,0.002698
752,44.43,la Bisbal d'Empordà,city_centre,ES,ES512,Girona,3.04,41.96,51.72,1.16e+04,,29,12,17,6,3,3,0,4,2,18,0,18,14.78,0.4138,0.383,0.1724,29,17.1,0.4302,3.176e+06,1.243e+06,4.419e+06,7.316e+04,0.01656
753,44.43,Halluin,city_centre,FR,FRE11,Nord,3.125,50.78,0.4712,2.083e+04,,42,16,25,11,4,1,0,0,8,24,2,24,19.21,0.381,0.3636,0.07143,35,23.7,0.322,1.333e+08,1.643e+07,1.498e+08,5.52e+07,0.3686
754,44.31,ZAC d'Houtaud – Houtaud,commercial_zone,FR,FRC21,Doubs,6.322,46.91,8.628,,17.98,25,14,7,4,10,0,0,3,6,2,0,23,18.84,0.56,0.07407,0.56,16,21,0.466,3.982e+07,1.051e+07,5.033e+07,6.474e+06,0.1286
755,44.29,Ansoáin / Antsoain,city_centre,ES,ES220,Navarra,-1.64,42.83,28.55,1.063e+04,,26,6,20,2,1,3,0,7,4,17,0,13,9.634,0.2308,0.3953,0.3077,41,8.1,0.3942,8.851e+07,4.474e+06,9.298e+07,5.755e+05,0.00619
756,44.24,Lunéville,city_centre,FR,FRF31,Meurthe-et-Moselle ,6.492,48.59,66.16,1.776e+04,,35,17,17,8,4,5,0,0,13,24,0,29,21.99,0.4857,0.4068,0.2,17,24,0.4286,1.286e+06,8.435e+05,2.13e+06,0,0
757,44.23,Eppelheim,city_centre,DE,DE125,"Heidelberg, Stadtkreis",8.628,49.4,55.85,1.434e+04,,23,13,10,5,4,4,0,0,20,24,1,23,17.02,0.5652,0.5106,0.1739,15,18.3,0.4662,4.655e+06,3.903e+06,8.557e+06,2.343e+04,0.002738
758,44.2,Markgröningen,city_centre,DE,DE115,Ludwigsburg,9.081,48.91,62.54,1.456e+04,,26,12,14,4,4,4,0,2,10,24,0,21,17.87,0.4615,0.48,0.1923,20,16.8,0.4686,1.673e+06,1.671e+06,3.344e+06,1502,0.0004491
759,44.18,Moncalieri,city_centre,IT,ITC11,Torino,7.685,45,51.68,5.725e+04,,22,8,11,5,2,1,1,1,4,31,0,15,13.44,0.3636,0.5849,0.3182,14,31.7,0.4144,1.337e+07,1.33e+07,2.668e+07,6544,0.0002453
760,44.12,Leini,city_centre,IT,ITC11,Torino,7.713,45.18,46.09,1.195e+04,,22,8,14,0,3,5,0,4,2,17,1,17,15.12,0.3636,0.4359,0.2727,31,10.5,0.4582,3.582e+07,4.21e+06,4.003e+07,2854,7.13e-05
761,44.09,Lessines,city_centre,BE,BE32A,Arr. Ath,3.83,50.71,28.73,1.8e+04,,25,14,10,7,3,4,0,1,11,17,1,23,19.49,0.56,0.4048,0.04,18,19.8,0.4553,4.568e+07,1.046e+07,5.613e+07,3.336e+06,0.05943
762,43.83,Grünstadt,city_centre,DE,DEB3C,Bad Dürkheim,8.163,49.57,58.88,,,18,10,7,3,4,3,0,1,9,24,1,22,20.09,0.5556,0.5714,0.2222,15,14.1,0.5301,5.048e+06,3.645e+06,8.693e+06,7.193e+04,0.008275
763,43.8,Limoux,city_centre,FR,FRJ11,Aude,2.218,43.05,62.19,1.03e+04,,32,10,22,3,5,2,0,1,11,28,1,26,21.02,0.3125,0.4667,0.1562,30,14.4,0.4027,1.287e+06,5.859e+05,1.873e+06,0,0
764,43.75,Bailleul,city_centre,FR,FRE11,Nord,2.735,50.74,2.776,1.487e+04,,30,19,11,11,6,2,0,0,12,14,0,20,16.57,0.6333,0.3182,0.2,11,27.9,0.4413,3.641e+07,1.891e+07,5.532e+07,9.908e+06,0.1791
765,43.69,Zone commerciale Saint-Lizier,commercial_zone,FR,FRJ21,Ariège,1.129,43,24.3,,10.41,19,11,6,5,5,1,0,4,3,3,0,16,14.15,0.5789,0.1364,0.8947,18,16.2,0.4956,2.614e+07,7.025e+06,3.317e+07,0,0
766,43.62,Zone commerciale Rastatt,commercial_zone,DE,DE124,Rastatt,8.219,48.86,6.673,,12.33,19,7,12,0,5,2,0,7,4,10,0,12,8.993,0.3684,0.3448,0.8947,33,9.9,0.4327,1.146e+08,8.105e+06,1.227e+08,6.761e+06,0.05509
767,43.58,Braine-le-Comte,city_centre,BE,BE310,Arr. Nivelles,4.136,50.61,29.11,,,35,15,19,9,4,2,0,1,13,26,0,25,18.27,0.4286,0.4262,0.1143,22,21.9,0.3879,4.574e+07,1.194e+07,5.768e+07,2.055e+06,0.03563
768,43.56,Zone commerciale Braine-l'Alleud,commercial_zone,BE,BE241,Arr. Halle-Vilvoorde,4.362,50.7,44.57,,9.713,23,13,7,6,7,0,0,2,6,7,0,21,19.08,0.5652,0.2333,0.6087,13,19.5,0.4932,1.228e+07,8.209e+06,2.049e+07,7.571e+05,0.03695
769,43.55,Weinstraßen-Zentrum – Neustadt an der Weinstraße,commercial_zone,DE,DEB36,"Neustadt an der Weinstraße, Kreisfreie Stadt",8.16,49.34,35.48,,20.65,23,16,6,6,8,2,0,1,4,2,0,23,21.99,0.6957,0.08,0.4783,9,23.4,0.5122,2.134e+07,1.158e+07,3.292e+07,5.769e+05,0.01752
770,43.54,Centre commercial Nice Lingostière – La Gaude,commercial_zone,FR,FRL03,Alpes-Maritimes,7.188,43.73,17.96,,30.56,17,11,6,5,4,2,0,3,2,6,0,14,12.83,0.6471,0.2609,0.9412,15,15.9,0.5425,3.477e+07,9.884e+06,4.466e+07,1.055e+06,0.02363
771,43.51,La Pinte,city_centre,BE,BE234,Arr. Gent,3.65,50.99,41.73,1.105e+04,,25,11,11,9,1,1,0,3,8,14,0,23,19.62,0.44,0.359,0.16,20,16.2,0.4545,3.137e+07,7.183e+06,3.855e+07,2.59e+06,0.06719
772,43.39,Quillan,city_centre,FR,FRJ11,Aude,2.184,42.88,45.09,3066,,25,12,8,6,4,2,0,0,12,22,1,28,25.67,0.48,0.4681,0.16,13,17.4,0.4756,1.061e+07,3.544e+06,1.416e+07,0,0
773,43.29,Knauf Center – Pommerloch,commercial_zone,LU,LU000,Luxembourg,5.859,49.96,44.85,,17.38,15,7,7,3,2,2,1,5,0,3,0,10,7.998,0.4667,0.1667,0.4667,22,29.9,0.3683,1.501e+07,9.146e+06,2.416e+07,5.953e+06,0.2464
774,43.16,Villers-lès-Nancy,city_centre,FR,FRF31,Meurthe-et-Moselle ,6.154,48.67,69.38,1.476e+04,,16,4,11,2,2,0,1,2,13,5,2,16,13.66,0.25,0.2381,0.375,27,26,0.3273,2.064e+06,2.023e+06,4.087e+06,2.471e+05,0.06045
775,43.15,Grande-Synthe,city_centre,FR,FRE11,Nord,2.303,51.01,18.79,2.033e+04,,21,8,11,3,3,2,1,1,10,12,1,16,12.39,0.381,0.3636,0.3333,19,31.4,0.3447,5.017e+07,1.317e+07,6.334e+07,4.858e+06,0.0767
776,43.08,La Massana,city_centre,AD,AD,Andorra,1.516,42.54,8.035,1.159e+04,,18,9,9,5,1,3,0,5,1,25,0,11,8.793,0.5,0.5814,0.1667,24,12.6,0.4773,6.07e+07,5.754e+06,6.645e+07,8.886e+06,0.1337
777,43.07,Saluces,city_centre,IT,ITC16,Cuneo,7.493,44.64,33.27,1.726e+04,,27,13,11,5,4,4,0,2,2,29,0,20,18.52,0.4815,0.5179,0.03704,17,18.3,0.4718,1.071e+08,1.427e+07,1.213e+08,35.84,2.953e-07
778,43.05,Zone commerciale Roucourt,commercial_zone,BE,BE328,Arr. Tournai-Mouscron,3.601,50.52,3.169,,17,15,7,7,3,3,1,1,5,1,1,0,11,8.873,0.4667,0.0625,0.6667,22,30.2,0.359,6.658e+07,2.147e+07,8.805e+07,1.996e+07,0.2267
779,43.03,Bapaume,city_centre,FR,FRE12,Pas-de-Calais,2.849,50.1,56.39,3733,,30,14,14,7,7,0,0,3,2,11,0,16,14.5,0.4667,0.2683,0.4,23,21,0.4123,1.228e+07,6.133e+06,1.841e+07,6.398e+05,0.03475
780,43.01,Plan-les-Ouates,city_centre,CH,CH013,Genève,6.118,46.17,2.73,1.066e+04,,17,7,10,2,4,1,0,3,10,19,1,17,14.17,0.4118,0.5278,0.2941,24,10.2,0.4643,8.731e+07,6.704e+06,9.402e+07,1.285e+07,0.1367
781,42.96,Zone commerciale Bessoncourt,commercial_zone,FR,FRC24,Territoire de Belfort,6.916,47.64,17.02,,40.11,20,13,6,9,4,0,0,3,2,1,0,16,14.37,0.65,0.04762,0.7,15,19.5,0.4886,6.197e+07,1.672e+07,7.869e+07,4.149e+06,0.05273
782,42.94,Triberg,city_centre,DE,DE136,Schwarzwald-Baar-Kreis,8.232,48.13,42.35,,,23,15,7,5,1,9,0,2,6,21,0,12,8.77,0.6522,0.4773,0.1739,13,19.8,0.4904,8.083e+06,3.104e+06,1.119e+07,9.353e+04,0.008361
783,42.8,Lebbeke,city_centre,BE,BE232,Arr. Dendermonde,4.131,51,67.14,1.765e+04,,18,9,9,6,2,1,0,4,2,27,0,12,10.17,0.5,0.6,0.2778,21,13.2,0.4934,2.526e+06,1.971e+06,4.497e+06,1.487e+05,0.03306
784,42.78,Zone commerciale Boncourt,commercial_zone,FR,FRF31,Meurthe-et-Moselle ,5.841,49.16,33.46,,29.45,19,10,9,4,6,0,0,4,5,3,0,17,14.27,0.5263,0.1364,0.9474,21,15,0.4617,4.652e+07,6.829e+06,5.335e+07,1.557e+06,0.02919
785,42.78,Moutier,city_centre,CH,CH021,Bern / Berne,7.37,47.28,16.94,7553,,15,7,8,3,3,1,0,5,3,20,0,12,9.868,0.4667,0.5714,0.4,23,10.2,0.4994,6.941e+07,5.093e+06,7.45e+07,7.926e+05,0.01064
786,42.76,Therwil,city_centre,CH,CH023,Solothurn,7.557,47.5,3.09,1.001e+04,,23,7,16,2,3,2,0,6,6,9,0,17,13.82,0.3043,0.2812,0.3478,34,9.9,0.4029,1.068e+08,6.484e+06,1.133e+08,1.014e+07,0.08955
787,42.74,Brühl,city_centre,DE,DE126,"Mannheim, Stadtkreis",8.534,49.4,51.89,1.438e+04,,21,11,9,4,4,3,0,1,15,16,1,23,18.85,0.5238,0.4324,0.1429,17,15.6,0.4522,7.564e+06,3.868e+06,1.143e+07,2.738e+04,0.002395
788,42.65,Bietigheim-Bissingen,city_centre,DE,DE115,Ludwigsburg,9.136,48.95,66.23,4.221e+04,,19,11,7,4,5,2,0,1,10,22,0,20,17.66,0.5789,0.5366,0.3684,10,15.9,0.5389,8.213e+05,1.69e+06,2.511e+06,1319,0.0005254
789,42.52,ZAC du Vignoble – La Sentinelle,commercial_zone,FR,FRE11,Nord,3.488,50.35,12.36,,21.03,27,19,6,5,10,4,0,1,0,3,0,18,15.74,0.7037,0.1,0.4815,9,27.3,0.4648,4.209e+07,2.391e+07,6.6e+07,7.053e+06,0.1069
790,42.52,Bondues,city_centre,FR,FRE11,Nord,3.092,50.7,7.486,9713,,22,15,7,10,3,2,0,0,11,14,0,21,17.72,0.6818,0.3889,0.1364,7,21.9,0.5047,3.193e+07,1.92e+07,5.113e+07,1.208e+07,0.2362
791,42.47,Bexbach,city_centre,DE,DEC03,Neunkirchen,7.255,49.35,21.18,1.776e+04,,16,11,4,9,1,1,0,1,13,21,0,18,15.58,0.6875,0.5676,0.0625,7,16.2,0.5528,2.666e+07,1.532e+07,4.198e+07,2.618e+06,0.06235
792,42.38,Bad Herrenalb,city_centre,DE,DE123,"Karlsruhe, Landkreis",8.438,48.8,23.97,7478,,21,13,8,6,4,3,0,0,10,26,1,18,15.72,0.619,0.5532,0.04762,13,18.6,0.4819,1.983e+07,7.729e+06,2.756e+07,2.475e+05,0.008982
793,42.26,Fachmarktzentrum Mietersheim – Mietersheim,commercial_zone,DE,DE134,Ortenaukreis,7.846,48.33,7.428,,12.76,18,10,8,1,8,1,0,4,1,8,0,12,10.6,0.5556,0.3077,0.7222,20,14.7,0.4827,6.469e+07,1.069e+07,7.539e+07,4.26e+06,0.05652
794,42.18,Kirn,city_centre,DE,DEB14,Bad Kreuznach,7.458,49.79,66.95,8406,,16,7,9,5,2,0,0,4,4,23,1,12,10.44,0.4375,0.5897,0.1875,26,10.5,0.4501,4.822e+05,3.491e+05,8.313e+05,0,0
795,42.17,Marcinelle,city_centre,BE,BE32B,Arr. Charleroi,4.444,50.4,21.86,,,21,7,13,1,4,2,0,4,6,21,0,17,14.03,0.3333,0.5,0.2381,25,9.9,0.4522,1.427e+08,8.968e+06,1.517e+08,2.093e+06,0.0138
796,42.08,Viva Shopping – Vive-Saint-Éloi,commercial_zone,BE,BE234,Arr. Gent,3.401,50.9,21.45,,11.65,21,16,5,8,5,3,0,1,2,6,0,16,13.22,0.7619,0.2222,0.7143,8,23.1,0.5137,3.624e+07,1.705e+07,5.329e+07,5.295e+06,0.09936
797,42.05,Rutesheim,city_centre,DE,DE112,Böblingen,8.945,48.81,55.18,1.011e+04,,18,10,8,3,5,2,0,2,8,15,0,18,15.77,0.5556,0.4545,0.3333,14,14.4,0.5166,4.868e+06,3.326e+06,8.194e+06,2.196e+04,0.00268
798,42,Forum – Fromelennes,commercial_zone,FR,FRF21,Ardennes,4.852,50.13,1.827,,24.98,20,13,7,7,4,2,0,3,2,1,0,14,12.67,0.65,0.04762,0.8,16,18.9,0.4734,6.076e+07,1.012e+07,7.087e+07,2.865e+07,0.4042
799,41.98,Pianezza,city_centre,IT,ITC11,Torino,7.543,45.11,36.11,1.492e+04,,21,11,10,2,4,5,0,2,6,17,0,21,19.46,0.5238,0.4474,0.09524,16,15,0.4937,3.475e+07,8.552e+06,4.33e+07,1.168e+05,0.002697
800,41.96,Riviera Centre – Rennaz,commercial_zone,CH,CH011,Vaud,6.921,46.39,8.78,,15.69,16,6,9,5,1,0,1,4,3,3,0,12,10.31,0.375,0.1579,0.5625,21,29,0.3481,7.34e+07,1.893e+07,9.233e+07,8.709e+05,0.009433
801,41.87,Zone commerciale Lüxem,commercial_zone,DE,DEB22,Bernkastel-Wittlich,6.906,49.99,66.41,,11.12,11,7,2,1,4,2,1,2,1,2,0,10,9.524,0.6364,0.1538,0.4545,8,29.9,0.438,2.101e+06,6.702e+06,8.803e+06,2.738e+06,0.3111
802,41.85,Globus – Bobenheim-Roxheim,commercial_zone,DE,DEB31,"Frankenthal (Pfalz), Kreisfreie Stadt",8.353,49.58,65.7,,5.912,14,6,7,4,2,0,1,3,5,2,0,16,14.85,0.4286,0.125,0.4286,16,29,0.3825,3.78e+06,5.416e+06,9.196e+06,6.846e+04,0.007445
803,41.82,Caudry,city_centre,FR,FRE11,Nord,3.41,50.12,29.21,1.407e+04,,20,9,11,8,0,1,0,2,6,14,2,17,14.95,0.45,0.4118,0.25,27,13.2,0.4147,5.457e+07,5.16e+06,5.973e+07,2.323e+05,0.003889
804,41.71,Worb,city_centre,CH,CH021,Bern / Berne,7.565,46.93,57.39,1.145e+04,,20,11,9,3,4,4,0,3,6,13,0,14,12.24,0.55,0.3939,0.3,18,15.3,0.4681,1.064e+07,4.552e+06,1.519e+07,4.051e+04,0.002667
805,41.69,Zone commerciale Seilhan,commercial_zone,FR,FRJ23,Haute-Garonne,0.5909,43.06,24.03,,14.1,20,11,8,5,5,1,0,3,5,2,0,20,18.55,0.55,0.09091,0.65,17,16.2,0.4664,5.566e+07,9.354e+06,6.501e+07,3.103e+05,0.004773
806,41.68,Mouscron,city_centre,BE,BE254,Arr. Kortrijk,3.214,50.74,1.466,5.663e+04,,19,10,9,5,2,3,0,1,11,35,0,23,19.11,0.5263,0.6481,0.3158,12,14.1,0.5199,6.647e+07,1.348e+07,7.995e+07,2.54e+07,0.3177
807,41.42,Lillers,city_centre,FR,FRE12,Pas-de-Calais,2.476,50.56,28.86,9988,,22,13,9,10,1,2,0,1,8,18,0,18,14.74,0.5909,0.45,0.2273,12,18.9,0.4779,4.317e+07,1.022e+07,5.339e+07,4.588e+05,0.008595
808,41.35,Kandern,city_centre,DE,DE139,Lörrach,7.661,47.71,8.684,4000,,21,13,6,4,7,2,0,2,3,13,0,17,15.67,0.619,0.3824,0.04762,12,18.9,0.4863,2.272e+07,1.027e+07,3.299e+07,9.03e+06,0.2737
809,41.32,Sea Shopping Center Middelkerke – Wilskerke,commercial_zone,BE,BE255,Arr. Oostende,2.842,51.19,23.71,,21.71,26,11,9,5,5,1,0,4,3,3,0,20,17.66,0.4231,0.1034,0.5769,21,16.2,0.4117,4.115e+07,6.749e+06,4.79e+07,2.419e+06,0.0505
810,41.23,Mondovì,city_centre,IT,ITC16,Cuneo,7.82,44.39,26.3,2.188e+04,,30,11,17,3,4,4,0,1,8,21,2,23,18.23,0.3667,0.4118,0,30,15.3,0.348,9.864e+07,6.764e+06,1.054e+08,1.313e+04,0.0001245
811,41.18,Zell am Harmersbach,city_centre,DE,DE134,Ortenaukreis,8.065,48.35,23.77,7870,,22,13,8,9,0,4,0,3,0,15,0,12,9.391,0.5909,0.4054,0.1818,17,18.3,0.4563,3.556e+07,8.346e+06,4.391e+07,1.568e+06,0.0357
812,41.15,Zone Commerciale du 8 Mai – Béthencourt,commercial_zone,FR,FRE11,Nord,3.427,50.13,27.96,,31.03,17,12,4,6,3,3,0,2,2,5,0,14,13.19,0.7059,0.2273,0.8824,10,17.1,0.5379,3.019e+07,8.938e+06,3.913e+07,3.152e+05,0.008056
813,41.12,Hoeilaert,city_centre,BE,BE241,Arr. Halle-Vilvoorde,4.474,50.77,55.42,1.02e+04,,22,11,11,4,6,1,0,3,4,11,0,18,15.77,0.5,0.3333,0.1364,20,16.2,0.433,9.299e+06,4.988e+06,1.429e+07,3.148e+05,0.02203
814,41.06,Zone commerciale La Galerie - Géant Mandelieu – Mandelieu-la-Napoule,commercial_zone,FR,FRL03,Alpes-Maritimes,6.933,43.53,44.35,,9.089,18,12,6,9,1,2,0,2,7,3,0,16,13.03,0.6667,0.1429,1,12,17.4,0.4921,1.341e+07,5.9e+06,1.931e+07,2.624e+05,0.01359
815,40.99,Couillet,city_centre,BE,BE32B,Arr. Charleroi,4.469,50.39,22.78,,,18,16,2,9,5,2,0,1,4,6,0,13,10.24,0.8889,0.25,0.7778,5,23.4,0.5144,3.075e+07,2.272e+07,5.347e+07,1.946e+06,0.0364
816,40.88,Racconigi,city_centre,IT,ITC16,Cuneo,7.679,44.77,48.71,9856,,27,11,14,4,4,3,0,3,3,13,0,21,19.45,0.4074,0.325,0.03704,23,15.6,0.4077,1.343e+07,4.532e+06,1.796e+07,0,0
817,40.78,Zone commerciale Wevelgem,commercial_zone,BE,BE254,Arr. Kortrijk,3.204,50.82,4.778,,6.095,24,21,3,10,9,2,0,1,0,1,0,14,10.19,0.875,0.04,0.5833,6,30.9,0.4364,3.965e+07,3.109e+07,7.074e+07,1.389e+07,0.1963
818,40.48,Dronero,city_centre,IT,ITC16,Cuneo,7.367,44.47,32.77,7043,,23,10,12,1,7,2,0,3,3,17,0,17,14.95,0.4348,0.425,0.1304,21,14.4,0.429,3.838e+07,6.335e+06,4.471e+07,3.888e+04,0.0008696
819,40.46,Oberndorf am Neckar,city_centre,DE,DE135,Rottweil,8.571,48.29,61.43,1.469e+04,,19,10,8,8,1,1,0,1,14,24,1,19,13.86,0.5263,0.5581,0.1579,16,14.7,0.4324,4.992e+05,5.002e+05,9.994e+05,0,0
820,40.42,Sarriguren,city_centre,ES,ES220,Navarra,-1.593,42.81,28.86,1.7e+04,,23,5,18,1,1,3,0,4,10,15,0,17,13.72,0.2174,0.3947,0.3043,30,6.6,0.4025,5.346e+07,3.29e+06,5.675e+07,4.798e+05,0.008455
821,40.41,Zone commerciale Saint-Vincent-de-Tyrosse,commercial_zone,FR,FRI13,Landes,-1.285,43.67,44.93,,12.78,21,9,8,5,2,2,0,4,3,6,0,19,16.97,0.4286,0.2222,0.4762,20,12.9,0.4403,1.379e+07,1.904e+06,1.569e+07,1.63e+05,0.01039
822,40.38,Riegelsberg,city_centre,DE,DEC01,Regionalverband Saarbrücken,6.945,49.3,8.938,1.451e+04,,20,10,10,7,2,1,0,2,5,18,1,15,13.3,0.5,0.4737,0.1,21,14.7,0.4209,8.539e+07,1.425e+07,9.965e+07,1.245e+07,0.125
823,40.29,Speicher,city_centre,DE,DEB23,Eifelkreis Bitburg-Prüm,6.639,49.94,53.34,3313,,19,8,11,3,4,1,0,4,4,14,0,13,11.59,0.4211,0.4242,0.3158,23,11.7,0.4351,3.056e+06,1.682e+06,4.739e+06,1.685e+06,0.3555
824,40.28,Sulz am Neckar,city_centre,DE,DE135,Rottweil,8.631,48.36,63.23,1.264e+04,,17,9,8,3,3,3,0,2,2,13,1,15,13.81,0.5294,0.4333,0.4118,19,12.6,0.4748,4.004e+05,4.01e+05,8.014e+05,0,0
825,40.25,Zone commerciale Longlaville,commercial_zone,FR,FRF31,Meurthe-et-Moselle ,5.797,49.54,0.7817,,20.06,15,12,3,10,2,0,0,2,2,6,0,11,9.315,0.8,0.2857,0.6,9,18,0.5244,4.649e+07,2.186e+07,6.835e+07,3.479e+07,0.509
826,40.19,Eghezée,city_centre,BE,BE352,Arr. Namur,4.907,50.59,47.64,1.4e+04,,21,12,9,5,4,3,0,1,6,18,0,18,15.85,0.5714,0.4615,0.2381,12,17.1,0.4843,8.844e+06,5.84e+06,1.468e+07,1.078e+05,0.007342
827,40.15,Gravelines,city_centre,FR,FRE11,Nord,2.127,50.99,31.35,1.122e+04,,26,11,14,7,4,0,0,2,9,11,0,24,20.81,0.4231,0.2973,0.1538,20,16.5,0.3975,3.711e+07,4.97e+06,4.208e+07,1.407e+06,0.03345
828,40.11,Winkelpark N60 – Eine,commercial_zone,BE,BE235,Arr. Oudenaarde,3.612,50.87,31.26,,5.634,20,17,2,10,5,2,0,2,1,0,0,10,8.058,0.85,0,0.75,8,24.9,0.4571,2.291e+07,1.25e+07,3.541e+07,1.875e+06,0.05296
829,40.07,Centre commercial des Acacias – Athus,commercial_zone,BE,BE341,Arr. Arlon,5.841,49.56,2.017,,6.305,15,6,7,4,1,1,1,4,3,0,0,14,12.25,0.4,0,0.4667,19,28.7,0.3297,8.438e+07,3.239e+07,1.168e+08,7.308e+07,0.6259
830,40.02,Saint-André-lez-Lille,city_centre,FR,FRE11,Nord,3.045,50.66,9.829,1.294e+04,,26,13,11,5,4,4,0,1,10,11,0,23,19.49,0.5,0.2973,0.3462,14,18.3,0.4195,6.736e+07,1.659e+07,8.395e+07,1.218e+07,0.1451
831,40.01,Le Cateau-Cambrésis,city_centre,FR,FRE11,Nord,3.542,50.11,25.03,6929,,26,16,10,10,5,1,0,0,9,11,1,15,12.84,0.6154,0.2973,0.2308,15,23.7,0.3834,5.487e+07,1.242e+07,6.729e+07,6.765e+05,0.01005
832,40.01,Dilbeek,city_centre,BE,BE100,Arr. de Bruxelles-Capitale/Arr. Brussel-Hoofdstad,4.266,50.85,57.04,,,15,10,5,5,2,3,0,1,6,15,0,16,13.78,0.6667,0.5,0.4,8,14.1,0.5555,4.632e+06,5.123e+06,9.755e+06,3.518e+05,0.03607
833,39.98,Hellemmes,city_centre,FR,FRE11,Nord,3.109,50.63,9.725,1.849e+04,,30,13,11,3,6,4,0,0,14,23,1,25,19.15,0.4333,0.434,0.1,16,18.3,0.3778,8.426e+07,1.711e+07,1.014e+08,1.404e+07,0.1385
834,39.96,Illkirch Baggersee – Ostwald,commercial_zone,FR,FRF11,Bas-Rhin,7.74,48.54,4.715,,14.37,10,4,5,4,0,0,1,2,8,4,0,13,11.9,0.4,0.2857,1.5,11,26,0.396,3.735e+07,2.011e+07,5.746e+07,7.172e+06,0.1248
835,39.96,Zone commerciale Titisee,commercial_zone,DE,DE132,Breisgau-Hochschwarzwald,8.152,47.9,40.46,,9.187,22,17,3,10,1,6,0,0,1,24,0,14,12.59,0.7727,0.5217,0.04545,3,23.7,0.5178,1.788e+06,5.084e+06,6.872e+06,2.227e+05,0.03241
836,39.94,Philippeville,city_centre,BE,BE353,Arr. Philippeville,4.544,50.2,15.99,8600,,15,9,6,2,5,2,0,2,0,9,1,13,12.47,0.6,0.375,0.6667,17,12.9,0.4978,8.043e+07,1.003e+07,9.046e+07,5.857e+06,0.06474
837,39.88,Todtnau,city_centre,DE,DE139,Lörrach,7.945,47.83,28.24,5077,,16,9,7,3,3,3,0,3,4,12,0,13,11.68,0.5625,0.4286,0.3125,16,12.6,0.4916,2.472e+07,4.077e+06,2.879e+07,8.972e+05,0.03116
838,39.85,Santa Coloma de Farners,city_centre,ES,ES512,Girona,2.666,41.86,53.22,1.223e+04,,35,14,21,3,5,6,0,1,7,17,0,25,20.36,0.4,0.3269,0.1143,24,19.2,0.3525,2.393e+06,1.632e+06,4.025e+06,7.483e+04,0.01859
839,39.8,Asperg,city_centre,DE,DE115,Ludwigsburg,9.135,48.91,66.48,1.284e+04,,20,9,11,5,2,2,0,2,11,16,0,21,18.13,0.45,0.4444,0.15,17,12.9,0.4465,1.095e+06,1.131e+06,2.226e+06,689.5,0.0003097
840,39.64,Frameries,city_centre,BE,BE323,Arr. Mons,3.893,50.41,7.106,2.13e+04,,17,6,9,4,2,0,0,4,7,13,0,17,14.47,0.3529,0.4333,0.2941,21,9,0.4487,7.47e+07,7.18e+06,8.188e+07,1.221e+07,0.1492
841,39.57,Zone d'activités industrielles et commerciales Occitanie – Pieusse,commercial_zone,FR,FRJ11,Aude,2.222,43.07,64.08,,25.01,21,12,6,5,5,2,0,2,4,2,0,21,19.61,0.5714,0.08696,0.6667,12,17.4,0.4609,4.401e+05,6.724e+05,1.112e+06,0,0
842,39.29,Saint-Genis-Pouilly,city_centre,FR,FRK21,Ain,6.021,46.24,1.062,1.456e+04,,21,9,12,5,2,2,0,2,14,20,0,20,14.76,0.4286,0.4878,0.1429,18,12.9,0.4143,4.714e+07,7.669e+06,5.481e+07,2.208e+07,0.4028
843,39.16,Ittigen,city_centre,CH,CH021,Bern / Berne,7.482,46.98,49.62,1.107e+04,,16,7,9,5,1,1,0,4,9,5,0,18,15.71,0.4375,0.2381,0.375,21,10.2,0.4289,2.676e+07,4.476e+06,3.124e+07,7.135e+04,0.002284
844,39.1,Binningen,city_centre,CH,CH031,Basel-Stadt,7.57,47.54,3.069,1.49e+04,,17,5,12,0,1,4,0,4,3,13,1,13,11.19,0.2941,0.4333,0.4118,29,6.3,0.4108,1.086e+08,4.696e+06,1.133e+08,1.293e+07,0.1141
845,39.1,Zone commerciale Biron,commercial_zone,FR,FRI15,Pyrénées-Atlantiques,-0.7472,43.48,57.1,,30,18,13,4,6,4,3,0,2,4,1,0,14,11.86,0.7222,0.05263,0.7778,10,18.6,0.4714,5.375e+06,2.746e+06,8.121e+06,3.277e+04,0.004035
846,39.08,Zone commerciale Erquelinnes,commercial_zone,BE,BE329,Arr. La Louvière,4.135,50.31,1.661,,8.092,12,4,7,1,2,1,1,4,1,4,0,9,7.627,0.3333,0.25,0.6667,19,25.7,0.3455,5.394e+07,1.567e+07,6.961e+07,2.238e+07,0.3215
847,38.99,Hirson,city_centre,FR,FRE21,Aisne,4.084,49.92,7.681,8662,,25,13,11,8,4,1,0,0,12,18,0,21,16.92,0.52,0.4186,0.28,11,19.2,0.4211,3.801e+07,1.535e+07,5.336e+07,4.034e+06,0.0756
848,38.96,Zone commerciale Les Ayvelles,commercial_zone,FR,FRF21,Ardennes,4.753,49.73,9.852,,26.96,18,10,7,6,4,0,0,3,2,3,0,15,13.78,0.5556,0.1429,0.9444,16,15,0.4517,7.464e+07,1.665e+07,9.129e+07,6.518e+06,0.0714
849,38.92,Brumath,city_centre,FR,FRF11,Bas-Rhin,7.708,48.73,13.83,1.024e+04,,31,16,15,8,2,6,0,0,7,15,0,21,17.58,0.5161,0.3261,0.2258,15,22.2,0.378,3.996e+07,1.412e+07,5.408e+07,3.774e+06,0.06978
850,38.74,Pratteln,city_centre,CH,CH032,Basel-Landschaft,7.694,47.52,10.45,1.532e+04,,18,7,11,2,1,4,0,3,10,19,0,16,12.32,0.3889,0.5135,0.3333,20,9.3,0.436,7.095e+07,6.962e+06,7.791e+07,7.963e+06,0.1022
851,38.73,Centre Commercial Frunshopping Carpe diem – Pollestres,commercial_zone,FR,FRJ15,Pyrénées-Orientales,2.879,42.64,18.72,,17.96,24,9,11,2,6,1,0,3,4,6,0,20,18.49,0.375,0.2,0.4167,20,13.2,0.401,4.218e+07,5.993e+06,4.818e+07,4.218e+05,0.008756
852,38.73,Saint-Paul-lès-Dax,city_centre,FR,FRI13,Landes,-1.052,43.73,57.85,1.432e+04,,25,11,14,2,3,6,0,0,15,13,1,23,20.88,0.44,0.3421,0.24,19,14.7,0.377,3.105e+06,1.005e+06,4.11e+06,6.225e+04,0.01514
853,38.71,ZA Les Châtaigniers – Roquebrune-sur-Argens,commercial_zone,FR,FRL05,Var,6.636,43.46,69.26,,26.66,20,7,9,4,2,1,0,3,10,11,0,20,18.25,0.35,0.3548,0.3,18,10.2,0.4279,1.865e+06,9.872e+05,2.852e+06,2.103e+04,0.007373
854,38.52,Zone d'activités de l'Ousson – Belley,commercial_zone,FR,FRK21,Ain,5.705,45.76,45.54,,27.44,21,10,10,3,5,2,0,3,2,3,0,19,17.67,0.4762,0.125,0.5714,19,14.4,0.4185,9.109e+06,1.11e+06,1.022e+07,3.848e+04,0.003765
855,38.51,Furnes,city_centre,BE,BE258,Arr. Veurne,2.662,51.07,7.142,,,15,9,6,4,3,2,0,2,2,12,0,13,12.27,0.6,0.4444,0.4667,12,12.9,0.5142,3.767e+07,7.001e+06,4.467e+07,9.391e+06,0.2102
856,38.34,Zone commerciale Verlaine,commercial_zone,BE,BE331,Arr. Huy,5.339,50.61,60.01,,7.448,11,7,2,3,2,2,1,1,2,1,0,12,11.69,0.6364,0.08333,0.4545,5,29.9,0.4017,1.296e+06,5.457e+06,6.753e+06,3.832e+04,0.005674
857,38.28,Chapelle-lez-Herlaimont,city_centre,BE,BE329,Arr. La Louvière,4.28,50.47,21.86,1.49e+04,,20,6,14,4,1,1,0,4,5,14,0,16,13.77,0.3,0.4118,0.15,26,8.7,0.3944,1.075e+08,7.276e+06,1.148e+08,2.955e+06,0.02575
858,38.28,Zone commerciale Valdahon,commercial_zone,FR,FRC21,Doubs,6.332,47.15,23.01,,35.46,16,7,7,4,3,0,0,4,7,5,0,16,13.37,0.4375,0.2381,0.75,19,10.5,0.4276,4.592e+07,3.549e+06,4.947e+07,3.95e+05,0.007984
859,38.25,Parc de l'Innovation – Marcq-en-Barœul,commercial_zone,FR,FRE11,Nord,3.088,50.68,8.734,,20.55,20,10,8,1,8,1,0,3,3,3,0,17,15.66,0.5,0.1304,0.65,17,14.7,0.4217,1.029e+08,1.458e+07,1.175e+08,2.133e+07,0.1815
859,38.25,Wattrelos,city_centre,FR,FRE11,Nord,3.215,50.7,1.079,4.084e+04,,15,8,7,4,2,2,0,2,10,14,0,14,11.91,0.5333,0.4828,0.6,13,11.4,0.4852,6.68e+07,1.002e+07,7.682e+07,1.893e+07,0.2464
861,38.21,Koekelberg,city_centre,BE,BE100,Arr. de Bruxelles-Capitale/Arr. Brussel-Hoofdstad,4.332,50.86,59.87,,,38,5,32,2,2,1,0,2,5,32,0,20,12.21,0.1316,0.4571,0.05263,38,7.2,0.3101,1.215e+07,1.769e+06,1.392e+07,2.61e+05,0.01875
862,38.17,Zone commerciale Fourmies,commercial_zone,FR,FRE11,Nord,4.033,50.02,7.421,,48,17,11,6,5,4,2,0,2,2,4,0,13,11.93,0.6471,0.1905,0.8824,12,15.9,0.4773,2.914e+07,1.121e+07,4.034e+07,2.439e+06,0.06047
863,38.09,Middelkerke,city_centre,BE,BE255,Arr. Oostende,2.823,51.19,22.18,,,26,10,15,8,0,2,0,2,3,57,0,14,11.62,0.3846,0.6867,0.1923,21,14.4,0.3855,4.121e+07,5.886e+06,4.71e+07,2.704e+06,0.05741
864,38,Seraing,city_centre,BE,BE332,Arr. Liège,5.509,50.62,68.23,6.461e+04,,16,6,10,4,2,0,0,3,9,20,0,14,12.32,0.375,0.5556,0.375,19,9,0.443,2.232e+06,1.104e+06,3.336e+06,2872,0.0008609
865,37.98,Littoral Centre Allaman – Allaman,commercial_zone,CH,CH011,Vaud,6.397,46.48,6.776,,21.92,7,3,2,1,2,0,2,1,0,2,0,6,5.742,0.4286,0.2222,0.4286,5,44.5,0.289,1.295e+07,2.736e+07,4.03e+07,1.54e+06,0.03822
866,37.96,Zone commerciale Diesen,commercial_zone,FR,FRF33,Moselle,6.695,49.19,1.216,,24.76,18,11,5,7,2,2,0,2,2,4,0,15,13.78,0.6111,0.1818,0.8889,11,15.9,0.4733,4.35e+07,1.156e+07,5.506e+07,1.054e+07,0.1914
867,37.82,Mettlach,city_centre,DE,DEC02,Merzig-Wadern,6.594,49.49,7.516,1.253e+04,,23,19,2,6,10,3,0,0,3,11,0,13,9.441,0.8261,0.3235,0.1739,2,27.6,0.4376,6.046e+06,2.004e+07,2.609e+07,7.497e+06,0.2874
868,37.79,Renaix,city_centre,BE,BE235,Arr. Oudenaarde,3.602,50.75,24.66,2.6e+04,,17,7,10,3,1,3,0,2,5,31,0,17,16.05,0.4118,0.6458,0.4706,16,9.6,0.4822,5.304e+07,5.461e+06,5.85e+07,2.624e+06,0.04485
869,37.73,Ibardin – Bera,commercial_zone,ES,ES220,Navarra,-1.689,43.31,0.03129,,5.867,11,0,11,0,0,0,0,11,0,9,0,1,1,0,0.45,0,44,0,0.3291,1.712e+07,0,1.712e+07,1.128e+07,0.6592
870,37.73,Le Quesnoy,city_centre,FR,FRE11,Nord,3.636,50.25,8.142,4852,,20,10,10,7,1,2,0,2,4,16,0,15,12.58,0.5,0.4444,0.3,16,14.4,0.4337,4.306e+07,8.732e+06,5.179e+07,3.219e+06,0.06215
871,37.72,Centre commercial Alizés – Canet-en-Roussillon,commercial_zone,FR,FRJ15,Pyrénées-Orientales,3.021,42.7,24.96,,12.14,16,8,7,5,3,0,0,3,4,7,0,16,14.38,0.5,0.3043,0.5625,16,12,0.4537,3.391e+07,5.37e+06,3.928e+07,2.111e+05,0.005373
872,37.65,Bavay,city_centre,FR,FRE11,Nord,3.795,50.3,4.767,3246,,20,10,9,4,4,2,0,2,9,10,0,20,16.24,0.5,0.3333,0.2,15,14.4,0.414,4.557e+07,9.184e+06,5.475e+07,6.904e+06,0.1261
873,37.63,Arc-en-ciel – Châtillens,commercial_zone,CH,CH011,Vaud,6.819,46.57,15.27,,6.83,9,5,3,1,3,1,1,3,2,1,0,7,6.336,0.5556,0.1,0.5556,12,27.2,0.3547,2.995e+07,1.293e+07,4.288e+07,1.338e+05,0.00312
874,37.62,Haaltert,city_centre,BE,BE231,Arr. Aalst,4.006,50.9,53.2,,,16,7,9,3,3,1,0,2,12,11,0,20,17.82,0.4375,0.4074,0.375,15,10.2,0.4531,7.212e+06,2.814e+06,1.003e+07,2.846e+05,0.02839
875,37.58,Zone commerciale Pâturages,commercial_zone,BE,BE323,Arr. Mons,3.874,50.42,7.182,,5.247,14,8,5,4,3,1,1,1,0,1,0,11,10.02,0.5714,0.06667,0.7143,8,31.7,0.3562,2.694e+07,2.295e+07,4.989e+07,8.418e+06,0.1687
876,37.53,Wattignies,city_centre,FR,FRE11,Nord,3.051,50.59,14.92,1.553e+04,,20,8,10,4,4,0,0,4,4,5,0,15,13.18,0.4,0.2,0.55,22,12,0.3814,1.088e+08,1.104e+07,1.198e+08,1.263e+07,0.1054
877,37.49,Quaregnon,city_centre,BE,BE323,Arr. Mons,3.864,50.44,9.933,1.887e+04,,33,15,15,2,12,1,0,1,3,11,0,22,18.71,0.4545,0.25,0.09091,18,22.2,0.3326,6.232e+07,1.656e+07,7.888e+07,1.239e+07,0.1571
878,37.48,Haubourdin,city_centre,FR,FRE11,Nord,2.986,50.61,10.94,1.476e+04,,23,10,8,4,2,4,0,0,17,16,1,26,21.06,0.4348,0.4103,0.1304,13,13.8,0.3871,5.608e+07,1.177e+07,6.785e+07,7.329e+06,0.108
879,37.47,Löffingen,city_centre,DE,DE132,Breisgau-Hochschwarzwald,8.345,47.88,54.93,7962,,17,9,8,4,1,4,0,2,7,14,0,16,14.47,0.5294,0.4516,0.1765,14,12.3,0.4588,1.923e+06,1.15e+06,3.073e+06,1.089e+04,0.003544
880,37.43,Zone Commerciale de la Ramondia – La Barthe-de-Neste,commercial_zone,FR,FRJ26,Hautes-Pyrénées ,0.385,43.1,36.58,,11.93,15,11,4,6,3,2,0,2,2,1,0,13,11.9,0.7333,0.0625,0.9333,10,15.9,0.4861,3.093e+07,7.732e+06,3.866e+07,4.253e+05,0.011
881,37.39,Zone commerciale Laon,commercial_zone,FR,FRE21,Aisne,3.614,49.55,61,,17.33,17,13,4,7,4,2,0,1,2,1,0,16,14.19,0.7647,0.05556,0.8824,7,18.9,0.4854,2.231e+06,2.384e+06,4.615e+06,2775,0.0006013
882,37.39,Zone commerciale Souffelweyersheim,commercial_zone,FR,FRF11,Bas-Rhin,7.727,48.63,6.966,,67.06,22,13,5,1,10,2,0,2,3,0,0,17,15.71,0.5909,0,0.5909,11,18.9,0.4143,3.064e+07,1.352e+07,4.416e+07,4.887e+06,0.1107
883,37.33,Bully-les-Mines,city_centre,FR,FRE12,Pas-de-Calais,2.72,50.45,30.3,1.222e+04,,20,5,13,3,2,0,0,4,7,4,0,20,17.91,0.25,0.1667,0.4,25,7.5,0.3825,9.937e+07,5.098e+06,1.045e+08,1.132e+06,0.01083
884,37.28,Zone commerciale Cranves-Sales,commercial_zone,FR,FRK28,Haute-Savoie,6.276,46.18,3.127,,13.34,13,7,6,0,6,1,0,4,5,6,0,12,10.2,0.5385,0.3158,0.3846,18,10.2,0.4444,5.7e+07,6.867e+06,6.387e+07,1.618e+07,0.2534
885,37.21,Zone d'Activités de la Chaume – Saint-Étienne-lès-Remiremont,commercial_zone,FR,FRF34,Vosges,6.614,48.02,64.47,,11.49,15,11,4,7,3,1,0,1,2,4,0,15,14,0.7333,0.2105,0.6667,7,16.2,0.5072,1.456e+05,4.347e+05,5.803e+05,0,0
886,37.04,Zone Commerciale des 3 Frontières – Longlaville,commercial_zone,FR,FRF31,Meurthe-et-Moselle ,5.808,49.55,0.299,,17.44,19,15,3,13,1,1,0,0,2,6,0,13,10.32,0.7895,0.24,0.9474,3,22.2,0.4809,1.56e+07,2.703e+07,4.263e+07,2.553e+07,0.599
887,36.92,Riantbosson Centre – Meyrin,commercial_zone,CH,CH013,Genève,6.085,46.23,1.76,,7.46,14,7,6,1,5,1,1,1,6,3,0,12,9.874,0.5,0.1765,0.5714,9,30.2,0.3297,3e+07,1.821e+07,4.821e+07,6.395e+06,0.1326
888,36.9,Centre commercial Les Deux Lacs – Rumilly,commercial_zone,FR,FRK28,Haute-Savoie,5.95,45.86,30.12,,7.962,12,5,6,4,1,0,1,2,5,0,0,14,12.91,0.4167,0,0.8333,12,27.5,0.3303,1.987e+07,7.08e+06,2.695e+07,1.42e+06,0.05269
889,36.9,Ronchin,city_centre,FR,FRE11,Nord,3.078,50.61,12.45,1.944e+04,,16,8,8,5,2,1,0,2,10,10,0,17,14.95,0.5,0.3846,0.375,14,11.7,0.4452,8.209e+07,1.216e+07,9.425e+07,1.126e+07,0.1194
890,36.83,Zone commerciale Laloubère,commercial_zone,FR,FRJ26,Hautes-Pyrénées ,0.07466,43.21,49.59,,6.428,6,2,2,1,1,0,2,2,2,0,0,6,5.657,0.3333,0,0.8333,8,43,0.2521,4.369e+06,8.277e+06,1.265e+07,1038,8.21e-05
891,36.74,Zone commerciale La Hestre,commercial_zone,BE,BE329,Arr. La Louvière,4.223,50.48,19.16,,6.98,23,12,10,6,5,1,0,1,11,10,0,22,18.44,0.5217,0.303,0.04348,13,17.7,0.3792,5.25e+07,1.478e+07,6.728e+07,2.916e+06,0.04334
892,36.72,Zone commerciale Altenstadt,commercial_zone,FR,FRF11,Bas-Rhin,7.962,49.03,0.8295,,11.96,15,6,8,2,3,1,0,4,7,5,0,16,13.29,0.4,0.25,0.8,20,8.7,0.4153,3.267e+07,2.851e+06,3.552e+07,9.198e+06,0.259
893,36.69,Zone commerciale Thorembais-Saint-Trond,commercial_zone,BE,BE310,Arr. Nivelles,4.781,50.64,52.44,,8.53,18,9,9,6,2,1,0,3,5,8,0,15,12.78,0.5,0.3077,0.2222,18,13.2,0.4004,1.421e+07,4.723e+06,1.894e+07,1.434e+05,0.007573
894,36.64,Collegno,city_centre,IT,ITC11,Torino,7.572,45.08,39.63,4.664e+04,,15,3,10,1,1,1,1,1,2,17,0,14,13.31,0.2,0.5312,0.06667,13,24.2,0.3456,2.702e+07,1.303e+07,4.005e+07,1.53e+05,0.003819
895,36.58,Friedrichsthal,city_centre,DE,DEC01,Regionalverband Saarbrücken,7.096,49.32,15.26,1.023e+04,,15,9,6,2,4,3,0,2,5,10,0,14,13.2,0.6,0.4,0.2,12,12.6,0.4715,5.005e+07,1.289e+07,6.294e+07,4.951e+06,0.07867
896,36.55,Saint-Marc – Mouans-Sartoux,commercial_zone,FR,FRL03,Alpes-Maritimes,6.961,43.63,37.9,,19.3,18,16,1,8,8,0,0,1,0,2,0,12,11.01,0.8889,0.1,0.5,4,24,0.4515,5.973e+06,8.173e+06,1.415e+07,2.606e+05,0.01842
897,36.47,Lourdes,city_centre,FR,FRJ26,Hautes-Pyrénées ,-0.0465,43.09,33.94,1.351e+04,,27,7,12,4,1,2,0,2,5,41,0,19,15.44,0.2593,0.6029,0.1111,18,9.9,0.3893,4.716e+07,3.347e+06,5.051e+07,0,0
898,36.39,Leuze-en-Hainaut,city_centre,BE,BE328,Arr. Tournai-Mouscron,3.621,50.6,11.27,1.352e+04,,19,6,13,4,2,0,0,4,5,13,0,11,8.896,0.3158,0.4062,0.3158,25,9,0.3681,6.576e+07,5.62e+06,7.138e+07,9.929e+06,0.1391
899,36.29,La Motte-Servolex,city_centre,FR,FRK27,Savoie,5.877,45.6,59.11,1.23e+04,,18,6,12,4,2,0,0,2,13,13,0,17,15.07,0.3333,0.4194,0.4444,18,9,0.4044,4.555e+06,1.325e+06,5.88e+06,3.081e+05,0.0524
900,36.28,Péronne,city_centre,FR,FRE23,Somme,2.932,49.93,69.26,7291,,30,14,15,8,5,1,0,0,6,23,0,16,13.39,0.4667,0.434,0.1667,15,20.7,0.3385,1.402e+06,2.248e+06,3.651e+06,6.433e+04,0.01762
901,36.21,Chimay,city_centre,BE,BE32D,Arr. Thuin,4.317,50.05,6.748,9900,,18,9,9,4,2,3,0,3,0,11,0,14,12.85,0.5,0.3793,0.1667,18,12.6,0.4195,7.775e+07,8.668e+06,8.642e+07,1.064e+07,0.1231
902,36.18,Montigny-lès-Metz,city_centre,FR,FRF33,Moselle,6.153,49.1,39.44,2.185e+04,,30,9,16,5,3,1,0,0,23,22,0,25,18.33,0.3,0.4231,0.06667,16,13.2,0.3213,4.285e+07,8.581e+06,5.143e+07,3.427e+06,0.06664
903,35.97,Zone commerciale Besançon,commercial_zone,FR,FRC21,Doubs,5.986,47.23,47.91,,5.22,8,5,2,1,3,1,1,1,4,1,0,12,12,0.625,0.1111,0.25,5,27.2,0.3819,1.643e+06,3.43e+06,5.073e+06,1.119e+04,0.002206
904,35.94,Centre Commercial Maison+ – Beaumont,commercial_zone,FR,FRE11,Nord,2.975,50.39,26.61,,17.09,15,13,2,3,9,1,0,1,1,2,0,13,11.31,0.8667,0.1176,0.8,5,19.2,0.4798,2.35e+07,1.715e+07,4.065e+07,2.463e+06,0.0606
905,35.94,Zone commerciale Jumet,commercial_zone,BE,BE32B,Arr. Charleroi,4.43,50.45,25.57,,13.82,13,9,3,3,5,1,0,2,0,4,0,12,11.69,0.6923,0.2353,0.6154,9,13.2,0.4983,5.216e+07,1.303e+07,6.519e+07,1.331e+06,0.02041
906,35.94,Mandelieu-la-Napoule,city_centre,FR,FRL03,Alpes-Maritimes,6.936,43.54,43.49,2.156e+04,,25,9,16,6,3,0,0,1,7,22,0,17,13.71,0.36,0.4681,0.36,19,13.5,0.3662,2.175e+07,4.336e+06,2.609e+07,2.339e+05,0.008965
907,35.85,Markthalle im Schiff – Reilingen,commercial_zone,DE,DE128,Rhein-Neckar-Kreis,8.616,49.27,43.36,,8.356,11,3,7,1,1,1,1,3,2,2,1,10,9.068,0.2727,0.1538,0.3636,21,24.2,0.2798,1.08e+07,5.632e+06,1.643e+07,5.303e+04,0.003227
908,35.83,Zone commerciale Lambersart,commercial_zone,FR,FRE11,Nord,3.009,50.64,8.971,,18.61,15,8,7,3,4,1,0,2,10,5,0,19,16.61,0.5333,0.25,0.4,13,11.7,0.4346,6.026e+07,1.049e+07,7.075e+07,7.979e+06,0.1128
909,35.8,Zone commerciale Le Quesnoy,commercial_zone,FR,FRE11,Nord,3.632,50.26,7.419,,19.53,15,10,4,4,4,2,0,2,1,3,0,12,11.31,0.6667,0.1667,0.7333,10,14.4,0.469,3.284e+07,1.007e+07,4.291e+07,3.241e+06,0.07552
910,35.78,Zone commerciale Briey,commercial_zone,FR,FRF31,Meurthe-et-Moselle ,5.947,49.25,22.01,,13.92,15,10,5,5,3,2,0,2,0,3,0,11,10.01,0.6667,0.1667,0.9333,11,14.4,0.4667,3.822e+07,9.846e+06,4.807e+07,3.906e+06,0.08127
911,35.72,Zone d'Activités de Peysales – Ferrières-sur-Ariège,commercial_zone,FR,FRJ21,Ariège,1.625,42.95,33.16,,24.57,13,8,5,2,5,1,0,3,2,2,0,12,10.98,0.6154,0.1333,0.8462,14,11.7,0.4569,3.568e+07,6.28e+06,4.196e+07,1.337e+04,0.0003187
912,35.7,Ecublens VD,city_centre,CH,CH011,Vaud,6.562,46.53,7.769,1.336e+04,,15,6,9,0,2,4,0,3,8,10,0,17,15.31,0.4,0.4,0.2667,18,7.8,0.428,5.736e+07,5.857e+06,6.322e+07,4.243e+05,0.006712
913,35.63,Bischheim,city_centre,FR,FRF11,Bas-Rhin,7.752,48.61,4.722,1.794e+04,,22,8,12,4,1,3,0,2,11,23,0,16,11.33,0.3636,0.5111,0.2273,18,11.1,0.3682,5.284e+07,7.844e+06,6.069e+07,5.59e+06,0.09211
914,35.62,Gosselies,city_centre,BE,BE32B,Arr. Charleroi,4.43,50.47,26.65,,,16,9,7,1,5,3,0,3,3,3,0,14,12.83,0.5625,0.1579,0.4375,16,12.6,0.4205,7.911e+07,1.097e+07,9.007e+07,1.433e+06,0.01591
915,35.54,Baumholder,city_centre,DE,DEB15,Birkenfeld,7.336,49.62,48.65,4017,,15,7,8,4,1,2,0,3,4,16,0,11,9.758,0.4667,0.5161,0.2667,17,9.9,0.4331,7.768e+06,2.478e+06,1.025e+07,9.845e+04,0.009608
916,35.54,Amay,city_centre,BE,BE331,Arr. Huy,5.324,50.55,54.36,1.386e+04,,17,8,8,6,1,1,0,2,12,15,0,17,13.13,0.4706,0.4688,0.1176,14,11.7,0.4042,2.668e+06,1.695e+06,4.363e+06,6076,0.001393
917,35.49,Libramont-Chevigny,city_centre,BE,BE344,Arr. Neufchâteau,5.376,49.92,25.67,1.046e+04,,18,9,9,3,2,4,0,3,0,10,0,14,12.85,0.5,0.3571,0.1667,18,12.3,0.4103,7.84e+07,1.096e+07,8.936e+07,3.618e+06,0.04049
918,35.47,Manage,city_centre,BE,BE329,Arr. La Louvière,4.236,50.5,21.91,,,21,9,12,5,4,0,0,2,7,12,0,18,15.17,0.4286,0.3636,0.1429,18,13.5,0.3678,7.725e+07,1.179e+07,8.904e+07,3.204e+06,0.03599
919,35.43,Centre Chavannes – Chavannes-de-Bogis,commercial_zone,CH,CH011,Vaud,6.156,46.33,1.241,,7.333,7,3,2,2,1,0,2,1,0,0,0,7,7,0.4286,0,0.4286,5,44.5,0.2426,1.232e+07,2.36e+07,3.592e+07,3.915e+06,0.109
920,35.37,Zone artisanale du Wittholz – Ingwiller,commercial_zone,FR,FRF11,Bas-Rhin,7.469,48.87,24.22,,41.02,15,11,2,2,8,1,0,2,4,1,0,14,12.26,0.7333,0.0625,0.3333,8,16.2,0.4473,2.788e+07,6.174e+06,3.405e+07,4.406e+05,0.01294
921,35.36,Boussu,city_centre,BE,BE323,Arr. Mons,3.796,50.43,8.704,1.994e+04,,16,8,8,1,6,1,0,4,1,5,0,11,9.606,0.5,0.2381,0.375,20,11.7,0.3891,7.152e+07,8.908e+06,8.043e+07,1.342e+07,0.1668
922,35.34,Gedimat – Hirson,commercial_zone,FR,FRE21,Aisne,4.092,49.91,8.369,,16.1,14,8,6,4,4,0,0,3,4,2,0,12,10.7,0.5714,0.125,1.071,15,12,0.4276,4.922e+07,9.419e+06,5.864e+07,3.788e+06,0.0646
922,35.34,Opwijk,city_centre,BE,BE232,Arr. Dendermonde,4.19,50.97,66.73,,,16,9,7,3,3,3,0,2,0,20,0,13,12.34,0.5625,0.5556,0,13,12.6,0.4571,1.017e+06,1.463e+06,2.479e+06,2.897e+04,0.01168
924,35.29,Sole D'Oro – Orbassano,commercial_zone,IT,ITC11,Torino,7.51,45.01,39.87,,5.858,7,3,2,2,1,0,2,1,0,1,0,6,5.742,0.4286,0.125,0.2857,5,44.5,0.2401,1.048e+07,2.113e+07,3.161e+07,6.081e+04,0.001924
925,35.27,Zone commerciale Ruysbroeck,commercial_zone,BE,BE100,Arr. de Bruxelles-Capitale/Arr. Brussel-Hoofdstad,4.309,50.79,52.45,,10.47,15,11,4,2,6,3,0,1,1,5,0,13,11.94,0.7333,0.25,0.5333,7,15.6,0.4829,6.346e+06,6.737e+06,1.308e+07,5.343e+05,0.04084
926,35.27,Brennet-Park – Bad Säckingen,commercial_zone,DE,DE13A,Waldshut,7.933,47.55,26.13,,11.92,16,9,7,2,6,1,0,4,0,1,0,11,9.514,0.5625,0.05882,0.5625,19,13.2,0.3858,4.916e+07,7.186e+06,5.635e+07,2.394e+07,0.4248
927,35.22,Cactus – Linger,commercial_zone,LU,LU000,Luxembourg,5.899,49.56,5.071,,9.359,11,4,6,2,1,1,1,1,4,4,0,14,13.68,0.3636,0.2667,0.6364,9,25.7,0.3427,4.435e+07,3.12e+07,7.555e+07,2.023e+07,0.2677
928,35.2,Wervicq,city_centre,BE,BE253,Arr. Ieper,3.044,50.78,0.1806,1.844e+04,,25,10,14,3,3,4,0,1,4,18,0,21,18.52,0.4,0.4186,0.12,17,13.8,0.3764,6.601e+07,9.304e+06,7.532e+07,2.102e+07,0.2792
929,35.18,Zone commerciale Voujeaucourt,commercial_zone,FR,FRC21,Doubs,6.779,47.48,13.18,,14.14,18,8,7,0,4,4,0,5,2,2,0,14,11.64,0.4444,0.1,0.3889,22,10.8,0.354,8.084e+07,6.998e+06,8.784e+07,2.173e+06,0.02474
930,35.17,Bussigny,city_centre,CH,CH011,Vaud,6.554,46.55,10.58,8132,,17,7,9,6,0,1,0,2,7,17,0,18,16.6,0.4118,0.5,0.1176,15,10.2,0.4264,5.454e+07,8.395e+06,6.293e+07,5.622e+05,0.008934
931,35.13,Asse,city_centre,BE,BE241,Arr. Halle-Vilvoorde,4.202,50.91,62.23,,,19,11,7,8,1,2,0,0,3,17,0,16,14.37,0.5789,0.4722,0.3684,7,15.9,0.4649,2.011e+06,3.965e+06,5.976e+06,2.331e+05,0.039
932,35.08,Canillo,city_centre,AD,AD,Andorra,1.598,42.57,6.558,,,15,8,7,5,1,2,0,3,0,17,0,8,6.42,0.5333,0.5312,0.2667,16,11.4,0.4374,2.446e+07,4.122e+06,2.859e+07,4.797e+06,0.1678
933,35.01,Zone d’Activités du Fond Squin – Saint-Martin-au-Laërt,commercial_zone,FR,FRE12,Pas-de-Calais,2.226,50.76,28.14,,52.14,16,8,6,1,6,1,0,4,2,2,0,13,11.34,0.5,0.1111,0.6875,18,11.7,0.3902,5.973e+07,5.446e+06,6.517e+07,6.366e+05,0.009767
934,34.97,Zone d'Activités Économiques Serralongue – Latour-Bas-Elne,commercial_zone,FR,FRJ15,Pyrénées-Orientales,2.998,42.61,14.62,,8.719,17,9,8,5,4,0,0,2,6,4,0,17,15.66,0.5294,0.1905,0.4118,14,13.5,0.4074,2.479e+07,5.248e+06,3.004e+07,2.787e+05,0.009277
935,34.95,Zone commerciale Hesdin,commercial_zone,FR,FRE12,Pas-de-Calais,2.029,50.37,65.54,,22.28,19,11,6,5,4,2,0,2,0,1,0,16,15.26,0.5789,0.05,0.6842,12,15.9,0.4161,7.738e+05,8.907e+05,1.664e+06,0,0
936,34.92,Zone d'activité de la Louvière – Saône,commercial_zone,FR,FRC21,Doubs,6.1,47.21,39.84,,28.88,18,8,5,3,5,0,0,4,8,2,0,13,11.08,0.4444,0.1,0.6667,17,12,0.353,1.185e+07,1.915e+06,1.377e+07,5.808e+04,0.004218
937,34.82,"Zone de loisirs ""Le Trèfle"" – Dorlisheim",commercial_zone,FR,FRF11,Bas-Rhin,7.5,48.52,20.1,,10.61,12,11,1,7,2,2,0,0,0,9,0,8,6.735,0.9167,0.4286,0.8333,1,15.9,0.5288,3.45e+06,1.187e+07,1.532e+07,1.784e+06,0.1165
938,34.82,Il Gialdo - Ipercoop – Chieri,commercial_zone,IT,ITC11,Torino,7.837,45,62.13,,6.541,9,4,3,2,2,0,2,0,0,3,0,8,7.715,0.4444,0.25,0,3,46,0.2379,6.276e+05,7.941e+06,8.568e+06,0,0
939,34.8,Guebwiller,city_centre,FR,FRF12,Haut-Rhin,7.211,47.91,26.11,1.114e+04,,20,9,11,4,1,4,0,1,3,22,0,17,15.66,0.45,0.5238,0.3,14,12.3,0.4305,3.734e+07,7.543e+06,4.488e+07,2.318e+06,0.05164
940,34.79,San Mauro Torinese,city_centre,IT,ITC11,Torino,7.762,45.1,52.06,1.782e+04,,23,11,12,5,3,3,0,0,8,18,0,21,18.96,0.4783,0.439,0.04348,12,15.6,0.3921,8.648e+06,5.16e+06,1.381e+07,2089,0.0001513
941,34.77,Ingelmunster,city_centre,BE,BE256,Arr. Roeselare,3.255,50.92,16.3,,,16,3,13,2,1,0,0,3,3,12,1,13,11.93,0.1875,0.4286,0.3125,27,4.5,0.3708,9.903e+07,2.848e+06,1.019e+08,6.596e+06,0.06474
942,34.76,Billère,city_centre,FR,FRI15,Pyrénées-Atlantiques,-0.3906,43.3,47.34,1.387e+04,,18,8,9,6,2,0,0,2,11,6,1,15,12.16,0.4444,0.25,0.3333,20,12,0.3269,4.302e+06,1.312e+06,5.614e+06,0,0
943,34.61,Zone commerciale Haine-Saint-Pierre,commercial_zone,BE,BE329,Arr. La Louvière,4.21,50.47,17.7,,11.9,16,7,8,1,4,2,0,3,5,6,0,16,14.36,0.4375,0.2727,0.5,17,9.9,0.4055,6.245e+07,7.889e+06,7.034e+07,2.791e+06,0.03968
944,34.54,Riehen,city_centre,CH,CH031,Basel-Stadt,7.648,47.58,4.472,2.097e+04,,15,5,10,2,1,2,0,4,2,11,0,11,9.606,0.3333,0.4231,0.4667,22,6.9,0.4024,6.544e+07,4.621e+06,7.006e+07,1.14e+07,0.1627
945,34.53,Zone commerciale Bergues,commercial_zone,FR,FRE11,Nord,2.429,50.95,11.72,,83.21,17,11,4,8,1,2,0,2,4,1,0,13,9.62,0.6471,0.05556,1,10,15.9,0.4147,3.398e+07,8.622e+06,4.26e+07,4.157e+06,0.09759
946,34.51,Zone commerciale Briançon,commercial_zone,FR,FRL02,Hautes-Alpes ,6.629,44.9,9.544,,5.541,14,4,7,2,0,2,1,2,1,4,0,12,11.37,0.2857,0.2222,0.3571,13,25.4,0.2994,1.839e+07,7.357e+06,2.575e+07,2.27e+06,0.08817
947,34.46,Annweiler am Trifels,city_centre,DE,DEB3H,Südliche Weinstraße,7.968,49.2,16.33,6987,,15,7,8,4,1,2,0,2,3,23,0,13,11.9,0.4667,0.6053,0.4,14,9.9,0.4475,3.139e+07,4.742e+06,3.614e+07,7.175e+05,0.01986
948,34.4,Condé-sur-l'Escaut,city_centre,FR,FRE11,Nord,3.593,50.45,3.878,9396,,25,11,14,8,2,1,0,1,11,8,0,16,13.78,0.44,0.2424,0.4,17,16.2,0.314,4.18e+07,8.471e+06,5.028e+07,1.063e+07,0.2115
949,34.38,Schwieberdingen,city_centre,DE,DE115,Ludwigsburg,9.078,48.88,62.8,1.072e+04,,16,9,7,4,2,3,0,1,7,11,0,18,15.66,0.5625,0.4074,0.1875,10,12.6,0.4413,1.046e+06,1.445e+06,2.491e+06,2279,0.000915
950,34.34,Machelen,city_centre,BE,BE100,Arr. de Bruxelles-Capitale/Arr. Brussel-Hoofdstad,4.433,50.91,68,,,17,8,9,1,7,0,0,2,7,15,0,14,11.62,0.4706,0.4688,0.1765,15,12,0.3972,2.8e+06,2.343e+06,5.142e+06,8.908e+04,0.01732
951,34.32,Forest,city_centre,BE,BE100,Arr. de Bruxelles-Capitale/Arr. Brussel-Hoofdstad,4.318,50.81,54.48,,,19,4,15,2,1,1,0,3,4,22,0,13,10.55,0.2105,0.5366,0.2632,24,5.7,0.3808,1.261e+07,1.767e+06,1.438e+07,3.003e+05,0.02089
952,34.31,Renchen,city_centre,DE,DE134,Ortenaukreis,8.014,48.59,12.41,7298,,16,8,7,1,4,3,0,2,6,11,0,16,14.72,0.5,0.4074,0.1875,13,11.1,0.4259,3.166e+07,7.255e+06,3.891e+07,4.108e+06,0.1056
953,34.11,Hagondange,city_centre,FR,FRF33,Moselle,6.168,49.25,22.65,9321,,22,9,11,6,2,1,0,0,7,14,1,20,17.34,0.4091,0.3889,0.2727,16,13.2,0.3556,6.267e+07,1.139e+07,7.405e+07,7.841e+06,0.1059
954,34.09,Zone commerciale Sint-Denijs-Westrem,commercial_zone,BE,BE234,Arr. Gent,3.689,51.02,45.87,,10.12,15,12,2,3,7,2,0,1,2,0,0,15,14.44,0.8,0,0.4,5,17.4,0.4548,7.689e+06,7.959e+06,1.565e+07,1.208e+06,0.07721
955,33.95,Saint-Saulve,city_centre,FR,FRE11,Nord,3.555,50.37,7.326,1.112e+04,,19,7,11,4,3,0,0,2,11,8,1,16,12.71,0.3684,0.2963,0.2632,22,10.5,0.3081,7.427e+07,6.861e+06,8.113e+07,8.4e+06,0.1035
956,33.85,Zone commerciale Mées,commercial_zone,FR,FRI13,Landes,-1.127,43.72,54.42,,49.99,29,19,2,0,18,1,0,0,1,1,0,16,13.72,0.6552,0.03333,0.1724,2,28.2,0.3345,5.039e+05,2.523e+06,3.027e+06,1.566e+05,0.05173
957,33.81,Zone commerciale Maldegem,commercial_zone,BE,BE233,Arr. Eeklo,3.464,51.2,51.05,,5.455,13,11,2,6,5,0,0,2,0,0,0,8,7.327,0.8462,0,0.6923,8,16.5,0.4429,3.592e+06,3.36e+06,6.952e+06,2.822e+05,0.04059
958,33.7,Saint-Isidore – La Gaude,commercial_zone,FR,FRL03,Alpes-Maritimes,7.19,43.71,17.96,,11.95,14,8,5,2,3,3,0,2,3,5,0,14,13.31,0.5714,0.2632,0.6429,11,11.1,0.4456,2.716e+07,6.405e+06,3.356e+07,8.909e+05,0.02655
959,33.66,ZA Entraigues 1 – Embrun,commercial_zone,FR,FRL02,Hautes-Alpes ,6.489,44.55,29.2,,13.27,17,9,7,5,3,1,0,3,4,2,0,14,12.28,0.5294,0.1053,0.4118,16,13.2,0.3688,1.396e+07,4.505e+06,1.847e+07,2449,0.0001326
960,33.44,Zone Commerciale de La Vigie – Geispolsheim-Gare,commercial_zone,FR,FRF11,Bas-Rhin,7.69,48.53,7.355,,17.09,15,14,0,7,6,1,0,0,0,5,0,9,7.585,0.9333,0.25,0.8667,0,20.7,0.4678,0,1.74e+07,1.74e+07,3.453e+06,0.1985
961,33.37,Zone commerciale Kirchheim,commercial_zone,FR,FRF11,Bas-Rhin,7.504,48.61,22.11,,33.58,8,3,4,0,1,2,1,4,2,1,0,6,5,0.375,0.1111,0.5,16,23.9,0.2727,2.846e+07,1.037e+07,3.882e+07,1.854e+06,0.04775
962,33.33,Assenede,city_centre,BE,BE233,Arr. Eeklo,3.753,51.23,64.52,,,19,11,6,5,3,3,0,0,3,16,0,17,15.68,0.5789,0.4571,0.1053,6,15.6,0.4388,6.04e+05,1.549e+06,2.153e+06,1.392e+05,0.06467
963,33.33,Zone commerciale Zottegem,commercial_zone,BE,BE231,Arr. Aalst,3.816,50.88,43.86,,22.45,12,7,5,3,4,0,0,3,2,3,0,11,10.02,0.5833,0.2,0.5,14,10.5,0.424,1.24e+07,2.918e+06,1.532e+07,3.209e+05,0.02095
964,33.25,Espace Candide – Prévessin,commercial_zone,FR,FRK21,Ain,6.096,46.24,0.1861,,7.999,7,1,5,1,0,0,1,2,1,5,0,7,6.727,0.1429,0.4167,0.7143,11,21.5,0.3409,3.726e+07,1.467e+07,5.194e+07,2.538e+07,0.4887
965,33.22,Zone commerciale Champion,commercial_zone,BE,BE352,Arr. Namur,4.896,50.49,36.33,,7.521,17,9,7,5,3,1,0,2,2,7,0,14,12.83,0.5294,0.2917,0.4118,13,13.2,0.4017,3.314e+07,8.332e+06,4.147e+07,3.51e+05,0.008465
966,33.22,Gentbrugge,city_centre,BE,BE234,Arr. Gent,3.759,51.04,51.33,,,22,11,9,4,3,4,0,1,4,17,0,15,13.17,0.5,0.4359,0.1364,12,15.3,0.3743,6.865e+06,3.954e+06,1.082e+07,7.288e+05,0.06736
967,33.02,ZA Lantay – Morestel,commercial_zone,FR,FRK24,Isère,5.452,45.68,63,,18.09,16,10,5,5,2,3,0,1,1,4,0,15,14.44,0.625,0.2,0.625,8,14.1,0.442,9.43e+04,2.306e+05,3.249e+05,0,0
968,32.94,Mouvaux,city_centre,FR,FRE11,Nord,3.137,50.7,4.628,1.317e+04,,17,8,9,6,1,1,0,1,6,12,0,18,16.26,0.4706,0.4138,0.2941,12,11.7,0.4106,6.315e+07,1.033e+07,7.348e+07,1.481e+07,0.2015
969,32.91,Zone commerciale Viernheim,commercial_zone,DE,DE126,"Mannheim, Stadtkreis",8.585,49.53,67.46,,12.32,17,8,6,2,5,1,0,3,8,5,0,12,9.668,0.4706,0.2273,0.4706,15,11.7,0.3535,3.43e+06,2.149e+06,5.579e+06,1.688e+04,0.003025
970,32.85,Zone commerciale Wettolsheim,commercial_zone,FR,FRF12,Haut-Rhin,7.335,48.06,17.59,,23.53,18,6,10,1,3,2,0,4,3,0,0,17,15.1,0.3333,0,0.5556,22,8.4,0.3377,5.162e+07,4.676e+06,5.63e+07,1.798e+06,0.03194
971,32.83,Zone commerciale de Pierre-Blanche – Lancrans,commercial_zone,FR,FRK21,Ain,5.812,46.13,11.14,,19.47,13,6,7,1,3,2,0,4,1,4,0,10,8.533,0.4615,0.2353,0.8462,19,8.4,0.3895,3.666e+07,3.047e+06,3.97e+07,2.329e+06,0.05865
972,32.8,Zone commerciale Sougné,commercial_zone,BE,BE332,Arr. Liège,5.696,50.48,68.31,,13.5,6,1,4,0,1,0,1,3,0,3,0,4,3.464,0.1667,0.3333,0.8333,13,21.5,0.3168,4.622e+05,1.195e+06,1.657e+06,5.565e+04,0.03359
973,32.77,Zone commerciale Testona,commercial_zone,IT,ITC11,Torino,7.703,44.98,53.85,,12.21,5,3,1,2,1,0,1,1,0,2,0,5,5,0.6,0.2857,0.6,4,24.5,0.3827,4.135e+06,1.063e+07,1.476e+07,1.67e+04,0.001131
974,32.73,Zone commerciale Cazères,commercial_zone,FR,FRJ23,Haute-Garonne,1.085,43.21,45.96,,7.702,16,9,5,5,4,0,0,2,4,3,0,14,12.85,0.5625,0.1579,0.5625,11,13.5,0.3959,6.85e+06,3.102e+06,9.952e+06,6821,0.0006854
975,32.72,Mas Gaffard – Canohès,commercial_zone,FR,FRJ15,Pyrénées-Orientales,2.845,42.66,21.78,,5.487,7,3,3,1,2,0,1,1,5,4,0,11,10.69,0.4286,0.3636,0.2857,6,24.5,0.3363,1.474e+07,1.186e+07,2.66e+07,5.996e+05,0.02254
976,32.71,Zone commerciale Saint-Séverin,commercial_zone,BE,BE331,Arr. Huy,5.419,50.52,56.29,,7.145,11,8,2,1,6,1,0,2,0,4,0,8,7.537,0.7273,0.2667,0.3636,8,11.7,0.4599,1.924e+06,1.648e+06,3.572e+06,1.025e+04,0.00287
977,32.61,Lauterecken,city_centre,DE,DEB3G,Kusel,7.592,49.65,52.88,2274,,15,8,7,4,2,2,0,1,2,13,0,15,14.44,0.5333,0.4643,0.2667,10,11.4,0.4427,1.708e+06,1.335e+06,3.043e+06,9674,0.003179
978,32.38,Bad Liebenzell,city_centre,DE,DE12A,Calw,8.732,48.77,42.61,8996,,18,7,11,2,3,2,0,1,7,15,1,17,14.86,0.3889,0.4545,0,19,9.9,0.3395,1.285e+07,2.21e+06,1.506e+07,1.176e+04,0.0007814
979,32.35,Centro Commerciale Rivoli – Rivoli,commercial_zone,IT,ITC11,Torino,7.501,45.08,34.59,,7.431,6,3,1,0,1,2,1,1,2,3,0,7,6.727,0.5,0.3333,0.8333,4,23.9,0.3652,1.19e+07,1.517e+07,2.707e+07,2.29e+05,0.008461
980,32.34,Zone commerciale Exincourt,commercial_zone,FR,FRC21,Doubs,6.838,47.5,10.29,,17.42,15,8,6,3,4,1,0,3,1,2,0,11,9.718,0.5333,0.1176,0.9333,15,11.7,0.3832,6.294e+07,8.491e+06,7.143e+07,2.753e+06,0.03853
981,32.27,Poirino,city_centre,IT,ITC11,Torino,7.847,44.92,66,1.058e+04,,26,12,13,7,2,3,0,0,2,17,0,19,16.95,0.4615,0.3953,0.03846,13,17.1,0.342,4.213e+06,4.035e+06,8.248e+06,0,0
982,32.21,Parc de la Tourelle – Nœux-les-Mines,commercial_zone,FR,FRE12,Pas-de-Calais,2.68,50.48,28.4,,21.15,15,8,6,4,3,1,0,2,2,6,0,12,11.31,0.5333,0.2857,0.7333,12,11.7,0.4081,4.134e+07,7.334e+06,4.867e+07,5.897e+05,0.01211
983,32.2,Zone commerciale Outer,commercial_zone,BE,BE231,Arr. Aalst,4.009,50.84,47.42,,8.252,10,8,2,3,4,1,0,1,1,2,0,11,11,0.8,0.1667,0.7,5,11.7,0.4793,3.971e+06,3.493e+06,7.464e+06,2.423e+05,0.03246
984,32.14,Anzin,city_centre,FR,FRE11,Nord,3.502,50.37,11.07,1.342e+04,,24,10,14,4,4,2,0,1,3,11,0,17,15.05,0.4167,0.3143,0.25,17,14.4,0.3243,6.222e+07,9.823e+06,7.204e+07,5.672e+06,0.07872
985,32.07,Argelès-sur-Mer,city_centre,FR,FRJ15,Pyrénées-Orientales,3.025,42.55,8.155,1.079e+04,,19,6,12,4,1,1,0,2,1,20,0,15,14.14,0.3158,0.5128,0.1579,18,8.7,0.3782,3.291e+07,3.078e+06,3.598e+07,4.481e+05,0.01245
986,31.81,The Leaf – Ternat,commercial_zone,BE,BE241,Arr. Halle-Vilvoorde,4.172,50.88,58.81,,7.28,15,12,3,7,5,0,0,1,0,1,0,9,7.042,0.8,0.0625,0.7333,6,18,0.409,2.379e+06,5.163e+06,7.542e+06,3.302e+05,0.04378
987,31.8,Vouziers,city_centre,FR,FRF21,Ardennes,4.7,49.4,45.04,4016,,24,12,12,6,4,2,0,1,4,9,0,16,13.49,0.5,0.2727,0.08333,15,17.4,0.3037,8.005e+06,3.557e+06,1.156e+07,7.447e+04,0.006441
988,31.79,Allschwil,city_centre,CH,CH031,Basel-Stadt,7.537,47.55,0.5134,2.025e+04,,15,7,8,2,1,4,0,2,5,11,0,15,14.14,0.4667,0.4231,0.1333,14,9.3,0.396,3.756e+07,5.782e+06,4.334e+07,7.119e+06,0.1642
989,31.71,Seclin,city_centre,FR,FRE11,Nord,3.025,50.55,17.82,1.283e+04,,15,7,8,3,1,3,0,1,10,12,0,17,14.86,0.4667,0.4444,0.2667,11,9.6,0.4029,4.343e+07,7.842e+06,5.127e+07,4.551e+06,0.08877
990,31.66,Zone commerciale Mazères-Lezons,commercial_zone,FR,FRI15,Pyrénées-Atlantiques,-0.3604,43.28,47.04,,8.86,6,3,2,1,2,0,1,1,2,2,0,8,8,0.5,0.25,0.6667,5,24.5,0.3407,1.817e+06,3.252e+06,5.069e+06,0,0
991,31.65,Bräunlingen,city_centre,DE,DE136,Schwarzwald-Baar-Kreis,8.448,47.93,61.94,6200,,20,12,7,4,6,2,0,0,3,10,0,17,15.31,0.6,0.3333,0,7,17.4,0.3872,2.62e+05,7.518e+05,1.014e+06,1949,0.001922
992,31.62,Bitche,city_centre,FR,FRF33,Moselle,7.425,49.05,9.125,4958,,19,4,15,1,3,0,0,3,2,11,0,14,11.78,0.2105,0.3667,0.2632,24,6,0.3345,5.4e+07,1.79e+06,5.579e+07,1.915e+06,0.03432
993,31.5,Zone commerciale Willisau,commercial_zone,CH,CH061,Luzern,7.998,47.13,55.16,,9.392,15,5,10,0,3,2,0,5,1,2,0,11,8.873,0.3333,0.1176,0.6667,25,6.9,0.3161,1.09e+07,1.279e+06,1.218e+07,1.381e+05,0.01133
994,31.47,Zone commerciale Bourg-en-Bresse,commercial_zone,FR,FRK21,Ain,5.236,46.21,56.21,,9.104,11,7,4,3,2,2,0,2,0,3,0,9,8.549,0.6364,0.2143,0.8182,10,9.9,0.4389,2.187e+06,8.379e+05,3.025e+06,7.216e+04,0.02386
995,31.46,Zone commerciale Pasta,commercial_zone,IT,ITC11,Torino,7.553,45.01,42.74,,9.905,8,6,2,3,2,1,0,1,1,5,0,8,7.715,0.75,0.3846,0.625,5,8.7,0.5006,1.146e+07,5.275e+06,1.673e+07,1.11e+04,0.0006632
996,31.33,Beweng Security Solutions – Howald,commercial_zone,LU,LU000,Luxembourg,6.139,49.59,9.672,,10.62,10,6,4,1,3,2,0,0,8,18,0,14,12.85,0.6,0.6429,0.3,4,8.4,0.4747,2.368e+07,1.333e+07,3.701e+07,5.889e+06,0.1591
997,31.24,Lukoil – Wisterzée,commercial_zone,BE,BE310,Arr. Nivelles,4.565,50.65,49.39,,11.06,18,8,10,3,4,1,0,3,3,2,0,14,12.59,0.4444,0.1,0.3333,19,11.7,0.3173,9.178e+06,3.269e+06,1.245e+07,2.085e+05,0.01675
998,31.18,Zone commerciale Maidières,commercial_zone,FR,FRF31,Meurthe-et-Moselle ,6.039,48.91,57.81,,14.68,9,5,4,3,2,0,0,3,4,2,0,10,9.068,0.5556,0.1818,1.222,13,7.5,0.4186,5.117e+06,1.818e+06,6.935e+06,4.953e+05,0.07141
999,31.16,Centre Commercial Dax Porte Sud – Seyresse,commercial_zone,FR,FRI13,Landes,-1.05,43.69,54.69,,8.227,11,7,4,3,4,0,0,1,4,2,0,14,13.68,0.6364,0.1538,0.8182,7,10.5,0.4393,1.252e+06,7.046e+05,1.957e+06,3.223e+04,0.01647
1000,31.1,Parc d'Activités de Jayat – Montrevel-en-Bresse,commercial_zone,FR,FRK21,Ain,5.125,46.35,66.85,,10.09,12,7,4,0,7,0,0,4,2,1,0,6,5.201,0.5833,0.07692,0.5,16,10.5,0.3582,5.223e+05,2.715e+05,7.938e+05,0,0
1001,31.1,Zone commerciale Horbourg-Wihr,commercial_zone,FR,FRF12,Haut-Rhin,7.381,48.08,14.03,,11.49,13,9,4,7,1,1,0,1,5,0,0,16,14.99,0.6923,0,0.3077,7,13.2,0.4153,2.114e+07,8.884e+06,3.003e+07,2.293e+06,0.07637
1002,31.06,Centre commercial Super U – Égat,commercial_zone,FR,FRJ15,Pyrénées-Orientales,2.013,42.5,1.938,,5.103,11,3,6,1,0,2,1,2,3,0,0,13,12.68,0.2727,0,0.3636,12,23.9,0.2534,1.842e+07,1.345e+07,3.186e+07,4.384e+06,0.1376
1003,31.06,La Roubine – Mandelieu-la-Napoule,commercial_zone,FR,FRL03,Alpes-Maritimes,6.965,43.55,41.3,,39.68,18,10,4,0,10,0,0,2,0,2,0,14,13.23,0.5556,0.1,0.5,10,15,0.3667,1.004e+07,4.312e+06,1.435e+07,1.679e+05,0.0117
1004,31.05,Alpignano,city_centre,IT,ITC11,Torino,7.525,45.1,35.41,1.665e+04,,22,9,13,3,2,4,0,1,4,12,0,18,15.77,0.4091,0.3529,0.1818,16,12.3,0.3349,2.755e+07,5.578e+06,3.312e+07,1.065e+05,0.003214
1005,31.03,Zone commerciale Bordères-sur-l'Échez,commercial_zone,FR,FRJ26,Hautes-Pyrénées ,0.03838,43.24,51.27,,8.177,17,9,6,1,6,2,0,1,5,5,0,17,15.07,0.5294,0.2273,0.5882,9,12.9,0.3876,5.08e+06,2.738e+06,7.817e+06,371,4.746e-05
1006,30.93,Zone commerciale Luxeuil-les-Bains,commercial_zone,FR,FRC23,Haute-Saône,6.363,47.81,58.4,,10.84,14,8,6,5,3,0,0,2,2,0,0,15,14.67,0.5714,0,0.5714,12,12,0.3865,1.492e+06,9.547e+05,2.447e+06,3.69e+04,0.01508
1007,30.93,Flémalle Shopping – Flémalle,commercial_zone,BE,BE332,Arr. Liège,5.483,50.6,65.98,,5.195,8,7,1,2,3,2,0,1,0,3,0,8,8,0.875,0.2727,0.75,4,9.9,0.4955,3.99e+05,1.094e+06,1.493e+06,0,0
1008,30.93,Saint-Hubert,city_centre,BE,BE344,Arr. Neufchâteau,5.374,50.03,35.36,5650,,15,5,10,1,4,0,0,3,1,15,0,10,8.911,0.3333,0.5,0.2,19,7.5,0.3656,4.763e+07,4.757e+06,5.239e+07,1.289e+06,0.02461
1009,30.89,Zone commerciale Karlsdorf,commercial_zone,DE,DE123,"Karlsruhe, Landkreis",8.569,49.14,30.91,,8.725,15,10,5,3,5,2,0,1,1,1,0,13,12.34,0.6667,0.0625,0.6667,8,14.4,0.4058,2.179e+07,8.588e+06,3.038e+07,2.263e+05,0.007449
1010,30.86,Moorslede,city_centre,BE,BE253,Arr. Ieper,3.063,50.89,11.46,1.084e+04,,17,9,8,2,6,1,0,1,2,12,0,15,14.19,0.5294,0.4138,0.05882,11,13.2,0.3835,1.458e+07,4.559e+06,1.914e+07,1.876e+06,0.098
1011,30.7,Zone d'Activités Actipolis – Fouquières-lès-Béthune,commercial_zone,FR,FRE12,Pas-de-Calais,2.623,50.51,26.2,,19.72,18,10,7,5,3,2,0,1,1,2,0,16,14.85,0.5556,0.1,0.8333,10,14.4,0.3762,4.398e+07,9.525e+06,5.351e+07,6.511e+05,0.01217
1012,30.68,Pétange,city_centre,LU,LU000,Luxembourg,5.878,49.56,3.448,9455,,17,8,9,3,2,3,0,1,8,24,0,14,10.39,0.4706,0.5854,0.1765,12,11.1,0.3671,6.098e+07,1.356e+07,7.454e+07,2.295e+07,0.3079
1013,30.64,Zone commerciale Haßloch,commercial_zone,DE,DEB36,"Neustadt an der Weinstraße, Kreisfreie Stadt",8.244,49.35,39.3,,8.239,8,3,4,3,0,0,1,2,1,1,0,7,6.614,0.375,0.1111,1,10,24.5,0.2731,8.506e+06,6.18e+06,1.469e+07,1.925e+05,0.01311
1014,30.56,Chaumont-Gistoux,city_centre,BE,BE310,Arr. Nivelles,4.697,50.68,57.46,1.16e+04,,21,11,9,6,4,1,0,0,10,11,0,18,14.78,0.5238,0.3438,0,9,16.2,0.33,2.681e+06,3.407e+06,6.088e+06,5.994e+04,0.009845
1015,30.54,Berlare,city_centre,BE,BE232,Arr. Dendermonde,4.003,51.03,63.51,1.35e+04,,16,8,7,2,5,1,0,0,11,16,0,18,14.91,0.5,0.5,0.125,7,11.7,0.3919,8.702e+05,1.519e+06,2.389e+06,1.254e+05,0.0525
1016,30.42,Centre Commercial E.Leclerc – Orthez,commercial_zone,FR,FRI15,Pyrénées-Atlantiques,-0.7982,43.49,54.08,,14.92,10,4,4,2,2,0,1,1,2,1,0,12,12,0.4,0.09091,0.6,7,26,0.2759,3.732e+06,2.986e+06,6.719e+06,2.251e+04,0.00335
1017,30.41,Z.A.de la Saline – Roye,commercial_zone,FR,FRC23,Haute-Saône,6.512,47.67,40.58,,34.3,12,7,5,2,5,0,0,2,7,2,0,12,10.79,0.5833,0.1429,0.5833,11,10.5,0.382,1.135e+07,2.666e+06,1.402e+07,2.42e+05,0.01727
1018,30.31,Vervins,city_centre,FR,FRE21,Aisne,3.907,49.83,23.24,2600,,16,8,8,4,1,3,0,0,8,15,0,17,14.79,0.5,0.4839,0.1875,8,11.1,0.3991,3.319e+07,7.545e+06,4.073e+07,4.685e+05,0.0115
1019,30.22,Zone commerciale Masny,commercial_zone,FR,FRE11,Nord,3.203,50.34,21.05,,10.7,9,6,3,2,3,1,0,1,2,3,0,11,11,0.6667,0.25,0.7778,6,8.7,0.4558,2.005e+07,5.819e+06,2.587e+07,9.31e+05,0.03598
1020,30.13,Berchem-Sainte-Agathe,city_centre,BE,BE100,Arr. de Bruxelles-Capitale/Arr. Brussel-Hoofdstad,4.295,50.86,59.44,,,18,5,13,1,2,2,0,3,4,8,0,13,11.62,0.2778,0.3077,0.2222,22,6.9,0.31,8.115e+06,1.83e+06,9.945e+06,2.19e+05,0.02202
1021,30.13,Morlanwelz,city_centre,BE,BE329,Arr. La Louvière,4.243,50.46,18.66,1.88e+04,,20,9,10,4,4,1,0,1,5,9,0,19,17.19,0.45,0.3103,0.05,13,13.2,0.331,4.188e+07,9.299e+06,5.118e+07,2.068e+06,0.04041
1022,30.07,Otterberg,city_centre,DE,DEB32,"Kaiserslautern, Kreisfreie Stadt",7.772,49.5,42.11,5256,,18,10,8,3,5,2,0,1,2,11,0,13,11.99,0.5556,0.3793,0.05556,11,14.4,0.3572,7.825e+06,4.024e+06,1.185e+07,1.281e+05,0.01081
1023,29.91,Zone commerciale Andelnans,commercial_zone,FR,FRC24,Territoire de Belfort,6.861,47.6,14.74,,16.44,13,7,5,1,5,1,0,2,5,2,0,15,14.29,0.5385,0.1333,0.4615,11,10.2,0.3789,4.442e+07,7.831e+06,5.225e+07,2.902e+06,0.05554
1024,29.87,B-Park – Saint-Pierre,commercial_zone,BE,BE251,Arr. Brugge,3.199,51.25,48.99,,11.83,12,10,1,2,7,1,0,1,0,1,0,8,7.237,0.8333,0.07692,0.6667,4,14.7,0.4145,3.912e+06,5.023e+06,8.935e+06,7.118e+05,0.07966
1025,29.72,Centre Commercial du Luy de Béarn – Montardon,commercial_zone,FR,FRI15,Pyrénées-Atlantiques,-0.3867,43.36,52.69,,9.585,8,5,3,3,2,0,0,2,5,1,0,11,10.5,0.625,0.1111,0.875,9,7.5,0.4175,1.555e+06,8.589e+05,2.414e+06,0,0
1026,29.72,Zone d'activités commerciales de Rettel – Contz-les-Bains,commercial_zone,FR,FRF33,Moselle,6.343,49.45,2.167,,10.16,9,5,3,2,3,0,0,3,3,2,0,10,9.118,0.5556,0.1818,0.6667,12,7.5,0.4002,2.628e+07,5.319e+06,3.16e+07,1.308e+07,0.414
1027,29.63,Zone commerciale Magnoncourt,commercial_zone,FR,FRC23,Haute-Saône,6.3,47.88,67.01,,16.19,10,6,3,2,3,1,0,3,2,0,0,9,8.123,0.6,0,0.9,12,8.7,0.3913,4.824e+05,3.486e+05,8.31e+05,6224,0.007489
1028,29.59,Jarville-la-Malgrange,city_centre,FR,FRF31,Meurthe-et-Moselle ,6.202,48.67,67.2,9374,,22,7,12,1,5,1,0,1,7,15,0,18,14.42,0.3182,0.4054,0.1818,15,10.2,0.3136,1.1e+06,7.082e+05,1.808e+06,7.062e+04,0.03906
1029,29.54,Zone commerciale Épinois,commercial_zone,BE,BE329,Arr. La Louvière,4.204,50.41,13.17,,10.25,15,7,6,1,5,1,0,1,6,6,0,19,18.4,0.4667,0.2857,0.3333,9,10.2,0.3827,2.958e+07,7.391e+06,3.697e+07,2.583e+06,0.06986
1030,29.47,Zone Commerciale du Mas Balande – Cabestany,commercial_zone,FR,FRJ15,Pyrénées-Orientales,2.917,42.67,20.65,,14.96,5,4,0,1,2,1,0,0,4,8,0,7,6.24,0.8,0.6154,0.6,0,5.7,0.5277,0,3.352e+06,3.352e+06,1.005e+05,0.02997
1031,29.45,Zone commerciale Spy,commercial_zone,BE,BE352,Arr. Namur,4.721,50.49,36.93,,17.12,10,7,3,2,3,2,0,1,0,4,0,10,10,0.7,0.2857,0.3,6,9.9,0.4368,1.95e+07,7.184e+06,2.669e+07,2.996e+05,0.01123
1032,29.4,Car Ocaz – Tertre,commercial_zone,BE,BE323,Arr. Mons,3.813,50.46,10.5,,14.53,13,6,7,0,4,2,0,3,2,4,0,12,10.98,0.4615,0.2353,0.3846,16,8.4,0.3542,5.521e+07,6.589e+06,6.18e+07,1.105e+07,0.1788
1033,29.37,Bergara,city_centre,ES,ES212,Gipuzkoa,-2.413,43.12,56.95,1.297e+04,,16,6,10,2,3,1,0,1,2,33,1,12,8.445,0.375,0.6735,0.3125,18,8.7,0.3316,1.172e+06,5.676e+05,1.739e+06,6.414e+04,0.03687
1034,29.27,Comines,city_centre,FR,FRE11,Nord,3.007,50.77,0.09879,1.267e+04,,20,9,10,5,3,1,0,1,5,11,0,15,12.59,0.45,0.3548,0.2,13,13.2,0.3154,2.711e+07,6.348e+06,3.346e+07,1.516e+07,0.4531
1035,29.25,Zone commerciale Negenmanneke,commercial_zone,BE,BE100,Arr. de Bruxelles-Capitale/Arr. Brussel-Hoofdstad,4.279,50.82,54.29,,11.27,11,9,2,8,1,0,0,0,1,4,0,9,7.56,0.8182,0.2667,0.4545,2,13.5,0.4332,1.286e+06,4.833e+06,6.119e+06,3.071e+05,0.05018
1036,29.17,Aesch BL,city_centre,CH,CH023,Solothurn,7.598,47.47,7.366,1.021e+04,,15,3,12,0,1,2,0,3,1,7,1,10,8.911,0.2,0.3182,0.3333,26,3.9,0.2953,7.758e+07,2.37e+06,7.995e+07,6.491e+06,0.0812
1037,29.13,Castellane,city_centre,FR,FRL01,Alpes-de-Haute-Provence,6.513,43.85,58.63,1456,,20,8,10,3,1,4,0,0,4,25,1,15,13.08,0.4,0.5556,0.05,15,10.8,0.3195,9.009e+06,2.68e+06,1.169e+07,0,0
1038,29.13,Zone commerciale Bordères-sur-l'Échez,commercial_zone,FR,FRJ26,Hautes-Pyrénées ,0.04527,43.24,51.28,,21.19,12,6,5,1,4,1,0,2,3,3,0,13,12.47,0.5,0.2,0.9167,11,8.7,0.3876,6.084e+06,1.839e+06,7.923e+06,284.6,3.593e-05
1038,29.13,Gewerbepark Lyautey – Spire,commercial_zone,DE,DEB38,"Speyer, Kreisfreie Stadt",8.415,49.33,42.33,,15.84,12,6,6,0,5,1,0,3,0,4,0,7,6.172,0.5,0.25,0.8333,15,8.7,0.3646,1.651e+07,2.817e+06,1.932e+07,8.917e+04,0.004615
1040,29.11,Zone commerciale Landstuhl,commercial_zone,DE,DEB3F,"Kaiserslautern, Landkreis",7.551,49.41,26.55,,8.656,14,5,9,3,1,1,0,3,3,1,0,15,14,0.3571,0.06667,1,18,7.2,0.3376,4.907e+07,4.602e+06,5.368e+07,1.074e+06,0.02002
1041,29.11,Schifflange,city_centre,LU,LU000,Luxembourg,6.012,49.51,3.352,1.129e+04,,15,5,10,2,3,0,0,2,4,27,0,12,10.6,0.3333,0.6429,0.1333,16,7.5,0.3501,7.963e+07,9.586e+06,8.922e+07,1.968e+07,0.2206
1042,28.99,Zone commerciale Laethem-Saint-Martin,commercial_zone,BE,BE234,Arr. Gent,3.639,51.01,42.25,,8.371,17,13,2,7,5,1,0,0,1,4,0,12,9.868,0.7647,0.1905,0.05882,2,19.2,0.3737,2.562e+06,7.202e+06,9.764e+06,8.746e+05,0.08957
1043,28.97,ZA Lou gabian – Fréjus,commercial_zone,FR,FRL05,Var,6.722,43.44,64.37,,13.44,10,8,0,4,3,1,0,0,0,5,0,9,8.706,0.8,0.3333,0.6,0,11.7,0.4752,0,1.278e+06,1.278e+06,2.286e+04,0.01789
1044,28.8,Zone commerciale Rosta,commercial_zone,IT,ITC11,Torino,7.475,45.08,32.75,,15.07,12,10,1,4,5,1,0,0,2,6,0,10,8.743,0.8333,0.3333,0,1,14.7,0.418,2.423e+06,8.528e+06,1.095e+07,1.025e+05,0.009358
1045,28.68,Eybens,city_centre,FR,FRK24,Isère,5.748,45.15,69.51,1.01e+04,,22,8,12,3,4,1,0,0,4,9,1,20,18.51,0.3636,0.2903,0.04545,17,11.7,0.2782,3.578e+05,2.326e+05,5.904e+05,0,0
1046,28.63,Vallauris,city_centre,FR,FRL03,Alpes-Maritimes,7.059,43.58,33.1,2.802e+04,,17,6,11,0,3,3,0,2,6,8,0,15,13.57,0.3529,0.32,0.2353,17,8.1,0.3183,2.579e+07,2.893e+06,2.868e+07,1.933e+05,0.006739
1047,28.59,Zone commerciale Lons,commercial_zone,FR,FRI15,Pyrénées-Atlantiques,-0.41,43.3,46.28,,7.739,12,9,2,0,9,0,0,1,0,3,0,9,8.123,0.75,0.2,0.1667,5,13.5,0.3939,1.436e+06,1.751e+06,3.187e+06,0,0
1048,28.51,Zone commerciale Roche,commercial_zone,CH,CH011,Vaud,6.932,46.35,8.955,,7.025,7,3,2,1,1,1,1,2,0,1,0,6,5.742,0.4286,0.125,0.4286,8,24.2,0.2569,2.221e+07,1.275e+07,3.496e+07,3.903e+05,0.01116
1049,28.38,Laethem-Saint-Martin,city_centre,BE,BE234,Arr. Gent,3.64,51.02,42.97,,,18,11,6,9,1,1,0,0,5,6,0,16,12.49,0.6111,0.25,0.1111,6,16.2,0.3406,5.671e+06,5.106e+06,1.078e+07,7.033e+05,0.06526
1050,28.35,Zone commerciale Erpent,commercial_zone,BE,BE352,Arr. Namur,4.899,50.45,31.51,,12.57,15,12,3,1,9,2,0,0,0,0,0,13,12.47,0.8,0,0.2,3,17.4,0.3798,6.394e+06,9.52e+06,1.591e+07,2.193e+05,0.01378
1051,28.18,Zone commerciale Binche,commercial_zone,BE,BE329,Arr. La Louvière,4.171,50.42,12.33,,7.339,10,4,6,2,2,0,0,3,3,4,0,11,10.09,0.4,0.2857,0.7,15,6,0.3621,4.963e+07,4.402e+06,5.403e+07,3.533e+06,0.0654
1052,28.16,Zone commerciale Somain,commercial_zone,FR,FRE11,Nord,3.285,50.35,17.27,,11.02,7,4,3,1,2,1,0,1,1,7,0,8,8,0.5714,0.5,1.143,6,5.7,0.4648,2.813e+07,4.817e+06,3.295e+07,1.308e+06,0.03971
1053,28.13,Bonneville,city_centre,FR,FRK28,Haute-Savoie,6.409,46.08,18.41,1.29e+04,,16,1,15,0,0,1,0,2,3,17,1,12,9.325,0.0625,0.5152,0.125,26,1.2,0.3012,7.204e+07,6.136e+05,7.266e+07,8.085e+06,0.1113
1054,28.08,Zone d'Activité Tech Oulrich – Céret,commercial_zone,FR,FRJ15,Pyrénées-Orientales,2.763,42.5,7.8,,51.33,16,6,6,2,3,1,0,3,5,3,0,15,12.24,0.375,0.1579,0.3125,15,8.7,0.3044,2.098e+07,2.624e+06,2.36e+07,8.709e+05,0.0369
1055,27.94,Nazareth,city_centre,BE,BE234,Arr. Gent,3.596,50.96,36.64,1.108e+04,,17,9,8,7,1,1,0,1,7,5,0,17,13.37,0.5294,0.2273,0.1176,11,13.2,0.3101,2.156e+07,5.686e+06,2.725e+07,1.854e+06,0.06802
1056,27.94,Losch Bereldange – Bereldange,commercial_zone,LU,LU000,Luxembourg,6.128,49.65,16.26,,10.09,10,5,5,2,3,0,0,1,7,5,0,14,12.91,0.5,0.3333,0.7,8,7.5,0.3876,3.308e+07,9.477e+06,4.256e+07,5.174e+06,0.1216
1057,27.9,Zone commerciale de la Pallud – Passy,commercial_zone,FR,FRK28,Haute-Savoie,6.683,45.91,13.09,,8.983,10,5,4,3,2,0,0,3,4,1,0,11,10.02,0.5,0.09091,0.8,13,7.5,0.353,2.281e+07,2.368e+06,2.518e+07,1.303e+06,0.05174
1058,27.89,Le Rœulx,city_centre,BE,BE329,Arr. La Louvière,4.109,50.5,16.96,,,16,7,8,0,5,2,0,2,3,8,0,13,11.4,0.4375,0.3333,0.1875,14,9.9,0.3224,4.846e+07,7.723e+06,5.619e+07,3.152e+06,0.05611
1059,27.86,Canet-en-Roussillon,city_centre,FR,FRJ15,Pyrénées-Orientales,3.011,42.7,25.16,1.26e+04,,17,5,10,0,5,0,0,1,9,11,0,20,17.54,0.2941,0.3929,0.1176,13,7.5,0.3274,2.412e+07,2.934e+06,2.705e+07,1.312e+05,0.004851
1060,27.73,Matériaux de seconde main – Haine-Saint-Pierre,commercial_zone,BE,BE329,Arr. La Louvière,4.198,50.47,16.98,,8.936,12,6,5,2,4,0,0,2,3,4,0,13,12.47,0.5,0.25,0.3333,11,9,0.3593,3.771e+07,6.806e+06,4.452e+07,2.108e+06,0.04737
1061,27.68,Zone commerciale Ingeldorf,commercial_zone,LU,LU000,Luxembourg,6.138,49.86,38.99,,5.646,8,6,2,3,2,1,0,1,1,2,0,9,9,0.75,0.2,0.375,5,8.7,0.4319,1.212e+07,6.907e+06,1.903e+07,1.083e+06,0.05691
1062,27.64,Neufchâteau,city_centre,BE,BE344,Arr. Neufchâteau,5.436,49.84,20.14,6700,,17,7,9,1,3,3,0,1,3,22,0,14,12.31,0.4118,0.5641,0.05882,12,9.6,0.3421,5.479e+07,8.566e+06,6.336e+07,4.166e+06,0.06575
1063,27.46,Busca,city_centre,IT,ITC16,Cuneo,7.474,44.52,36.43,1.016e+04,,25,8,16,4,3,1,0,0,2,18,0,17,14.48,0.32,0.4186,0,16,11.7,0.278,3.929e+07,6.061e+06,4.535e+07,1.539e+04,0.0003394
1064,27.44,Zone d'Activités des Cailloux – Stenay,commercial_zone,FR,FRF32,Meuse ,5.202,49.48,16.45,,17.39,7,4,3,1,3,0,0,3,3,1,0,6,5.173,0.5714,0.125,1,12,6,0.3704,4.031e+07,3.665e+06,4.398e+07,1.781e+06,0.0405
1065,27.4,Zone d'activité économique Les Cinq Chemins – Margencel,commercial_zone,FR,FRK28,Haute-Savoie,6.418,46.34,7.716,,24.28,5,4,1,0,4,0,0,1,2,2,0,4,3.586,0.8,0.2857,1,4,6,0.4636,8.899e+06,2.846e+06,1.174e+07,1.304e+06,0.1111
1066,27.32,Zone commerciale Pouilley-les-Vignes,commercial_zone,FR,FRC21,Doubs,5.924,47.26,53.19,,6.464,11,3,6,2,1,0,1,1,3,0,0,14,14,0.2727,0,0.1818,9,24.5,0.2102,1.152e+06,1.676e+06,2.828e+06,2741,0.0009692
1067,27.3,Parenthèse – Wayaux,commercial_zone,BE,BE32B,Arr. Charleroi,4.456,50.49,29.93,,7.307,9,7,2,0,7,0,0,1,0,2,0,7,6.614,0.7778,0.1818,0.3333,5,10.5,0.4027,2.254e+07,8.855e+06,3.14e+07,7.253e+05,0.0231
1068,27.28,Rixensart,city_centre,BE,BE241,Arr. Halle-Vilvoorde,4.522,50.71,52.67,2.1e+04,,16,6,6,1,5,0,0,3,2,8,0,11,9.442,0.375,0.3333,0.125,15,9,0.3002,3.346e+06,1.694e+06,5.04e+06,8.517e+04,0.0169
1069,27.17,Zone commerciale Mont-Saint-Amand,commercial_zone,BE,BE234,Arr. Gent,3.777,51.07,54.28,,7.546,9,5,4,2,3,0,0,1,2,5,0,11,11,0.5556,0.3571,0.6667,7,7.5,0.4041,4.144e+06,2.032e+06,6.176e+06,3.923e+05,0.06353
1070,27.14,Centre Commercial Carrefour Valenciennes – Aulnoy-lez-Valenciennes,commercial_zone,FR,FRE11,Nord,3.512,50.33,11.08,,21.29,17,7,8,4,2,1,0,1,2,3,0,17,16.42,0.4118,0.15,0.8235,11,10.2,0.3351,4.816e+07,8.085e+06,5.625e+07,5.086e+06,0.09042
1071,26.97,Zone commerciale Lagrange,commercial_zone,FR,FRJ26,Hautes-Pyrénées ,0.3557,43.11,38.95,,12.79,8,6,2,1,4,1,0,1,1,0,0,9,9,0.75,0,1,5,8.7,0.419,1.156e+07,3.528e+06,1.509e+07,1.553e+05,0.0103
1072,26.89,Zone commerciale Petersberg,commercial_zone,DE,DEB37,"Pirmasens, Kreisfreie Stadt",7.591,49.23,9.511,,8.527,9,6,3,1,3,2,0,1,1,1,0,10,10,0.6667,0.1,1.111,6,8.4,0.4084,2.114e+07,5.618e+06,2.675e+07,8.783e+05,0.03283
1073,26.88,Zone d'Activités du Tiergarten – Waltenheim,commercial_zone,FR,FRF12,Haut-Rhin,7.44,47.67,5.941,,40.42,18,10,5,5,4,1,0,1,1,1,0,14,12.83,0.5556,0.05263,0.5,8,14.7,0.315,1.929e+07,1.032e+07,2.961e+07,1.051e+07,0.3549
1074,26.82,Zone commerciale Braine-le-Comte,commercial_zone,BE,BE310,Arr. Nivelles,4.146,50.63,31.2,,7.398,8,2,5,2,0,0,1,2,2,0,0,7,6.598,0.25,0,0.625,11,23,0.2046,1.574e+07,9.186e+06,2.493e+07,1.139e+06,0.04569
1075,26.67,Zone commerciale Pirmasens,commercial_zone,DE,DEB37,"Pirmasens, Kreisfreie Stadt",7.596,49.21,9.048,,8.69,7,5,2,2,3,0,0,1,3,2,0,7,6.261,0.7143,0.2222,0.7143,5,7.5,0.4214,1.818e+07,4.993e+06,2.317e+07,7.113e+05,0.0307
1076,26.61,Saint-Estève,city_centre,FR,FRJ15,Pyrénées-Orientales,2.846,42.71,26.67,1.155e+04,,15,8,7,3,4,1,0,0,7,6,0,18,16.7,0.5333,0.2857,0.06667,7,11.7,0.3408,1.588e+07,5.329e+06,2.121e+07,2.418e+05,0.0114
1077,26.58,Zone commerciale Flémalle,commercial_zone,BE,BE332,Arr. Liège,5.498,50.59,65.87,,8.284,14,5,8,4,1,0,0,3,2,3,0,11,10.04,0.3571,0.1765,0.4286,17,7.5,0.2963,9.856e+05,5.588e+05,1.544e+06,0,0
1078,26.48,Zone d'activité commerciale de la Grande Porte – Cappelle-la-Grande,commercial_zone,FR,FRE11,Nord,2.36,50.99,15.06,,44.81,12,7,5,0,6,1,0,2,2,0,0,10,9.421,0.5833,0,0.5833,11,10.2,0.3341,3.277e+07,4.798e+06,3.757e+07,3.052e+06,0.08122
1079,26.47,Zone artisanale Lizardia – Saint-Pée-sur-Nivelle,commercial_zone,FR,FRI15,Pyrénées-Atlantiques,-1.578,43.36,6.997,,5.685,6,4,2,1,2,1,0,2,4,0,0,8,7.579,0.6667,0,0.8333,8,5.7,0.3936,8.404e+06,1.141e+06,9.546e+06,6.203e+05,0.06498
1080,26.4,Zone commerciale Avignon-lès-Saint-Claude,commercial_zone,FR,FRC22,Jura,5.836,46.38,17.98,,15.09,11,4,6,3,0,1,0,3,4,3,0,9,8.035,0.3636,0.2143,1,15,5.7,0.3233,2.842e+07,1.818e+06,3.024e+07,2.618e+05,0.008659
1081,26.39,Zone commerciale Spire,commercial_zone,DE,DEB38,"Speyer, Kreisfreie Stadt",8.429,49.34,43.14,,7.513,13,7,6,3,4,0,0,1,0,3,0,12,11.69,0.5385,0.1875,0.6923,9,10.5,0.3491,8.468e+06,3.176e+06,1.164e+07,6.062e+04,0.005206
1082,26.37,Zone commerciale Entrange Cité,commercial_zone,FR,FRF33,Moselle,6.138,49.42,4.888,,12.22,5,3,2,0,3,0,0,2,4,2,0,6,5.349,0.6,0.2857,1,8,4.5,0.4082,2.749e+07,4.675e+06,3.217e+07,1.204e+07,0.3744
1083,26.31,Zone Artisanale Talange-Hauconcourt – Hauconcourt,commercial_zone,FR,FRF33,Moselle,6.181,49.23,25.98,,53.4,20,12,2,5,7,0,0,0,1,0,0,15,12.9,0.6,0,0.45,2,18,0.3165,7.457e+06,1.495e+07,2.241e+07,5.163e+06,0.2304
1084,26.18,Watermael-Boitsfort,city_centre,BE,BE100,Arr. de Bruxelles-Capitale/Arr. Brussel-Hoofdstad,4.418,50.8,56.17,,,16,3,12,1,1,1,0,1,4,19,1,11,8.403,0.1875,0.5429,0.25,20,4.2,0.2853,6.819e+06,1.033e+06,7.852e+06,1.347e+05,0.01716
1085,26.11,Zone commerciale Saint-Jean,commercial_zone,FR,FRL02,Hautes-Alpes ,6.066,44.54,62.73,,15.64,9,8,1,3,5,0,0,0,1,1,0,9,8.706,0.8889,0.1,0.6667,1,12,0.4167,2.132e+04,5.085e+05,5.298e+05,0,0
1086,26.01,Zone de l'Étoile – Rethel,commercial_zone,FR,FRF21,Ardennes,4.377,49.52,45.88,,50.93,5,3,2,1,2,0,0,2,3,2,0,6,5.657,0.6,0.2857,1,8,4.5,0.4095,1.016e+07,1.967e+06,1.212e+07,2.846e+05,0.02347
1087,26,Zone industrielle Les Marais – Tord,commercial_zone,FR,FRK24,Isère,5.784,44.93,69.22,,9.957,7,5,2,2,2,1,0,1,1,1,0,8,8,0.7143,0.125,1,5,7.2,0.4227,3.584e+04,1.347e+04,4.931e+04,0,0
1088,25.94,Centre commercial du Carembault – Carvin,commercial_zone,FR,FRE11,Nord,2.945,50.5,21.83,,7.82,8,5,2,2,2,1,0,1,2,2,0,10,10,0.625,0.2,1,5,7.2,0.412,1.867e+07,5.392e+06,2.406e+07,1.293e+06,0.05375
1089,25.92,Fachmarktzentrum – Scharhof,commercial_zone,DE,DE126,"Mannheim, Stadtkreis",8.444,49.56,66.63,,12.66,8,8,0,0,7,1,0,0,0,2,0,6,5.299,1,0.2,0.75,0,11.7,0.4266,0,2.454e+06,2.454e+06,1.896e+04,0.007725
1090,25.84,Rivesaltes,city_centre,FR,FRJ15,Pyrénées-Orientales,2.871,42.77,32.39,9099,,23,4,19,2,1,1,0,1,8,8,0,16,13.52,0.1739,0.2581,0.1739,22,5.7,0.2285,3.446e+07,1.902e+06,3.636e+07,1.752e+05,0.004817
1091,25.83,Parc d'activités économiques des Boucheroz – Faverges,commercial_zone,FR,FRK28,Haute-Savoie,6.277,45.75,40.96,,10.73,12,6,5,1,4,1,0,3,0,0,0,9,8.123,0.5,0,0.6667,14,8.7,0.3101,1.811e+07,1.855e+06,1.997e+07,2.55e+05,0.01277
1092,25.82,Laxou,city_centre,FR,FRF31,Meurthe-et-Moselle ,6.152,48.68,68.42,1.467e+04,,19,8,11,2,5,1,0,1,11,7,0,15,11.5,0.4211,0.2692,0.05263,14,11.7,0.2373,1.052e+06,8.693e+05,1.922e+06,1.173e+05,0.06105
1093,25.74,Zone commerciale Kirrlach,commercial_zone,DE,DE123,"Karlsruhe, Landkreis",8.548,49.24,37.93,,15.34,13,7,5,7,0,0,0,1,5,7,0,12,10.2,0.5385,0.35,0.1538,8,10.5,0.3294,9.77e+06,3.572e+06,1.334e+07,5.361e+04,0.004018
1094,25.7,Zone commerciale Saint-Avold,commercial_zone,FR,FRF33,Moselle,6.722,49.11,6.196,,8.117,8,6,2,1,3,2,0,1,0,1,0,8,8,0.75,0.1111,0.625,5,8.4,0.4091,2.246e+07,5.928e+06,2.839e+07,3.472e+06,0.1223
1095,25.68,Auchel,city_centre,FR,FRE12,Pas-de-Calais,2.468,50.5,33.63,1.006e+04,,18,9,8,7,2,0,0,1,3,9,0,12,9.396,0.5,0.3333,0.05556,11,13.5,0.2775,2.441e+07,4.928e+06,2.934e+07,1.564e+05,0.00533
1096,25.59,ZA Carrefour des Vallées – Tournon,commercial_zone,FR,FRK27,Savoie,6.33,45.64,38.55,,28.88,11,6,2,1,5,0,0,1,8,0,0,16,14.19,0.5455,0,0.8182,5,9,0.3405,8.996e+06,2.316e+06,1.131e+07,2.412e+04,0.002132
1097,25.57,Zone d'activités Pré Ruffier – Poisat,commercial_zone,FR,FRK24,Isère,5.752,45.17,69.36,,12.74,8,4,4,1,3,0,0,2,4,4,0,9,8.485,0.5,0.3333,0.375,10,6,0.3499,1.977e+05,1.247e+05,3.224e+05,0,0
1098,25.46,Shopping de Nimy – Nimy,commercial_zone,BE,BE323,Arr. Mons,3.952,50.48,14.69,,5.289,11,7,4,2,3,2,0,1,1,0,0,11,10.69,0.6364,0,0.6364,7,9.9,0.3542,2.803e+07,8.614e+06,3.665e+07,4.534e+06,0.1237
1099,25.41,Jarny,city_centre,FR,FRF31,Meurthe-et-Moselle ,5.882,49.16,33.5,8130,,15,7,7,2,5,0,0,0,8,11,0,14,11.07,0.4667,0.4231,0.2667,7,10.5,0.3219,1.451e+07,4.358e+06,1.886e+07,8.995e+05,0.04768
1100,25.41,Court-Saint-Etienne,city_centre,BE,BE310,Arr. Nivelles,4.569,50.64,48.62,9000,,15,6,9,1,2,3,0,1,4,9,0,15,13.81,0.4,0.375,0.2,12,8.1,0.3171,6.788e+06,2.438e+06,9.226e+06,1.647e+05,0.01785
1101,25.38,Triangle des 3 Frontières – Buvange,commercial_zone,BE,BE341,Arr. Arlon,5.81,49.62,7.357,,12.06,8,6,2,1,2,3,0,1,1,3,0,8,7.715,0.75,0.2727,0.125,5,8.1,0.4018,2.5e+07,1.022e+07,3.522e+07,1.693e+07,0.4808
1102,25.38,Zone commerciale Wavre,commercial_zone,BE,BE310,Arr. Nivelles,4.616,50.69,55.1,,15.45,12,10,2,0,10,0,0,0,1,0,0,9,7,0.8333,0,0.3333,2,15,0.3499,8.568e+05,4.103e+06,4.96e+06,1.128e+05,0.02275
1103,25.34,Parc Commercial Saint Martin de Peyrelade – Saverdun,commercial_zone,FR,FRJ21,Ariège,1.565,43.25,61.2,,6.432,5,3,2,2,1,0,0,2,3,2,0,7,6.727,0.6,0.2857,0.6,8,4.5,0.3973,5.343e+05,3.787e+05,9.131e+05,0,0
1104,25.34,Lys-lez-Lannoy,city_centre,FR,FRE11,Nord,3.216,50.67,1.898,1.379e+04,,16,6,9,5,1,0,0,1,6,7,0,15,13.29,0.375,0.3043,0.3125,12,9,0.2923,4.175e+07,5.956e+06,4.771e+07,9.033e+06,0.1893
1105,25.17,Espace commercial Saint-Christophe – Champtercier,commercial_zone,FR,FRL01,Alpes-de-Haute-Provence,6.178,44.07,65.35,,13.99,8,6,2,3,2,1,0,1,0,1,0,7,6.727,0.75,0.1111,0.625,5,8.7,0.3941,5.761e+04,4.76e+04,1.052e+05,0,0
1106,25.12,Hornbachzentrum Bornheim – Bornheim,commercial_zone,DE,DEB33,"Landau in der Pfalz, Kreisfreie Stadt",8.172,49.21,23.99,,8.85,10,6,3,2,3,1,0,1,0,3,0,8,7.192,0.6,0.2308,0.9,6,8.7,0.3715,1.103e+07,3.791e+06,1.482e+07,3.362e+05,0.02269
1107,25.07,Zone commerciale Holzmühle,commercial_zone,DE,DEC04,Saarlouis,6.76,49.29,6.761,,10.38,7,3,3,2,1,0,1,0,0,2,0,6,5.742,0.4286,0.2222,1,3,24.5,0.2536,1.134e+07,1.939e+07,3.073e+07,7.099e+06,0.231
1108,25,Zone commerciale La Tourre – Saint-Laurent-de-la-Salanque,commercial_zone,FR,FRJ15,Pyrénées-Orientales,3.014,42.77,32.76,,10.76,10,3,6,1,2,0,0,4,3,1,0,9,7.627,0.3,0.09091,0.9,18,4.5,0.2842,2.393e+07,1.313e+06,2.524e+07,8.676e+04,0.003437
1109,24.94,La Pilaterie – Mons-en-Barœul,commercial_zone,FR,FRE11,Nord,3.126,50.65,8.132,,10.75,9,3,5,1,2,0,0,2,1,9,0,8,7.579,0.3333,0.5,0.5556,11,4.5,0.353,6.317e+07,4.233e+06,6.74e+07,1.099e+07,0.163
1110,24.89,Horbourg-Wihr – Horbourg-Wihr,commercial_zone,FR,FRF12,Haut-Rhin,7.405,48.07,12.28,,19.01,11,6,4,3,3,0,0,1,2,3,0,11,10.5,0.5455,0.2143,0.6364,7,9,0.3427,1.759e+07,5.567e+06,2.316e+07,1.964e+06,0.08484
1111,24.82,Zone commerciale Vouziers,commercial_zone,FR,FRF21,Ardennes,4.684,49.39,45.87,,31.56,11,4,6,0,3,1,0,4,4,1,0,8,6.529,0.3636,0.08333,0.6364,18,5.7,0.2642,7.4e+06,1.002e+06,8.402e+06,2.738e+04,0.003259
1112,24.82,Zone d'aménagement commercial de Wintzenheim-Logelbach – Ingersheim,commercial_zone,FR,FRF12,Haut-Rhin,7.315,48.09,18.96,,11.61,10,4,6,3,0,1,0,3,2,2,0,8,7.237,0.4,0.1667,0.9,15,5.7,0.3082,4.217e+07,3.265e+06,4.543e+07,1.197e+06,0.02635
1113,24.8,Zone commerciale Hauenstein,commercial_zone,DE,DEB3K,Südwestpfalz,7.836,49.2,15.19,,6.051,14,14,0,14,0,0,0,0,0,2,0,2,1.293,1,0.125,0,0,21,0.3124,0,8.574e+06,8.574e+06,3.725e+05,0.04345
1114,24.8,Zone commerciale Saint-Julien-en-Genevois,commercial_zone,FR,FRK28,Haute-Savoie,6.094,46.14,0.4831,,5.278,10,4,5,0,3,1,0,3,1,3,0,8,7.187,0.4,0.2308,0.7,14,5.7,0.3145,4.605e+07,3.808e+06,4.986e+07,1.906e+07,0.3823
1115,24.74,Zone commerciale Waterloo,commercial_zone,BE,BE241,Arr. Halle-Vilvoorde,4.399,50.73,48.9,,7.11,12,8,3,5,2,1,0,1,2,2,0,9,7.137,0.6667,0.1429,0.1667,6,11.7,0.3237,3.687e+06,3.621e+06,7.308e+06,2.597e+05,0.03553
1116,24.71,Zone commerciale Ferme Dache Dise,commercial_zone,FR,FRI13,Landes,-1.445,43.5,23.86,,5.897,5,3,2,2,1,0,0,1,5,2,0,9,8.706,0.6,0.2857,1.2,5,4.5,0.4075,1.147e+07,1.533e+06,1.3e+07,2.557e+05,0.01967
1117,24.7,Zone commerciale Mont-Dauphin,commercial_zone,FR,FRL02,Hautes-Alpes ,6.618,44.66,23.78,,6.416,6,3,3,0,3,0,0,3,2,2,0,4,3.747,0.5,0.25,0.6667,12,4.5,0.3391,1.967e+07,2.301e+06,2.197e+07,1.183e+05,0.005387
1118,24.64,Zone commerciale Strassen,commercial_zone,LU,LU000,Luxembourg,6.095,49.62,13.44,,5.667,9,5,4,3,2,0,0,2,3,1,0,10,9.524,0.5556,0.1,0.4444,10,7.5,0.3232,4.736e+07,9.822e+06,5.718e+07,8.997e+06,0.1573
1119,24.52,Mr.Bricolage – Grasse,commercial_zone,FR,FRL03,Alpes-Maritimes,6.94,43.66,38.86,,7.846,7,6,1,1,4,1,0,1,0,0,0,6,5.742,0.8571,0,0.7143,4,8.7,0.3943,4.558e+06,2.388e+06,6.946e+06,7.485e+04,0.01078
1120,24.49,Zone commerciale Les Rousses,commercial_zone,FR,FRC22,Jura,6.063,46.48,1.641,,7.628,9,5,4,1,3,1,0,2,1,1,0,9,8.706,0.5556,0.1,0.6667,10,7.2,0.3309,3.329e+07,2.491e+06,3.578e+07,7.191e+06,0.201
1120,24.49,Winkelpark Ninouter – Outer,commercial_zone,BE,BE231,Arr. Aalst,3.993,50.83,46.48,,6.434,8,5,2,2,2,1,0,2,0,1,0,6,5.657,0.625,0.1111,0.625,8,7.2,0.3495,5.755e+06,1.833e+06,7.588e+06,1.677e+05,0.0221
1122,24.44,Zone commerciale Leimbach AG,commercial_zone,CH,CH033,Aargau,8.177,47.26,56.66,,7.653,7,4,3,1,3,0,0,2,2,1,0,7,6.614,0.5714,0.125,1,9,6,0.3476,2.014e+06,7.661e+05,2.78e+06,6.291e+04,0.02263
1123,24.43,La Porte du Parc – Mons,commercial_zone,BE,BE323,Arr. Mons,3.934,50.46,12.94,,8.374,7,5,1,0,3,2,0,0,3,3,0,10,10,0.7143,0.3,0.2857,1,6.9,0.4234,3.906e+06,6.086e+06,9.992e+06,1.666e+06,0.1667
1124,24.4,Durbuy,city_centre,BE,BE343,Arr. Marche-en-Famenne,5.456,50.35,46.46,1.133e+04,,15,7,7,4,1,2,0,0,1,34,0,12,10.95,0.4667,0.6939,0,7,9.9,0.3274,3.227e+06,1.555e+06,4.781e+06,1.634e+04,0.003417
1125,24.4,Bix Shopping Mont-Saint-Jean – Braine-l'Alleud,commercial_zone,BE,BE310,Arr. Nivelles,4.41,50.69,45.68,,9.35,7,4,2,0,4,0,0,1,3,3,0,9,8.706,0.5714,0.3,1,5,6,0.392,5.306e+06,2.56e+06,7.866e+06,2.59e+05,0.03293
1126,24.36,Centre commercial des Albères – Saint-Génis-des-Fontaines,commercial_zone,FR,FRJ15,Pyrénées-Orientales,2.942,42.55,7.327,,5.958,10,5,4,2,3,0,0,2,4,1,0,12,11.48,0.5,0.09091,0.5,10,7.5,0.311,1.626e+07,2.395e+06,1.865e+07,4.594e+05,0.02463
1127,24.24,Zone commerciale Naninne,commercial_zone,BE,BE352,Arr. Namur,4.939,50.42,29.37,,5.643,10,7,2,1,5,1,0,1,0,0,0,8,7.579,0.7,0,0.4,5,10.2,0.345,1.165e+07,5.985e+06,1.763e+07,2.257e+05,0.0128
1128,24.24,ZA des Fades – Le Cannet,commercial_zone,FR,FRL03,Alpes-Maritimes,6.992,43.58,37.84,,19.71,7,6,1,0,6,0,0,0,2,2,0,6,5.67,0.8571,0.2222,0.4286,1,9,0.4061,1.728e+06,3.56e+06,5.287e+06,1.355e+05,0.02562
1129,24.17,Riedisheim,city_centre,FR,FRF12,Haut-Rhin,7.368,47.75,12.08,1.216e+04,,15,4,10,2,1,1,0,1,9,8,0,17,14.43,0.2667,0.3478,0.2,13,5.7,0.2826,4.346e+07,4.489e+06,4.795e+07,6.072e+06,0.1266
1130,24.1,Frunshopping St Nicolas de Port – Ville-en-Vermois,commercial_zone,FR,FRF31,Meurthe-et-Moselle ,6.28,48.62,69.32,,11.42,14,7,6,3,1,3,0,1,2,1,0,15,14.67,0.5,0.06667,0.4286,9,9.6,0.3043,3.536e+05,4.255e+05,7.791e+05,1.153e+04,0.0148
1131,24.08,Zone commerciale Carbonne,commercial_zone,FR,FRJ23,Haute-Garonne,1.22,43.3,58.09,,5.002,5,3,2,0,3,0,0,2,2,2,0,5,4.711,0.6,0.2857,0.6,8,4.5,0.3806,2.028e+06,6.671e+05,2.695e+06,143.5,5.325e-05
1132,24.07,Zone commerciale Calais,commercial_zone,FR,FRE12,Pas-de-Calais,1.842,50.94,51.93,,10.76,11,8,3,4,3,1,0,0,0,0,0,7,6.336,0.7273,0,1,3,11.7,0.3578,2.983e+06,2.901e+06,5.884e+06,3.144e+05,0.05344
1133,24.06,Zone commerciale Grande-Synthe,commercial_zone,FR,FRE11,Nord,2.337,51.02,16.24,,12.26,8,5,3,2,3,0,0,1,1,2,0,7,6.614,0.625,0.2,0.875,6,7.5,0.3705,2.15e+07,3.706e+06,2.521e+07,1.799e+06,0.07137
1134,24,La Grosse Haye – Fameck,commercial_zone,FR,FRF33,Moselle,6.123,49.3,16.73,,23.39,9,4,4,2,2,0,0,2,1,3,0,9,8.706,0.4444,0.25,0.8889,10,6,0.332,4.535e+07,5.365e+06,5.072e+07,5.041e+06,0.09939
1135,23.95,Parc d'Activités du Quiéry – Noyelles-Godault,commercial_zone,FR,FRE11,Nord,2.987,50.41,24.8,,7.096,7,5,1,2,2,1,0,1,1,2,0,7,6.727,0.7143,0.2222,0.2857,4,7.2,0.3883,2.029e+07,6.447e+06,2.674e+07,1.282e+06,0.04794
1136,23.95,Hautmont,city_centre,FR,FRE11,Nord,3.92,50.25,8.577,1.418e+04,,15,4,10,1,3,0,0,2,2,9,0,11,9.606,0.2667,0.375,0.2,16,6,0.2748,3.992e+07,2.877e+06,4.279e+07,3.359e+06,0.0785
1137,23.9,Zone commerciale Schifferstadt,commercial_zone,DE,DEB38,"Speyer, Kreisfreie Stadt",8.392,49.38,47.02,,5.154,9,1,8,1,0,0,0,4,1,3,0,6,5,0.1111,0.25,0.7778,20,1.5,0.2885,7.937e+06,2.805e+05,8.218e+06,2.292e+04,0.002789
1138,23.83,Zone commerciale Dudelange,commercial_zone,LU,LU000,Luxembourg,6.086,49.5,3.05,,7.842,6,1,4,0,1,0,1,2,0,0,0,4,3.78,0.1667,0,0.6667,10,21.5,0.187,4.054e+07,2.241e+07,6.296e+07,1.449e+07,0.2302
1139,23.73,Zone commerciale Destelbergen,commercial_zone,BE,BE234,Arr. Gent,3.788,51.08,55.21,,6.524,9,5,3,1,4,0,0,2,2,0,0,10,9.698,0.5556,0,0.5556,9,7.5,0.3142,5.079e+06,1.894e+06,6.973e+06,4.214e+05,0.06043
1140,23.7,Zone commerciale Héricourt,commercial_zone,FR,FRC23,Haute-Saône,6.771,47.58,18.67,,11.65,12,4,7,2,1,1,0,2,4,3,0,12,11.31,0.3333,0.2,0.6667,13,5.7,0.2936,3.365e+07,3.062e+06,3.672e+07,1.274e+06,0.0347
1141,23.49,Zone commerciale Hoeilaert,commercial_zone,BE,BE100,Arr. de Bruxelles-Capitale/Arr. Brussel-Hoofdstad,4.501,50.79,58.17,,7.2,13,6,6,2,3,1,0,1,1,5,0,12,11.48,0.4615,0.2778,0.3846,9,8.7,0.3032,2.503e+06,1.938e+06,4.441e+06,9.006e+04,0.02028
1142,23.41,Zone commerciale Blotzheim,commercial_zone,FR,FRF12,Haut-Rhin,7.506,47.61,5.119,,7.73,5,3,2,1,2,0,0,1,1,3,0,6,6,0.6,0.375,0.8,5,4.5,0.4028,1.427e+07,3.469e+06,1.773e+07,7.48e+06,0.4218
1143,23.38,Zone commerciale Nivelles,commercial_zone,BE,BE310,Arr. Nivelles,4.337,50.59,34.24,,6.435,8,4,4,0,3,1,0,3,2,0,0,7,6.261,0.5,0,0.75,13,5.7,0.2943,2.672e+07,3.143e+06,2.986e+07,7.473e+05,0.02503
1144,23.37,Parc des Anneaux de Magny – Prévessin,commercial_zone,FR,FRK21,Ain,6.087,46.25,0.1978,,9.678,5,3,2,0,3,0,0,1,2,3,0,7,7,0.6,0.375,0.6,5,4.5,0.398,1.751e+07,3.201e+06,2.071e+07,9.848e+06,0.4755
1145,23.37,ZA du Journans – Ségny,commercial_zone,FR,FRK21,Ain,6.066,46.3,3.507,,13.37,8,4,4,0,3,1,0,2,4,2,0,8,7.237,0.5,0.2,0.625,10,5.7,0.3149,2.486e+07,3.002e+06,2.786e+07,9.439e+06,0.3388
1146,23.32,Les Belles Ouvrières – Saint-Vit,commercial_zone,FR,FRC21,Doubs,5.828,47.19,54.22,,16.28,10,3,7,2,1,0,0,3,2,2,0,9,8.123,0.3,0.1667,0.7,16,4.5,0.2826,1.215e+06,2.364e+05,1.452e+06,0,0
1147,23.29,Zone commerciale Capens,commercial_zone,FR,FRJ23,Haute-Garonne,1.263,43.34,63.34,,16.18,11,6,2,3,1,2,0,2,1,1,0,11,10.69,0.5455,0.08333,0.2727,8,8.4,0.3032,1.685e+06,1.103e+06,2.788e+06,0,0
1148,23.2,Antzuola,city_centre,ES,ES212,Gipuzkoa,-2.381,43.1,55.64,1778,,16,5,10,1,2,2,0,1,3,7,0,17,16.42,0.3125,0.3043,0.0625,13,6.9,0.278,8.971e+05,4.604e+05,1.358e+06,5.002e+04,0.03685
1149,23.14,Zone commerciale Oberndorf,commercial_zone,DE,DE124,Rastatt,8.279,48.83,12.27,,6.419,11,7,4,2,5,0,0,1,0,0,0,8,7.537,0.6364,0,0.4545,7,10.5,0.3075,1.893e+07,6.925e+06,2.585e+07,1.153e+06,0.0446
1150,23.07,Le Hameau Commercial – La Madeleine,commercial_zone,FR,FRE11,Nord,3.063,50.66,10.89,,12.48,9,5,4,2,0,3,0,1,0,5,0,9,9,0.5556,0.3571,0.3333,7,6.6,0.3582,3.169e+07,5.611e+06,3.73e+07,5.692e+06,0.1526
1151,23.06,Zone commerciale Pont-à-Mousson,commercial_zone,FR,FRF31,Meurthe-et-Moselle ,6.058,48.92,56.09,,5.26,7,4,3,2,2,0,0,1,4,1,0,11,11,0.5714,0.125,1,6,6,0.3581,2.85e+06,1.557e+06,4.407e+06,4.072e+05,0.09238
1152,22.96,Zone commerciale Saint-Georges-sur-Meuse,commercial_zone,BE,BE331,Arr. Huy,5.347,50.6,60.11,,15.17,12,6,6,4,2,0,0,1,0,3,0,11,10.69,0.5,0.2,0.4167,9,9,0.2993,1.953e+06,1.418e+06,3.371e+06,1.152e+04,0.003419
1153,22.95,Carrefour Oiartzun – Errenteria,commercial_zone,ES,ES212,Gipuzkoa,-1.878,43.31,8.433,,5.901,6,4,2,1,1,2,0,1,0,2,0,5,4.762,0.6667,0.25,0.6667,5,5.4,0.3881,6.688e+06,1.714e+06,8.402e+06,1.544e+06,0.1837
1154,22.94,La Vetrina di Cambiano – Cambiano,commercial_zone,IT,ITC11,Torino,7.777,44.96,59.99,,6.212,7,2,2,2,0,0,1,1,0,1,0,7,7,0.2857,0.125,0.4286,5,23,0.1959,2.798e+06,6.403e+06,9.201e+06,1944,0.0002113
1155,22.93,Zone commerciale La Gorgue,commercial_zone,FR,FRE11,Nord,2.72,50.63,11.29,,8.055,9,5,4,2,2,1,0,1,1,2,0,9,8.706,0.5556,0.1818,0.8889,7,7.2,0.3383,1.95e+07,3.869e+06,2.337e+07,1.268e+06,0.05429
1156,22.89,Zone Commerciale Grosbliederstroff – Auersmacher,commercial_zone,FR,FRF33,Moselle,7.043,49.14,0.2283,,21.53,13,5,7,2,3,0,0,2,3,1,0,12,11.31,0.3846,0.07143,0.6923,13,7.5,0.2659,3.789e+07,4.584e+06,4.248e+07,9.073e+06,0.2136
1157,22.83,Zone commerciale Le Salicamp – Saint-Quentin,commercial_zone,FR,FRE21,Aisne,3.29,49.87,57.21,,27.29,9,4,5,2,2,0,0,2,2,2,0,9,8.549,0.4444,0.1818,0.6667,11,6,0.2978,3.23e+06,9.543e+05,4.184e+06,2.05e+04,0.004899
1158,22.75,Oiartzun,city_centre,ES,ES212,Gipuzkoa,-1.861,43.3,8.028,,,23,7,16,7,0,0,0,0,6,9,0,15,12.64,0.3043,0.2812,0,16,10.5,0.1942,1.507e+07,2.476e+06,1.754e+07,3.264e+06,0.1861
1159,22.73,Zone commerciale Tomblaine,commercial_zone,FR,FRF31,Meurthe-et-Moselle ,6.221,48.69,65.3,,8.613,6,3,3,3,0,0,0,3,3,0,0,6,5.349,0.5,0,1,12,4.5,0.2976,9.964e+05,2.89e+05,1.285e+06,2.133e+04,0.0166
1160,22.69,Zone commerciale Sainte-Croix,commercial_zone,BE,BE251,Arr. Brugge,3.266,51.21,47.4,,5.085,11,6,5,2,4,0,0,1,1,2,0,9,8.123,0.5455,0.1538,0.6364,8,9,0.301,6.881e+06,2.682e+06,9.563e+06,5.385e+05,0.05631
1161,22.69,Zone commerciale Waziers,commercial_zone,FR,FRE11,Nord,3.089,50.38,21.53,,14.52,6,3,2,0,3,0,0,1,2,4,0,8,8,0.5,0.4,1,5,4.5,0.378,2.051e+07,3.373e+06,2.389e+07,6.796e+05,0.02845
1162,22.66,Zone commerciale Hombourg,commercial_zone,DE,DEC05,Saarpfalz-Kreis,7.343,49.34,18.05,,6.869,8,6,2,1,3,2,0,0,2,0,0,8,7.579,0.75,0,0.875,2,8.4,0.374,5.853e+06,6.057e+06,1.191e+07,8.047e+05,0.06756
1163,22.6,Zone d'Activités Ariane – Buhl-Lorraine,commercial_zone,FR,FRF33,Moselle,7.082,48.73,42.34,,25.3,9,7,1,0,7,0,0,0,2,1,0,7,6.336,0.7778,0.1,0.4444,1,10.5,0.3577,1.253e+06,2.62e+06,3.872e+06,2.458e+05,0.06348
1164,22.58,Zone commerciale Balan,commercial_zone,FR,FRF21,Ardennes,4.973,49.69,10.8,,6.024,7,4,3,1,3,0,0,2,1,0,0,7,6.727,0.5714,0,0.8571,9,6,0.3184,3.557e+07,5.512e+06,4.109e+07,6.446e+06,0.1569
1165,22.57,Zone commerciale Sainte-Marie-aux-Chênes,commercial_zone,FR,FRF31,Meurthe-et-Moselle ,5.994,49.2,28,,13.11,8,4,3,1,2,1,0,2,0,2,0,7,6.727,0.5,0.2,0.875,9,5.7,0.3252,2.804e+07,3.474e+06,3.152e+07,1.276e+06,0.04047
1166,22.47,Rethel,city_centre,FR,FRF21,Ardennes,4.367,49.51,47.23,7425,,15,4,11,0,3,1,0,0,2,13,1,12,10.96,0.2667,0.4643,0.1333,16,5.7,0.2558,1.656e+07,2.009e+06,1.857e+07,3.533e+05,0.01903
1167,22.42,Zone commerciale Gilly,commercial_zone,BE,BE32B,Arr. Charleroi,4.47,50.42,25.05,,13.47,9,6,2,1,4,1,0,1,1,0,0,10,10,0.6667,0,0.2222,5,8.7,0.3291,2.933e+07,7.466e+06,3.68e+07,7.027e+05,0.0191
1168,22.38,Zone commerciale Basse-Wavre,commercial_zone,BE,BE310,Arr. Nivelles,4.634,50.72,58.59,,11.22,8,6,0,0,6,0,0,0,1,3,0,8,7.715,0.75,0.2727,0.125,0,9,0.3777,0,1.977e+06,1.977e+06,4.015e+04,0.02031
1169,22.31,Zone commerciale Naninne,commercial_zone,BE,BE352,Arr. Namur,4.921,50.43,30.15,,6.773,5,4,1,0,4,0,0,1,1,0,0,6,6,0.8,0,0.6,4,6,0.3763,8.267e+06,3.272e+06,1.154e+07,1.174e+05,0.01017
1170,22.12,Nieuport,city_centre,BE,BE255,Arr. Oostende,2.752,51.13,14.98,,,15,4,11,0,0,4,0,1,0,42,1,5,4.063,0.2667,0.7368,0.06667,19,4.8,0.235,4.084e+07,1.862e+06,4.27e+07,4.821e+06,0.1129
1171,22.1,Zone commerciale Pouzac,commercial_zone,FR,FRJ26,Hautes-Pyrénées ,0.1418,43.08,38.02,,8.737,10,3,6,2,1,0,0,3,2,1,0,10,9.118,0.3,0.09091,0.7,15,4.5,0.2645,2.344e+07,1.026e+06,2.447e+07,0,0
1172,22.1,Zone commerciale Grass,commercial_zone,BE,BE341,Arr. Arlon,5.89,49.64,11.31,,13.21,8,6,1,1,5,0,0,0,0,1,0,7,6.727,0.75,0.1111,0.625,1,9,0.3701,4.022e+06,1.078e+07,1.48e+07,8.997e+06,0.6078
1173,21.98,Zone industrielle de Marché Gare – Schiltigheim,commercial_zone,FR,FRF11,Bas-Rhin,7.732,48.6,5.243,,29.39,7,2,4,0,2,0,0,2,0,4,1,5,4.711,0.2857,0.3636,0.7143,15,3,0.2768,4.508e+07,2.048e+06,4.713e+07,3.659e+06,0.07764
1174,21.94,Zone commerciale Anstaing,commercial_zone,FR,FRE11,Nord,3.165,50.61,6.641,,5.671,8,0,8,0,0,0,0,2,1,10,0,7,6.614,0,0.5556,0.5,14,0,0.3238,6.159e+07,0,6.159e+07,7.957e+06,0.1292
1175,21.89,Zone Artisanale Camp Llarg – Ille-sur-Têt,commercial_zone,FR,FRJ15,Pyrénées-Orientales,2.635,42.68,29.2,,13.66,7,3,4,1,2,0,0,2,5,1,0,10,9.524,0.4286,0.125,1,10,4.5,0.2965,1.493e+07,1.408e+06,1.633e+07,5.229e+04,0.003202
1176,21.87,Nœux-les-Mines,city_centre,FR,FRE12,Pas-de-Calais,2.662,50.48,28.36,1.152e+04,,16,7,8,6,0,1,0,0,2,6,0,14,12.85,0.4375,0.2727,0.25,8,10.2,0.2669,2.722e+07,5.694e+06,3.292e+07,4.142e+05,0.01258
1177,21.83,Zone commerciale Verdun,commercial_zone,FR,FRF32,Meuse ,5.383,49.17,37.23,,9.568,6,3,3,1,2,0,0,3,1,0,0,5,4.371,0.5,0,1,12,4.5,0.2926,2.074e+07,1.605e+06,2.235e+07,7.077e+04,0.003167
1178,21.8,Parc d'Activités Sud – Obernai,commercial_zone,FR,FRF11,Bas-Rhin,7.493,48.45,18.86,,29.72,7,4,2,2,1,1,0,2,2,1,0,6,5.67,0.5714,0.125,0.5714,8,5.7,0.314,1.816e+07,3.051e+06,2.121e+07,8.63e+05,0.04069
1179,21.78,ZAC du Chemin Vert – Calais,commercial_zone,FR,FRE12,Pas-de-Calais,1.836,50.94,52.31,,9.848,9,6,3,0,5,1,0,0,0,2,0,5,4.586,0.6667,0.1818,0.7778,3,8.7,0.3513,2.721e+06,2.041e+06,4.763e+06,2.328e+05,0.04887
1180,21.73,Centre commercial Carrefour Courrières – Courrières,commercial_zone,FR,FRE12,Pas-de-Calais,2.945,50.44,25.94,,26.36,10,4,4,2,2,0,0,1,3,5,0,10,9.068,0.4,0.3333,0.9,7,6,0.3099,2.962e+07,4.558e+06,3.418e+07,1.138e+06,0.03329
1181,21.63,Zone commerciale Kennedy – Frotey-lès-Vesoul,commercial_zone,FR,FRC23,Haute-Saône,6.171,47.63,60.84,,16.08,7,1,5,0,0,1,0,3,1,3,0,6,5.299,0.1429,0.3,1,14,1.2,0.2933,1.246e+06,5.451e+04,1.301e+06,1427,0.001097
1182,21.62,Zone d'Activités de Moulin – Remiremont,commercial_zone,FR,FRF34,Vosges,6.578,48.03,66.78,,7.789,11,5,5,4,1,0,0,2,1,1,0,9,8.485,0.4545,0.08333,0.6364,11,7.5,0.2637,1.56e+05,1.434e+05,2.995e+05,0,0
1183,21.54,Zone commerciale Gambsheim,commercial_zone,FR,FRF11,Bas-Rhin,7.891,48.7,2.48,,6.346,6,4,2,0,3,1,0,1,1,2,0,7,7,0.6667,0.25,0.1667,5,5.7,0.3545,9.807e+06,3.111e+06,1.292e+07,2.335e+06,0.1807
1184,21.53,Zone commerciale la Jonquera,commercial_zone,ES,ES512,Girona,2.868,42.43,2.988,,6.185,5,3,2,3,0,0,0,2,1,2,0,4,3.78,0.6,0.2857,0.2,8,4.5,0.3372,9.291e+06,1.312e+06,1.06e+07,5.495e+06,0.5183
1185,21.51,Zone commerciale Bondues,commercial_zone,FR,FRE11,Nord,3.09,50.69,8.06,,6.711,8,6,1,1,4,1,0,0,0,1,0,8,8,0.75,0.1111,0.375,1,8.7,0.366,5.058e+06,7.657e+06,1.271e+07,2.792e+06,0.2196
1186,21.51,Lotissement du Haut Peyron – Saint-Raphaël,commercial_zone,FR,FRL05,Var,6.788,43.43,60.43,,10.9,8,2,6,0,2,0,0,4,3,0,0,6,5.164,0.25,0,1,18,3,0.2409,8.444e+05,1.735e+05,1.018e+06,3896,0.003827
1187,21.5,Parc d'Activités Lafayette – Maxéville,commercial_zone,FR,FRF31,Meurthe-et-Moselle ,6.171,48.71,65.41,,9.981,10,3,4,0,3,0,0,3,3,3,0,6,5.462,0.3,0.2308,0.5,13,4.5,0.2561,1.321e+06,4.233e+05,1.744e+06,8.419e+04,0.04828
1188,21.46,ZAC Tournai Campagne – Warchin,commercial_zone,BE,BE328,Arr. Tournai-Mouscron,3.428,50.6,8.325,,10.25,5,3,2,1,1,1,0,1,1,2,0,6,6,0.6,0.2857,0.8,5,4.2,0.3694,1.798e+07,3.331e+06,2.131e+07,5.286e+06,0.248
1189,21.37,Zone commerciale Doussard,commercial_zone,FR,FRK28,Haute-Savoie,6.235,45.77,41.41,,11,8,6,2,2,0,4,0,0,7,1,0,11,10.01,0.75,0.1111,0,2,7.8,0.3386,2.091e+06,1.697e+06,3.788e+06,2.142e+05,0.05654
1190,21.25,ZAIC du Grand Bois – Danjoutin,commercial_zone,FR,FRC24,Territoire de Belfort,6.85,47.62,16.78,,21.41,5,5,0,1,4,0,0,0,0,1,0,3,2.586,1,0.1667,0.4,0,7.5,0.3797,0,5.748e+06,5.748e+06,6.845e+05,0.1191
1191,21.06,ZA Europa – Estancarbon,commercial_zone,FR,FRJ23,Haute-Garonne,0.7818,43.11,28.57,,19.28,14,7,3,0,6,1,0,1,0,0,0,12,11.48,0.5,0,0.5714,6,10.2,0.2641,9.564e+06,4.012e+06,1.358e+07,3.734e+04,0.00275
1192,21,Zone commerciale Quiévrechain,commercial_zone,FR,FRE11,Nord,3.659,50.4,1.015,,8.727,10,3,7,2,1,0,0,2,2,2,0,10,9.524,0.3,0.1667,0.7,13,4.5,0.2615,3.503e+07,2.551e+06,3.758e+07,8.671e+06,0.2307
1193,21,Zone commerciale Carbonne,commercial_zone,FR,FRJ23,Haute-Garonne,1.221,43.31,58.75,,8.66,10,5,4,2,2,1,0,1,3,0,0,12,11.69,0.5,0,0.8,7,7.2,0.2844,1.63e+06,9.681e+05,2.598e+06,183.9,7.081e-05
1194,20.95,ZAC de l'Alzette – Audun-le-Tiche,commercial_zone,FR,FRF31,Meurthe-et-Moselle ,5.956,49.48,1.134,,5.652,6,3,3,3,0,0,0,2,0,3,0,4,3.78,0.5,0.3333,0.5,9,4.5,0.3213,3.557e+07,4.717e+06,4.029e+07,1.92e+07,0.4766
1195,20.92,Zone commerciale Deux-Ponts,commercial_zone,DE,DEB3A,"Zweibrücken, Kreisfreie Stadt",7.344,49.25,8.884,,12.19,7,5,2,1,4,0,0,0,0,1,0,6,5.742,0.7143,0.125,0.7143,2,7.5,0.3614,7.592e+06,6.3e+06,1.389e+07,1.179e+06,0.08489
1196,20.83,Zone commerciale Hésingue,commercial_zone,FR,FRF12,Haut-Rhin,7.536,47.58,1.775,,11.82,8,4,3,1,3,0,0,2,1,1,0,8,7.715,0.5,0.1111,0.5,9,6,0.2801,2.676e+07,4.356e+06,3.112e+07,1.688e+07,0.5426
1197,20.75,Zone commerciale Fegersheim,commercial_zone,FR,FRF11,Bas-Rhin,7.692,48.5,5.72,,71.46,8,3,4,0,3,0,0,2,0,5,0,6,5.657,0.375,0.3846,0.5,10,4.5,0.295,2.784e+07,2.951e+06,3.079e+07,3.22e+06,0.1046
1198,20.75,Héricourt,city_centre,FR,FRC23,Haute-Saône,6.763,47.58,18.89,1.048e+04,,21,7,9,6,0,1,0,0,5,8,0,17,13.62,0.3333,0.2759,0.04762,9,10.2,0.2123,1.943e+07,4.639e+06,2.406e+07,9.447e+05,0.03926
1199,20.73,Zone commerciale Böblingen,commercial_zone,DE,DE112,Böblingen,8.985,48.69,63.45,,6.781,7,2,5,0,2,0,0,2,3,3,0,9,8.706,0.2857,0.3,0.7143,11,3,0.2918,1.092e+06,3.168e+05,1.409e+06,1819,0.001291
1200,20.71,Zone commerciale Ronchin,commercial_zone,FR,FRE11,Nord,3.086,50.62,11.6,,20.02,5,4,1,1,0,3,0,0,0,2,0,3,2.586,0.8,0.2857,0.2,1,5.1,0.3741,6.549e+06,5.454e+06,1.2e+07,1.893e+06,0.1577
1201,20.7,Zone commerciale Sedan,commercial_zone,FR,FRF21,Ardennes,4.926,49.7,9.844,,15.83,8,3,4,3,0,0,0,2,1,3,0,8,7.715,0.375,0.2727,0.625,10,4.5,0.2842,3.564e+07,3.894e+06,3.953e+07,4.309e+06,0.109
1202,20.65,Domaine des Aspres – Thuir,commercial_zone,FR,FRJ15,Pyrénées-Orientales,2.758,42.64,21.37,,7.335,9,5,3,2,2,1,0,1,1,0,0,10,10,0.5556,0,0.8889,6,7.2,0.3041,9.544e+06,2.6e+06,1.214e+07,1.241e+05,0.01022
1203,20.47,Zone commerciale Coarraze,commercial_zone,FR,FRI15,Pyrénées-Atlantiques,-0.2343,43.18,36.65,,5.51,8,4,4,2,2,0,0,1,2,2,0,10,10,0.5,0.2,0.625,7,6,0.3066,9.398e+06,1.002e+06,1.04e+07,0,0
1204,20.28,Zone commerciale San Rocco Castagnaretta,commercial_zone,IT,ITC16,Cuneo,7.529,44.37,23.4,,9.409,5,0,5,0,0,0,0,3,0,3,0,3,2.586,0,0.375,0.8,14,0,0.3002,2.843e+07,0,2.843e+07,2.255e+05,0.00793
1205,20.25,Zone commerciale Pondrôme,commercial_zone,BE,BE351,Arr. Dinant,4.992,50.1,8.031,,8.245,5,4,0,0,2,2,0,0,1,2,0,6,6,0.8,0.2857,0,0,5.4,0.365,0,3.547e+06,3.547e+06,4.456e+05,0.1256
1205,20.25,Espace Atrium – Dorlisheim,commercial_zone,FR,FRF11,Bas-Rhin,7.471,48.53,22.45,,6.416,5,3,2,0,3,0,0,1,1,2,0,5,4.762,0.6,0.2857,0.6,5,4.5,0.3452,1.172e+07,2.381e+06,1.41e+07,6.382e+05,0.04525
1207,20.09,Zone commerciale Sarrebruck,commercial_zone,DE,DEC01,Regionalverband Saarbrücken,7.027,49.21,1.905,,5.412,11,3,8,2,1,0,0,2,3,1,0,13,12.68,0.2727,0.08333,0.3636,14,4.5,0.2326,5.613e+07,3.877e+06,6.001e+07,1.613e+07,0.2689
1208,20.06,Zone commerciale Fischbach,commercial_zone,DE,DEC01,Regionalverband Saarbrücken,7.027,49.29,9.668,,12.85,5,2,2,2,0,0,0,1,4,4,0,8,7.715,0.4,0.4444,0.8,5,3,0.3402,2.067e+07,2.906e+06,2.357e+07,3.25e+06,0.1379
1209,20.02,Zone commerciale Les Sentiers – Gauchy,commercial_zone,FR,FRE21,Aisne,3.278,49.83,61.5,,13.91,11,5,5,3,2,0,0,1,2,1,0,11,10.5,0.4545,0.08333,0.8182,8,7.5,0.2612,1.585e+06,1.011e+06,2.596e+06,1.478e+04,0.005696
1210,19.95,Zone de l'Aéroport – Voglans,commercial_zone,FR,FRK27,Savoie,5.891,45.64,54.68,,13.1,7,4,2,2,1,1,0,1,1,3,0,7,6.727,0.5714,0.3,0.2857,5,5.7,0.3194,1.527e+06,8.416e+05,2.368e+06,1.564e+05,0.06603
1211,19.87,Zone commerciale Grasse,commercial_zone,FR,FRL03,Alpes-Maritimes,6.945,43.65,38.56,,9.167,7,3,2,0,2,1,0,1,3,3,0,10,10,0.4286,0.3,1,5,4.2,0.3217,5.402e+06,1.091e+06,6.493e+06,4.009e+04,0.006175
1212,19.72,Zone commerciale de l'Epinette – Martres-Tolosane,commercial_zone,FR,FRJ23,Haute-Garonne,1.002,43.2,42.46,,8.841,7,3,4,0,2,1,0,3,0,0,0,5,4.371,0.4286,0,0.8571,13,4.2,0.251,1.296e+07,1.177e+06,1.413e+07,7260,0.0005137
1213,19.68,Zone commerciale Waziers,commercial_zone,FR,FRE11,Nord,3.104,50.39,20.03,,7.652,6,3,3,0,3,0,0,1,0,4,0,6,6,0.5,0.4,0.5,6,4.5,0.326,2.535e+07,3.392e+06,2.875e+07,8.269e+05,0.02877
1214,19.6,Zone commerciale Halluin,commercial_zone,FR,FRE11,Nord,3.138,50.79,0.1243,,5.365,11,3,6,1,1,1,0,2,0,2,0,9,8.549,0.2727,0.1538,0.8182,12,4.2,0.2489,4.472e+07,2.76e+06,4.748e+07,2.154e+07,0.4538
1215,19.58,Zone commerciale Carvin,commercial_zone,FR,FRE12,Pas-de-Calais,2.965,50.48,23.22,,10.23,7,2,5,0,2,0,0,2,1,4,0,7,6.727,0.2857,0.3636,0.5714,11,3,0.2809,4.568e+07,2.307e+06,4.799e+07,2.356e+06,0.04909
1216,19.54,Ambachtelijke zone heiplas – Wanzele,commercial_zone,BE,BE231,Arr. Aalst,3.973,50.98,59.01,,5.63,5,3,2,2,0,1,0,1,1,1,0,6,6,0.6,0.1667,0.8,5,4.2,0.3346,1.109e+06,7.408e+05,1.849e+06,6.877e+04,0.03719
1217,19.44,Espace d'activités de la route de Cannes – Plascassier,commercial_zone,FR,FRL03,Alpes-Maritimes,6.951,43.64,38.49,,7.955,10,3,7,1,2,0,0,2,0,2,0,8,7.579,0.3,0.1667,0.7,13,4.5,0.2403,1.656e+07,1.255e+06,1.781e+07,7.162e+04,0.004021
1218,19.24,Zone commerciale Fréjus,commercial_zone,FR,FRL05,Var,6.739,43.47,61.36,,6.566,5,3,2,0,3,0,0,2,0,0,0,4,3.789,0.6,0,0.6,8,4.5,0.3009,1.518e+06,5.564e+05,2.075e+06,2.053e+04,0.009895
1219,19.19,Croix,city_centre,FR,FRE11,Nord,3.156,50.68,5.1,2.078e+04,,17,6,11,4,1,1,0,1,2,4,0,11,9.16,0.3529,0.1905,0.1765,14,8.7,0.1861,5.687e+07,5.841e+06,6.271e+07,1.025e+07,0.1635
1220,19.18,Zone commerciale Ségny,commercial_zone,FR,FRK21,Ain,6.079,46.29,2.107,,5.534,6,3,2,2,0,1,0,2,1,1,0,5,4.711,0.5,0.1429,1,8,4.2,0.2934,2.06e+07,2.282e+06,2.288e+07,8.506e+06,0.3718
1221,19.14,ZAC du Bas-Terroir – Waziers,commercial_zone,FR,FRE11,Nord,3.112,50.39,19.39,,12.08,5,3,1,0,3,0,0,0,0,2,0,5,5,0.6,0.2857,1,1,4.5,0.3461,4.524e+06,3.569e+06,8.094e+06,4.476e+05,0.05531
1222,19.08,Zone commerciale Saint-Avold,commercial_zone,FR,FRF33,Moselle,6.709,49.12,5.668,,19.76,7,4,2,1,3,0,0,1,0,1,0,6,5.742,0.5714,0.125,1,5,6,0.3051,2.087e+07,4.013e+06,2.489e+07,3.028e+06,0.1217
1223,19.08,Zone Cap Ouest – Imling,commercial_zone,FR,FRF33,Moselle,7.024,48.73,42.91,,9.44,7,3,4,1,2,0,0,3,2,0,0,6,5.349,0.4286,0,0.4286,13,4.5,0.2265,8.487e+06,6.696e+05,9.157e+06,6.856e+04,0.007488
1224,19.07,Courrières,city_centre,FR,FRE12,Pas-de-Calais,2.945,50.46,25.47,1.02e+04,,15,3,12,2,1,0,0,1,6,6,0,13,10.72,0.2,0.2857,0.1333,15,4.5,0.2006,5.139e+07,2.842e+06,5.423e+07,1.64e+06,0.03025
1225,18.93,Zone commerciale Hirsingue,commercial_zone,FR,FRF12,Haut-Rhin,7.259,47.59,11.31,,13.08,10,4,5,0,3,1,0,2,3,0,0,9,8.151,0.4,0,0.6,11,5.7,0.2222,2.354e+07,2.125e+06,2.566e+07,1.73e+06,0.0674
1226,18.75,ZAC de l'Izelette – Aoste,commercial_zone,FR,FRK24,Isère,5.609,45.59,65.18,,6.011,7,3,4,1,2,0,0,2,0,2,0,6,5.742,0.4286,0.2222,0.5714,10,4.5,0.264,3.834e+05,1.8e+05,5.633e+05,3.1e+04,0.05503
1227,18.74,Zone commerciale Bayonne,commercial_zone,FR,FRI15,Pyrénées-Atlantiques,-1.452,43.49,22.5,,8.674,5,0,4,0,0,0,0,1,5,8,0,9,8.706,0,0.6154,0.6,7,0,0.3218,1.605e+07,0,1.605e+07,2.245e+05,0.01399
1228,18.69,Zone commerciale Marktplein,commercial_zone,BE,BE254,Arr. Kortrijk,3.262,50.9,15.04,,14.39,5,3,2,1,2,0,0,2,1,0,0,4,3.78,0.6,0,0.4,8,4.5,0.2855,2.554e+07,2.562e+06,2.81e+07,2.353e+06,0.08372
1229,18.19,Zone commerciale Cuesmes,commercial_zone,BE,BE323,Arr. Mons,3.919,50.45,11.89,,6.512,5,4,1,0,4,0,0,0,2,0,0,7,7,0.8,0,0.2,1,6,0.3225,3.599e+06,4.746e+06,8.345e+06,1.453e+06,0.1741
1230,18.1,Zone commerciale Coudekerque-Branche,commercial_zone,FR,FRE11,Nord,2.398,51.03,11.91,,7.236,10,4,5,2,1,1,0,2,0,1,0,8,7.579,0.4,0.09091,0.5,11,5.7,0.2217,3.613e+07,2.441e+06,3.857e+07,3.388e+06,0.08783
1231,17.93,Wasquehal,city_centre,FR,FRE11,Nord,3.131,50.67,7.239,2.084e+04,,16,3,13,2,1,0,0,0,4,4,0,14,12.52,0.1875,0.2,0.3125,13,4.5,0.1988,4.769e+07,3.009e+06,5.07e+07,7.999e+06,0.1578
1231,17.93,Zone commerciale Bordères-sur-l'Échez,commercial_zone,FR,FRJ26,Hautes-Pyrénées ,0.07202,43.25,53.69,,6.553,5,2,3,0,2,0,0,2,2,2,0,6,5.742,0.4,0.2857,0.6,9,3,0.273,3.793e+06,5.338e+05,4.327e+06,128.7,2.975e-05
1233,17.91,Zone commerciale Gunsbach,commercial_zone,FR,FRF12,Haut-Rhin,7.162,48.04,30.39,,29.81,7,3,3,0,2,1,0,2,4,1,0,8,7.187,0.4286,0.125,0.4286,9,4.2,0.2379,1.125e+07,1.151e+06,1.24e+07,1.861e+05,0.01501
1234,17.85,Zone commerciale Annœullin,commercial_zone,FR,FRE11,Nord,2.944,50.53,18.69,,18.76,7,2,3,1,1,0,1,0,2,0,0,8,7.715,0.2857,0,0.2857,3,23,0.1246,6.228e+06,1.046e+07,1.669e+07,1.473e+06,0.08827
1235,17.73,Zone commerciale Porte-de-Savoie,commercial_zone,FR,FRK27,Savoie,6.032,45.51,64.11,,12.73,8,1,3,0,1,0,0,2,4,3,0,10,9.524,0.125,0.2727,0.375,9,1.5,0.2511,2.255e+06,1.933e+05,2.448e+06,4.138e+04,0.0169
1236,17.7,Zone d'Activités du Tréhoul – Vitry-en-Artois,commercial_zone,FR,FRE12,Pas-de-Calais,3,50.33,29.79,,16.91,7,4,1,1,3,0,0,1,1,0,0,7,6.727,0.5714,0,0.8571,4,6,0.2823,8.832e+06,3.09e+06,1.192e+07,4.062e+05,0.03407
1237,17.69,Zone commerciale Longuyon,commercial_zone,FR,FRF31,Meurthe-et-Moselle ,5.617,49.43,8.224,,10.17,5,2,3,0,2,0,0,3,0,0,0,3,2.586,0.4,0,1,12,3,0.2394,3.1e+07,1.375e+06,3.237e+07,2.981e+06,0.09208
1238,17.59,Zone commerciale Mons,commercial_zone,BE,BE323,Arr. Mons,3.976,50.45,11.14,,6.759,8,1,7,0,1,0,0,2,2,3,0,8,7.579,0.125,0.2727,0.375,13,1.5,0.2299,3.793e+07,1.009e+06,3.894e+07,4.68e+06,0.1202
1239,17.5,Zone commerciale La Sentinelle,commercial_zone,FR,FRE11,Nord,3.48,50.35,12.96,,5.974,5,3,1,0,3,0,0,1,0,1,0,3,2.586,0.6,0.1667,0.6,4,4.5,0.3038,1.722e+07,3.475e+06,2.069e+07,1.767e+06,0.0854
1240,17.38,Parc d'activité de la Menoge – Bonne,commercial_zone,FR,FRK28,Haute-Savoie,6.314,46.17,5.731,,7.664,7,3,4,1,2,0,0,2,2,0,0,8,7.715,0.4286,0,0.5714,10,4.5,0.2261,2.466e+07,2.271e+06,2.693e+07,4.941e+06,0.1835
1241,17.32,Curie Lavage – Calais,commercial_zone,FR,FRE12,Pas-de-Calais,1.862,50.94,50.53,,13.69,11,4,6,2,1,1,0,1,0,2,0,10,9.698,0.3636,0.1538,0.6364,9,5.7,0.2298,8.189e+06,1.247e+06,9.436e+06,2.747e+05,0.02912
1242,17.28,Zone Commerciale du Heckenwald – Saint-Avold,commercial_zone,FR,FRF33,Moselle,6.682,49.11,7.3,,10.15,6,4,2,3,1,0,0,0,2,0,0,6,5.657,0.6667,0,0.6667,2,6,0.3019,8.375e+06,3.716e+06,1.209e+07,1.69e+06,0.1398
1243,17.25,Zone commerciale Herbolzheim,commercial_zone,DE,DE133,Emmendingen,7.765,48.22,7.006,,7.341,8,3,5,1,0,2,0,2,1,1,0,8,7.715,0.375,0.1111,0.5,11,3.9,0.2239,2.403e+07,2.246e+06,2.628e+07,1.648e+06,0.0627
1244,17.16,Zone commerciale Auchel,commercial_zone,FR,FRE12,Pas-de-Calais,2.476,50.51,32.5,,5.822,5,3,2,3,0,0,0,1,0,1,0,4,3.789,0.6,0.1667,0.4,5,4.5,0.2931,9.973e+06,1.577e+06,1.155e+07,5.424e+04,0.004696
1245,17.1,Zone commerciale Ludwigsthal,commercial_zone,DE,DEC03,Neunkirchen,7.221,49.35,22.46,,9.059,7,2,5,1,0,1,0,2,2,1,0,8,7.715,0.2857,0.125,0.8571,11,2.7,0.2339,3.314e+07,1.971e+06,3.511e+07,2.053e+06,0.05847
1246,17.03,La Briqueterie – Guise,commercial_zone,FR,FRE21,Aisne,3.647,49.91,36.36,,16.35,7,2,5,1,1,0,0,2,1,2,0,6,5.657,0.2857,0.2222,0.7143,11,3,0.2345,2.813e+07,1.121e+06,2.925e+07,4.648e+04,0.001589
1247,17.02,Zone commerciale Maizières-lès-Metz,commercial_zone,FR,FRF33,Moselle,6.171,49.22,26.93,,9.925,5,1,4,1,0,0,0,1,2,4,0,6,5.742,0.2,0.4444,1,7,1.5,0.2925,2.594e+07,1.214e+06,2.716e+07,1.754e+06,0.0646
1248,16.7,Les Portes du Ternois – Saint-Pol-sur-Ternoise,commercial_zone,FR,FRE12,Pas-de-Calais,2.349,50.39,48.97,,9.914,7,1,6,0,1,0,0,3,0,0,0,4,3.586,0.1429,0,1,15,1.5,0.2021,9.423e+06,2.725e+05,9.695e+06,1.378e+04,0.001421
1249,16.51,Zone commerciale Arques,commercial_zone,FR,FRE12,Pas-de-Calais,2.28,50.74,25.69,,10.56,7,3,4,1,0,2,0,2,1,0,0,7,6.727,0.4286,0,0.7143,10,3.9,0.2267,2.762e+07,1.469e+06,2.908e+07,3.013e+05,0.01036
1250,16.5,Zone commerciale Wildtal,commercial_zone,DE,DE131,"Freiburg im Breisgau, Stadtkreis",7.86,48.03,18.67,,8.984,5,2,2,0,1,1,0,1,2,3,0,6,5.742,0.4,0.375,0.8,5,2.7,0.2855,1.403e+07,1.881e+06,1.591e+07,8.102e+05,0.05092
1251,16.46,ZA de Pastabrac – Montazels,commercial_zone,FR,FRJ11,Aude,2.236,42.94,53.1,,6.655,11,3,5,0,2,1,0,2,2,1,0,10,9.441,0.2727,0.08333,0.2727,11,4.2,0.1861,2.022e+06,3.189e+05,2.341e+06,0,0
1252,16.15,Zone commerciale Rinklingen,commercial_zone,DE,DE123,"Karlsruhe, Landkreis",8.691,49.04,34.53,,7.367,9,4,4,0,3,1,0,1,0,2,0,8,7.715,0.4444,0.1818,0.4444,7,5.7,0.2374,1.115e+07,2.09e+06,1.324e+07,4.243e+04,0.003205
1253,16.03,Zone commerciale Issenheim,commercial_zone,FR,FRF12,Haut-Rhin,7.241,47.9,23.81,,5.467,8,3,5,2,1,0,0,2,0,0,0,6,5.657,0.375,0,0.75,11,4.5,0.1979,2.176e+07,2.117e+06,2.388e+07,9.281e+05,0.03887
1254,15.81,Zone commerciale Perpignan,commercial_zone,FR,FRJ15,Pyrénées-Orientales,2.884,42.69,23.27,,6.847,6,2,4,2,0,0,0,1,5,1,0,10,9.698,0.3333,0.1429,1.333,7,3,0.2415,1.552e+07,1.289e+06,1.681e+07,1.36e+05,0.00809
1255,15.63,ZAC du Tir à loques – Mons-en-Barœul,commercial_zone,FR,FRE11,Nord,3.142,50.64,7.287,,42.19,6,0,3,0,0,0,0,0,1,8,0,7,7,0,0.5714,0.6667,3,0,0.2835,1.548e+07,0,1.548e+07,2.363e+06,0.1527
1256,15.59,Zone commerciale Saint-Jean,commercial_zone,FR,FRL02,Hautes-Alpes ,6.053,44.54,63.79,,8.582,6,0,4,0,0,0,0,3,0,1,0,4,3.464,0,0.1429,0.6667,13,0,0.215,1.917e+05,0,1.917e+05,0,0
1256,15.59,Gewerbepark Römerstraße – Abtei,commercial_zone,DE,DEB22,Bernkastel-Wittlich,6.953,49.68,40.37,,10.02,6,3,3,0,3,0,0,1,1,1,0,7,7,0.5,0.1429,0.5,6,4.5,0.2474,8.06e+06,1.732e+06,9.793e+06,5.262e+05,0.05373
1258,15.5,Zone d'Activité Commerciale et Santé de Nousty – Nousty,commercial_zone,FR,FRI15,Pyrénées-Atlantiques,-0.2107,43.27,47.71,,9.364,5,3,2,1,2,0,0,0,4,0,0,8,7.715,0.6,0,0.6,2,4.5,0.2714,6.526e+05,6.721e+05,1.325e+06,0,0
1259,15.42,La Tourre – Colomars,commercial_zone,FR,FRL03,Alpes-Maritimes,7.201,43.76,17.38,,6.703,5,1,2,0,1,0,0,2,0,2,0,3,2.872,0.2,0.2857,1,8,1.5,0.2486,1.482e+07,7.761e+05,1.559e+07,1.357e+05,0.008702
1260,15.39,Delvaux Percy Audi – Gembloux,commercial_zone,BE,BE310,Arr. Nivelles,4.69,50.57,46.32,,8.504,7,2,4,0,1,1,0,2,2,1,0,7,6.614,0.2857,0.125,0.7143,10,2.7,0.2113,9.443e+06,8.972e+05,1.034e+07,5.692e+04,0.005505
1261,15.27,Zone commerciale Port,commercial_zone,FR,FRK21,Ain,5.567,46.17,30.36,,22.27,7,3,4,0,3,0,0,1,2,1,0,8,7.715,0.4286,0.125,0.7143,7,4.5,0.2293,2.291e+07,1.384e+06,2.43e+07,1.758e+05,0.007238
1262,15.23,Zone commerciale Loison-sous-Lens,commercial_zone,FR,FRE12,Pas-de-Calais,2.864,50.45,27.53,,15.53,9,1,5,0,1,0,0,2,1,1,0,7,6.598,0.1111,0.1,1,11,1.5,0.2018,4.436e+07,9.879e+05,4.535e+07,8.147e+05,0.01796
1263,15.19,PAE Monplaisir Sud – Mirepeix,commercial_zone,FR,FRI15,Pyrénées-Atlantiques,-0.2391,43.19,37.7,,46.16,6,2,4,2,0,0,0,2,2,1,0,5,4.757,0.3333,0.1429,0.6667,10,3,0.2105,1.238e+07,4.598e+05,1.284e+07,0,0
1264,15.14,Zone commerciale Genval,commercial_zone,BE,BE241,Arr. Halle-Vilvoorde,4.514,50.72,53.04,,8.436,8,3,5,0,2,1,0,2,0,0,0,7,6.727,0.375,0,0.5,11,4.2,0.1902,2.355e+06,7.192e+05,3.074e+06,5.197e+04,0.01691
1265,15.04,Parc du Moulin – Herlin-le-Sec,commercial_zone,FR,FRE12,Pas-de-Calais,2.333,50.36,51.7,,20.95,9,4,4,0,3,1,0,1,0,1,0,7,6.614,0.4444,0.1,0.7778,7,5.7,0.2173,2.902e+06,8.334e+05,3.736e+06,6287,0.001683
1266,14.83,Zone commerciale Ludwigsbourg,commercial_zone,DE,DE115,Ludwigsburg,9.182,48.89,70.08,,5.292,6,3,2,0,1,2,0,1,2,1,0,7,6.727,0.5,0.1429,0.5,5,3.9,0.2439,3.465e+05,3.266e+05,6.731e+05,564,0.0008379
1267,14.69,Zone commerciale Vantoux,commercial_zone,FR,FRF33,Moselle,6.221,49.12,34.97,,6.862,7,1,3,0,1,0,0,1,1,5,0,7,6.727,0.1429,0.4167,0.4286,6,1.5,0.2495,1.666e+07,9.63e+05,1.762e+07,7.599e+05,0.04312
1268,14.54,Zone commerciale Erquinghem-Lys,commercial_zone,FR,FRE11,Nord,2.841,50.69,2.826,,9.82,8,3,3,0,2,1,0,1,0,2,0,7,6.727,0.375,0.2,0.75,6,4.2,0.2264,2.045e+07,2.739e+06,2.319e+07,3.067e+06,0.1323
1269,14.45,Zone d'activités économiques des Esserts – Loisin,commercial_zone,FR,FRK28,Haute-Savoie,6.307,46.3,3.905,,9.562,5,1,4,0,1,0,0,3,1,0,0,4,3.464,0.2,0,0.6,13,1.5,0.1817,2.076e+07,5.814e+05,2.134e+07,4.075e+06,0.1909
1270,14.38,Saint-Laurent-de-la-Salanque,city_centre,FR,FRJ15,Pyrénées-Orientales,2.989,42.77,32.44,1.001e+04,,15,5,10,2,2,1,0,0,3,2,1,10,7.637,0.3333,0.1176,0.06667,15,7.2,0.0996,1.723e+07,1.725e+06,1.896e+07,9.287e+04,0.004899
1271,14.36,Zone d'activités de Clermont – Pont-de-Beauvoisin,commercial_zone,FR,FRK24,Isère,5.649,45.54,69.86,,13.93,5,1,4,1,0,0,0,3,2,0,0,5,4.371,0.2,0,0.4,13,1.5,0.1712,2.594e+05,3.987e+04,2.992e+05,1.18e+04,0.03943
1272,14.27,Les commerces du Mas Jean – Villeneuve-la-Rivière,commercial_zone,FR,FRJ15,Pyrénées-Orientales,2.813,42.69,24.7,,5.527,12,2,10,1,1,0,0,1,2,2,0,11,10.4,0.1667,0.1429,0.1667,13,3,0.1567,2.359e+07,1.085e+06,2.468e+07,1.513e+05,0.006131
1273,14.24,Zone commerciale Verniolle,commercial_zone,FR,FRJ21,Ariège,1.643,43.07,45.57,,8.719,6,2,2,0,1,1,0,1,3,2,0,9,9,0.3333,0.25,0.5,5,2.7,0.236,2.993e+06,6.044e+05,3.597e+06,0,0
1274,13.96,Zone commerciale Dombasle-sur-Meurthe,commercial_zone,FR,FRF31,Meurthe-et-Moselle ,6.353,48.61,67.88,,9.955,6,2,4,0,2,0,0,2,4,0,0,7,6.261,0.3333,0,0.5,10,3,0.1752,3.203e+05,9.078e+04,4.111e+05,0,0
1275,13.89,Zone commerciale de Baralle – Baralle,commercial_zone,FR,FRE12,Pas-de-Calais,3.065,50.22,37.45,,18.69,5,2,2,0,1,1,0,1,2,1,0,7,7,0.4,0.1667,1,5,2.7,0.238,5.661e+06,9.61e+05,6.622e+06,1.351e+05,0.02041
1276,13.4,ZAC Saint-Jean – Courcelles-Chaussy,commercial_zone,FR,FRF33,Moselle,6.391,49.11,24.89,,5.251,5,1,2,0,1,0,0,2,4,0,0,8,7.715,0.2,0,0.8,8,1.5,0.1966,9.171e+06,5.234e+05,9.695e+06,3.544e+05,0.03655
1277,13.08,ZAC du Carouge – Châteauneuf,commercial_zone,FR,FRK27,Savoie,6.164,45.55,53.76,,10.57,6,3,1,0,3,0,0,1,3,0,0,7,6.24,0.5,0,0.5,4,4.5,0.2045,1.118e+06,4.968e+05,1.614e+06,2.162e+04,0.01339
1278,13.04,Zone commerciale Bethoncourt,commercial_zone,FR,FRC21,Doubs,6.799,47.53,14.29,,5.537,6,2,3,0,2,0,0,1,1,2,0,7,7,0.3333,0.25,0.5,6,3,0.2142,1.715e+07,1.577e+06,1.872e+07,5.105e+05,0.02727
1279,12.84,Zone artisanale de la Zouzette – Luxeuil-les-Bains,commercial_zone,FR,FRC23,Haute-Saône,6.397,47.82,56.87,,5.611,7,4,3,1,3,0,0,0,0,1,0,7,7,0.5714,0.125,0.1429,3,6,0.219,4.172e+05,4.64e+05,8.812e+05,1.684e+04,0.01911
1280,12.8,Espace commercial Grimont-Sud – Poligny,commercial_zone,FR,FRC22,Jura,5.688,46.84,43.5,,6.1,6,1,5,0,1,0,0,1,2,2,0,8,8,0.1667,0.25,0.5,8,1.5,0.2057,1.61e+06,1.349e+05,1.745e+06,283.2,0.0001622
1281,12.72,Eurolacq 2 – Artix,commercial_zone,FR,FRI15,Pyrénées-Atlantiques,-0.5542,43.39,49.77,,5.829,5,2,2,0,2,0,0,1,0,1,0,5,5,0.4,0.1667,1,5,3,0.22,1.277e+06,3.307e+05,1.608e+06,611.9,0.0003806
1282,12.65,Le Rotonde Centro Commerciale – Cigliano,commercial_zone,IT,ITC11,Torino,8.03,45.32,66.95,,8.47,7,2,5,0,1,1,0,2,0,1,0,6,5.742,0.2857,0.125,0.2857,11,2.7,0.1666,6.908e+05,2.249e+05,9.157e+05,0,0
1283,12.14,Zone commerciale Loos-en-Gohelle,commercial_zone,FR,FRE12,Pas-de-Calais,2.8,50.45,28.44,,8.492,5,1,4,0,1,0,0,2,0,1,0,4,3.789,0.2,0.1667,0.4,10,1.5,0.1789,3.739e+07,9.031e+05,3.829e+07,4.917e+05,0.01284
1284,12.09,Zone commerciale Gerlingen,commercial_zone,DE,DE111,"Stuttgart, Stadtkreis",9.077,48.81,64.41,,6.509,6,2,3,1,1,0,0,1,2,1,0,8,8,0.3333,0.1429,0.5,6,3,0.1928,6.139e+05,3.004e+05,9.144e+05,1645,0.001799
1285,11.54,Zone commerciale Poisy,commercial_zone,FR,FRK28,Haute-Savoie,6.085,45.92,24.24,,13.24,6,2,4,0,2,0,0,0,2,2,0,8,8,0.3333,0.25,0.5,4,3,0.2016,8.99e+06,1.137e+06,1.013e+07,8.007e+05,0.07907
1286,11.44,Zone commerciale Caudry,commercial_zone,FR,FRE11,Nord,3.415,50.11,29.93,,6.343,8,2,5,0,2,0,0,1,0,1,0,8,8,0.25,0.1111,0.5,8,3,0.1662,1.288e+07,8.848e+05,1.376e+07,4.47e+04,0.003249
1287,11.38,Zone commerciale Lambusart,commercial_zone,BE,BE32B,Arr. Charleroi,4.531,50.46,31.11,,7.141,7,2,3,0,2,0,0,1,1,1,0,7,6.727,0.2857,0.125,0.7143,6,3,0.1777,2.262e+07,1.919e+06,2.453e+07,2.414e+05,0.00984
1288,11.35,Parc d'activité des Verts Prés – Annecy,commercial_zone,FR,FRK28,Haute-Savoie,6.11,45.89,27.41,,7.529,5,2,2,0,2,0,0,0,4,2,0,7,6.24,0.4,0.2857,0.4,2,3,0.2016,4.398e+06,1.083e+06,5.481e+06,4.491e+05,0.08194
1289,11.13,Zone commerciale Fraineux,commercial_zone,BE,BE331,Arr. Huy,5.395,50.5,53.66,,6.604,6,3,2,0,2,1,0,0,1,2,0,7,7,0.5,0.25,0,2,4.2,0.1977,5.088e+05,5.31e+05,1.04e+06,4051,0.003896
1290,11.12,Zone d'activités À l'Ambouchi – Pontarlier,commercial_zone,FR,FRC21,Doubs,6.366,46.89,6.403,,9.935,10,3,5,1,2,0,0,0,3,0,0,12,11.69,0.3,0,0.4,5,4.5,0.1576,8.767e+06,1.535e+06,1.03e+07,2.161e+06,0.2098
1291,10.86,Zone commerciale Susville,commercial_zone,FR,FRK24,Isère,5.782,44.92,69.56,,6.665,5,1,2,0,1,0,0,2,0,0,0,4,3.789,0.2,0,0.8,8,1.5,0.1658,3.606e+04,1814,3.787e+04,0,0
1292,10.74,ZAC des Alpins – Bourg-Saint-Maurice,commercial_zone,FR,FRK27,Savoie,6.77,45.61,10.72,,11.21,6,3,2,1,2,0,0,0,1,0,0,7,7,0.5,0,0.5,2,4.5,0.1896,2.728e+06,1.252e+06,3.98e+06,1.642e+04,0.004125
1293,10.33,Zone commerciale Arbin,commercial_zone,FR,FRK27,Savoie,6.077,45.51,61.63,,8.093,6,2,1,0,2,0,0,0,3,2,0,8,7.715,0.3333,0.25,0.3333,1,3,0.1841,2.167e+05,3.25e+05,5.416e+05,2.338e+04,0.04317
1294,9.796,Zone commerciale Saint-Martin-d'Arrossa,commercial_zone,FR,FRI15,Pyrénées-Atlantiques,-1.299,43.23,6.505,,6.956,8,1,5,1,0,0,0,1,1,1,0,9,9,0.125,0.1111,0.25,8,1.5,0.142,2.708e+07,3.09e+05,2.739e+07,1.751e+05,0.006393
1295,9.718,Relais Lille Périphérique – La Madeleine,commercial_zone,FR,FRE11,Nord,3.059,50.65,11.14,,11.78,6,2,2,0,1,1,0,1,1,0,0,7,7,0.3333,0,0.6667,5,2.7,0.1603,1.997e+07,1.906e+06,2.188e+07,2.746e+06,0.1255
1296,9.247,Zone commerciale Anzin-Saint-Aubin,commercial_zone,FR,FRE12,Pas-de-Calais,2.761,50.31,43.33,,28.42,5,2,3,0,2,0,0,1,0,0,0,5,5,0.4,0,0.6,6,3,0.1537,7.696e+06,1.032e+06,8.728e+06,1.43e+05,0.01639
1297,9.13,Zone d'activités Pôle 201 – Sausheim,commercial_zone,FR,FRF12,Haut-Rhin,7.389,47.78,10.63,,62.53,6,0,4,0,0,0,0,1,2,1,0,7,6.727,0,0.1429,0.5,7,0,0.1537,1.923e+07,0,1.923e+07,2.477e+06,0.1288
1298,8.687,ZAE Chez Chamoux – Chavanod,commercial_zone,FR,FRK28,Haute-Savoie,6.063,45.88,28.19,,10.74,6,1,5,0,1,0,0,0,4,2,0,9,8.706,0.1667,0.25,0.1667,5,1.5,0.1476,6.427e+06,3.842e+05,6.811e+06,3.662e+05,0.05377
1299,8.389,Zone d'activité des Contamines – Reignier,commercial_zone,FR,FRK28,Haute-Savoie,6.267,46.12,7.889,,7.534,7,1,6,0,0,1,0,1,3,0,0,10,10,0.1429,0,0.1429,9,1.2,0.1129,1.238e+07,4.188e+05,1.28e+07,2.838e+06,0.2217
1300,8.184,Zone commerciale Saint-Saulve,commercial_zone,FR,FRE11,Nord,3.54,50.37,8.358,,7.345,5,1,2,0,1,0,0,1,0,0,0,5,5,0.2,0,1,5,1.5,0.1422,1.338e+07,7.746e+05,1.416e+07,1.383e+06,0.09771
1301,7.928,Zone commerciale Albertville,commercial_zone,FR,FRK27,Savoie,6.382,45.66,34.04,,5.506,5,0,4,0,0,0,0,1,1,0,0,6,6,0,0,0.8,7,0,0.1347,1.41e+07,0,1.41e+07,9886,0.000701
1302,3.21,Zone artisanale du Rain Brice – Le Tholy,commercial_zone,FR,FRF34,Vosges,6.765,48.09,59.91,,5.392,5,0,5,0,0,0,0,0,1,1,0,3,2.381,0,0.1667,0,5,0,0.05711,6.459e+04,0,6.459e+04,0,0
